<?xml version="1.0" encoding="UTF-8"?>
<office:document-content xmlns:office="urn:oasis:names:tc:opendocument:xmlns:office:1.0" xmlns:style="urn:oasis:names:tc:opendocument:xmlns:style:1.0" xmlns:text="urn:oasis:names:tc:opendocument:xmlns:text:1.0" xmlns:table="urn:oasis:names:tc:opendocument:xmlns:table:1.0" xmlns:draw="urn:oasis:names:tc:opendocument:xmlns:drawing:1.0" xmlns:fo="urn:oasis:names:tc:opendocument:xmlns:xsl-fo-compatible:1.0" xmlns:xlink="http://www.w3.org/1999/xlink" xmlns:dc="http://purl.org/dc/elements/1.1/" xmlns:meta="urn:oasis:names:tc:opendocument:xmlns:meta:1.0" xmlns:number="urn:oasis:names:tc:opendocument:xmlns:datastyle:1.0" xmlns:svg="urn:oasis:names:tc:opendocument:xmlns:svg-compatible:1.0" xmlns:chart="urn:oasis:names:tc:opendocument:xmlns:chart:1.0" xmlns:dr3d="urn:oasis:names:tc:opendocument:xmlns:dr3d:1.0" xmlns:math="http://www.w3.org/1998/Math/MathML" xmlns:form="urn:oasis:names:tc:opendocument:xmlns:form:1.0" xmlns:script="urn:oasis:names:tc:opendocument:xmlns:script:1.0" xmlns:ooo="http://openoffice.org/2004/office" xmlns:ooow="http://openoffice.org/2004/writer" xmlns:oooc="http://openoffice.org/2004/calc" xmlns:dom="http://www.w3.org/2001/xml-events" xmlns:xforms="http://www.w3.org/2002/xforms" xmlns:xsd="http://www.w3.org/2001/XMLSchema" xmlns:xsi="http://www.w3.org/2001/XMLSchema-instance" xmlns:rpt="http://openoffice.org/2005/report" xmlns:of="urn:oasis:names:tc:opendocument:xmlns:of:1.2" xmlns:xhtml="http://www.w3.org/1999/xhtml" xmlns:grddl="http://www.w3.org/2003/g/data-view#" xmlns:officeooo="http://openoffice.org/2009/office" xmlns:tableooo="http://openoffice.org/2009/table" xmlns:drawooo="http://openoffice.org/2010/draw" xmlns:calcext="urn:org:documentfoundation:names:experimental:calc:xmlns:calcext:1.0" xmlns:loext="urn:org:documentfoundation:names:experimental:office:xmlns:loext:1.0" xmlns:field="urn:openoffice:names:experimental:ooo-ms-interop:xmlns:field:1.0" xmlns:formx="urn:openoffice:names:experimental:ooxml-odf-interop:xmlns:form:1.0" xmlns:css3t="http://www.w3.org/TR/css3-text/" office:version="1.2"><office:scripts/><office:font-face-decls><style:font-face style:name="FreeSans1" svg:font-family="FreeSans"/><style:font-face style:name="Liberation Sans" svg:font-family="&apos;Liberation Sans&apos;, sans-serif"/><style:font-face style:name="Noto Sans CJK SC Regular1" svg:font-family="&apos;Noto Sans CJK SC Regular&apos;"/><style:font-face style:name="FreeSans2" svg:font-family="FreeSans" style:font-family-generic="swiss"/><style:font-face style:name="Liberation Serif" svg:font-family="&apos;Liberation Serif&apos;" style:font-family-generic="roman" style:font-pitch="variable"/><style:font-face style:name="Thorndale" svg:font-family="Thorndale" style:font-family-generic="roman" style:font-pitch="variable"/><style:font-face style:name="Albany" svg:font-family="Albany" style:font-family-generic="swiss" style:font-pitch="variable"/><style:font-face style:name="FreeSans" svg:font-family="FreeSans" style:font-family-generic="system" style:font-pitch="variable"/><style:font-face style:name="Noto Sans CJK SC Regular" svg:font-family="&apos;Noto Sans CJK SC Regular&apos;" style:font-family-generic="system" style:font-pitch="variable"/></office:font-face-decls><office:automatic-styles><style:style style:name="P1" style:family="paragraph" style:parent-style-name="Heading_20_2"><style:paragraph-properties fo:line-height="150%"/></style:style><style:style style:name="P2" style:family="paragraph" style:parent-style-name="Heading_20_2"><style:paragraph-properties fo:line-height="150%"/><style:text-properties style:font-name="Liberation Sans" fo:font-size="12pt"/></style:style><style:style style:name="P3" style:family="paragraph" style:parent-style-name="Heading_20_2"><style:paragraph-properties fo:line-height="150%" fo:break-before="page"/><style:text-properties style:font-name="Liberation Sans" fo:font-size="12pt"/></style:style><style:style style:name="P4" style:family="paragraph" style:parent-style-name="Text_20_body" style:master-page-name="HTML"><style:paragraph-properties fo:margin-top="0cm" fo:margin-bottom="0cm" loext:contextual-spacing="false" fo:line-height="150%" fo:text-align="start" style:justify-single-word="false" style:page-number="auto"/></style:style><style:style style:name="P5" style:family="paragraph" style:parent-style-name="Text_20_body"><style:paragraph-properties fo:margin-top="0cm" fo:margin-bottom="0cm" loext:contextual-spacing="false" fo:line-height="150%" fo:text-align="justify" style:justify-single-word="false"/></style:style><style:style style:name="P6" style:family="paragraph" style:parent-style-name="Text_20_body"><style:paragraph-properties fo:margin-top="0cm" fo:margin-bottom="0cm" loext:contextual-spacing="false" fo:line-height="150%" fo:text-align="justify" style:justify-single-word="false"/><style:text-properties style:font-name="Liberation Sans" fo:font-size="12pt"/></style:style><style:style style:name="P7" style:family="paragraph" style:parent-style-name="Text_20_body"><style:paragraph-properties fo:margin-top="0cm" fo:margin-bottom="0cm" loext:contextual-spacing="false" fo:line-height="150%" fo:text-align="start" style:justify-single-word="false" fo:break-before="page"/></style:style><style:style style:name="T1" style:family="text"><style:text-properties style:font-name="Liberation Sans" fo:font-size="12pt"/></style:style><style:style style:name="T2" style:family="text"><style:text-properties style:font-name="Liberation Sans" fo:font-size="12pt" fo:font-weight="bold"/></style:style><style:style style:name="T3" style:family="text"><style:text-properties style:font-name="Liberation Sans" fo:font-size="12pt" fo:font-weight="normal"/></style:style><style:style style:name="T4" style:family="text"><style:text-properties fo:font-variant="normal" fo:text-transform="none"/></style:style><style:style style:name="T5" style:family="text"><style:text-properties fo:font-variant="normal" fo:text-transform="none" style:font-name="Liberation Sans" fo:font-size="12pt" fo:font-style="normal" fo:font-weight="normal"/></style:style><style:style style:name="T6" style:family="text"><style:text-properties fo:color="#000000"/></style:style><style:style style:name="T7" style:family="text"><style:text-properties fo:color="#000000" style:font-name="Liberation Sans" fo:font-size="12pt" fo:font-weight="normal"/></style:style><style:style style:name="T8" style:family="text"><style:text-properties fo:color="#000099" style:text-line-through-style="none" style:text-line-through-type="none" style:font-name="Liberation Sans" fo:font-size="12pt" style:text-underline-style="none" fo:font-weight="bold" style:text-blinking="false"/></style:style><style:style style:name="fr1" style:family="graphic" style:parent-style-name="Graphics"><style:graphic-properties style:wrap="right" style:number-wrapped-paragraphs="no-limit" style:wrap-contour="false" style:vertical-pos="top" style:vertical-rel="paragraph-content" style:horizontal-pos="left" style:horizontal-rel="paragraph" style:mirror="none" fo:clip="rect(0cm, 0cm, 0cm, 0cm)" draw:luminance="0%" draw:contrast="0%" draw:red="0%" draw:green="0%" draw:blue="0%" draw:gamma="100%" draw:color-inversion="false" draw:image-opacity="100%" draw:color-mode="standard"/></style:style><style:style style:name="Sect1" style:family="section"><style:section-properties style:writing-mode="lr-tb" style:editable="false"><style:columns fo:column-count="1" fo:column-gap="0cm"/></style:section-properties></style:style></office:automatic-styles><office:body><office:text text:use-soft-page-breaks="true"><text:sequence-decls><text:sequence-decl text:display-outline-level="0" text:name="Illustration"/><text:sequence-decl text:display-outline-level="0" text:name="Table"/><text:sequence-decl text:display-outline-level="0" text:name="Text"/><text:sequence-decl text:display-outline-level="0" text:name="Drawing"/></text:sequence-decls><text:section text:style-name="Sect1" text:name="texto"><text:p text:style-name="P4"><draw:frame draw:style-name="fr1" draw:name="Figura1" text:anchor-type="paragraph" svg:width="17.013cm" svg:height="24.897cm" draw:z-index="0"><draw:image xlink:href="Pictures/1000020100000A5D00000F2F4524012A419E3023.png" xlink:type="simple" xlink:show="embed" xlink:actuate="onLoad"/></draw:frame><office:annotation><dc:date>2018-07-29T09:37:16.077725970</dc:date><text:p>HTML: &lt;meta name=&quot;created&quot; content=&quot;00:00:00&quot;&gt;</text:p></office:annotation><office:annotation><dc:date>2018-07-29T09:37:16.077747146</dc:date><text:p>HTML: &lt;meta name=&quot;changed&quot; content=&quot;2018-07-29T09:18:09.093428147&quot;&gt;</text:p></office:annotation><office:annotation><dc:date>2018-07-29T09:37:16.077757724</dc:date><text:p>HTML: &lt;meta name=&quot;created&quot; content=&quot;00:00:00&quot;&gt;</text:p></office:annotation><office:annotation><dc:date>2018-07-29T09:37:16.077768464</dc:date><text:p>HTML: &lt;meta name=&quot;changed&quot; content=&quot;2018-07-29T07:59:25.589086915&quot;&gt;</text:p></office:annotation><office:annotation><dc:date>2018-07-29T09:37:16.077778254</dc:date><text:p>HTML: &lt;meta name=&quot;created&quot; content=&quot;00:00:00&quot;&gt;</text:p></office:annotation><office:annotation><dc:date>2018-07-29T09:37:16.077789412</dc:date><text:p>HTML: &lt;meta name=&quot;changed&quot; content=&quot;2018-07-24T12:48:34.499751990&quot;&gt;</text:p></office:annotation><office:annotation><dc:date>2018-07-29T09:37:16.077799390</dc:date><text:p>HTML: &lt;meta name=&quot;created&quot; content=&quot;00:00:00&quot;&gt;</text:p></office:annotation><office:annotation><dc:date>2018-07-29T09:37:16.077810791</dc:date><text:p>HTML: &lt;meta name=&quot;changed&quot; content=&quot;2018-07-23T18:39:41.744487679&quot;&gt;</text:p></office:annotation><office:annotation><dc:date>2018-07-29T09:37:16.077821535</dc:date><text:p>HTML: &lt;meta name=&quot;created&quot; content=&quot;00:00:00&quot;&gt;</text:p></office:annotation><office:annotation><dc:date>2018-07-29T09:37:16.077832109</dc:date><text:p>HTML: &lt;meta name=&quot;changed&quot; content=&quot;2018-07-23T18:36:53.694647734&quot;&gt;</text:p></office:annotation></text:p><text:p text:style-name="P7"><text:span text:style-name="Strong_20_Emphasis"><text:span text:style-name="T5"><office:annotation><dc:date>2018-07-29T09:37:17.324389140</dc:date><text:p>HTML: &lt;meta name=&quot;created&quot; content=&quot;00:00:00&quot;&gt;</text:p></office:annotation></text:span></text:span><text:span text:style-name="Strong_20_Emphasis"><text:span text:style-name="T5"><office:annotation><dc:date>2018-07-29T09:37:17.324421241</dc:date><text:p>HTML: &lt;meta name=&quot;changed&quot; content=&quot;2018-07-23T17:37:30.810521512&quot;&gt;</text:p></office:annotation></text:span></text:span><text:span text:style-name="Strong_20_Emphasis"><text:span text:style-name="T5"><office:annotation><dc:date>2018-07-29T09:37:17.324431699</dc:date><text:p>HTML: &lt;meta name=&quot;created&quot; content=&quot;00:00:00&quot;&gt;</text:p></office:annotation></text:span></text:span><text:span text:style-name="Strong_20_Emphasis"><text:span text:style-name="T5"><office:annotation><dc:date>2018-07-29T09:37:17.324442350</dc:date><text:p>HTML: &lt;meta name=&quot;changed&quot; content=&quot;2018-07-01T22:47:11.046414945&quot;&gt;</text:p></office:annotation></text:span></text:span><text:span text:style-name="Strong_20_Emphasis"><text:span text:style-name="T5"><office:annotation><dc:date>2018-07-29T09:37:17.324451696</dc:date><text:p>HTML: &lt;meta name=&quot;created&quot; content=&quot;00:00:00&quot;&gt;</text:p></office:annotation></text:span></text:span><text:span text:style-name="Strong_20_Emphasis"><text:span text:style-name="T5"><office:annotation><dc:date>2018-07-29T09:37:17.324461428</dc:date><text:p>HTML: &lt;meta name=&quot;changed&quot; content=&quot;2018-07-01T22:13:16.001692095&quot;&gt;</text:p></office:annotation></text:span></text:span><text:span text:style-name="Strong_20_Emphasis"><text:span text:style-name="T5"><office:annotation><dc:date>2018-07-29T09:37:17.324470431</dc:date><text:p>HTML: &lt;meta name=&quot;created&quot; content=&quot;00:00:00&quot;&gt;</text:p></office:annotation></text:span></text:span><text:span text:style-name="Strong_20_Emphasis"><text:span text:style-name="T5"><office:annotation><dc:date>2018-07-29T09:37:17.324479251</dc:date><text:p>HTML: &lt;meta name=&quot;changed&quot; content=&quot;00:00:00&quot;&gt;</text:p></office:annotation></text:span></text:span><text:span text:style-name="Strong_20_Emphasis"><text:span text:style-name="T5"><office:annotation><dc:date>2018-07-29T09:37:17.324487875</dc:date><text:p>HTML: &lt;meta name=&quot;created&quot; content=&quot;00:00:00&quot;&gt;</text:p></office:annotation></text:span></text:span><text:span text:style-name="Strong_20_Emphasis"><text:span text:style-name="T5"><office:annotation><dc:date>2018-07-29T09:37:17.324497626</dc:date><text:p>HTML: &lt;meta name=&quot;changed&quot; content=&quot;2018-06-29T22:40:27.905434121&quot;&gt;</text:p></office:annotation></text:span></text:span><text:span text:style-name="Strong_20_Emphasis"><text:span text:style-name="T5"><office:annotation><dc:date>2018-07-29T09:37:17.324506353</dc:date><text:p>HTML: &lt;meta name=&quot;created&quot; content=&quot;00:00:00&quot;&gt;</text:p></office:annotation></text:span></text:span><text:span text:style-name="Strong_20_Emphasis"><text:span text:style-name="T5"><office:annotation><dc:date>2018-07-29T09:37:17.324515940</dc:date><text:p>HTML: &lt;meta name=&quot;changed&quot; content=&quot;2018-06-29T22:19:54.818236607&quot;&gt;</text:p></office:annotation></text:span></text:span><text:span text:style-name="Strong_20_Emphasis"><text:span text:style-name="T5"><office:annotation><dc:date>2018-07-29T09:37:17.324524759</dc:date><text:p>HTML: &lt;meta name=&quot;created&quot; content=&quot;00:00:00&quot;&gt;</text:p></office:annotation></text:span></text:span><text:span text:style-name="Strong_20_Emphasis"><text:span text:style-name="T5"><office:annotation><dc:date>2018-07-29T09:37:17.324534097</dc:date><text:p>HTML: &lt;meta name=&quot;changed&quot; content=&quot;2018-06-29T16:48:09.289221502&quot;&gt;</text:p></office:annotation></text:span></text:span><text:span text:style-name="Strong_20_Emphasis"><text:span text:style-name="T5"><office:annotation><dc:date>2018-07-29T09:37:17.324542781</dc:date><text:p>HTML: &lt;meta name=&quot;created&quot; content=&quot;00:00:00&quot;&gt;</text:p></office:annotation></text:span></text:span><text:span text:style-name="Strong_20_Emphasis"><text:span text:style-name="T5"><office:annotation><dc:date>2018-07-29T09:37:17.324552381</dc:date><text:p>HTML: &lt;meta name=&quot;changed&quot; content=&quot;2018-06-28T13:04:28.492733451&quot;&gt;</text:p></office:annotation></text:span></text:span><text:span text:style-name="Strong_20_Emphasis"><text:span text:style-name="T5"><office:annotation><dc:date>2018-07-29T09:37:17.324560858</dc:date><text:p>HTML: &lt;meta name=&quot;created&quot; content=&quot;00:00:00&quot;&gt;</text:p></office:annotation></text:span></text:span><text:span text:style-name="Strong_20_Emphasis"><text:span text:style-name="T5"><office:annotation><dc:date>2018-07-29T09:37:17.324570181</dc:date><text:p>HTML: &lt;meta name=&quot;changed&quot; content=&quot;2018-06-26T16:14:44.639882738&quot;&gt;</text:p></office:annotation></text:span></text:span><text:span text:style-name="Strong_20_Emphasis"><text:span text:style-name="T5"><office:annotation><dc:date>2018-07-29T09:37:17.324578924</dc:date><text:p>HTML: &lt;meta name=&quot;created&quot; content=&quot;00:00:00&quot;&gt;</text:p></office:annotation></text:span></text:span><text:span text:style-name="Strong_20_Emphasis"><text:span text:style-name="T5"><office:annotation><dc:date>2018-07-29T09:37:17.324588271</dc:date><text:p>HTML: &lt;meta name=&quot;changed&quot; content=&quot;2018-06-26T00:07:28.897913089&quot;&gt;</text:p></office:annotation></text:span></text:span><text:span text:style-name="Strong_20_Emphasis"><text:span text:style-name="T5"><office:annotation><dc:date>2018-07-29T09:37:17.324596721</dc:date><text:p>HTML: &lt;meta name=&quot;created&quot; content=&quot;00:00:00&quot;&gt;</text:p></office:annotation></text:span></text:span><text:span text:style-name="Strong_20_Emphasis"><text:span text:style-name="T5"><office:annotation><dc:date>2018-07-29T09:37:17.324606227</dc:date><text:p>HTML: &lt;meta name=&quot;changed&quot; content=&quot;2018-06-25T20:14:42.039332923&quot;&gt;</text:p></office:annotation></text:span></text:span><text:span text:style-name="Strong_20_Emphasis"><text:span text:style-name="T5"><office:annotation><dc:date>2018-07-29T09:37:17.324614686</dc:date><text:p>HTML: &lt;meta name=&quot;created&quot; content=&quot;00:00:00&quot;&gt;</text:p></office:annotation></text:span></text:span><text:span text:style-name="Strong_20_Emphasis"><text:span text:style-name="T5"><office:annotation><dc:date>2018-07-29T09:37:17.324623988</dc:date><text:p>HTML: &lt;meta name=&quot;changed&quot; content=&quot;2018-06-24T22:32:07.411315002&quot;&gt;</text:p></office:annotation></text:span></text:span><text:span text:style-name="Strong_20_Emphasis"><text:span text:style-name="T5"><office:annotation><dc:date>2018-07-29T09:37:17.324632512</dc:date><text:p>HTML: &lt;meta name=&quot;created&quot; content=&quot;00:00:00&quot;&gt;</text:p></office:annotation></text:span></text:span><text:span text:style-name="Strong_20_Emphasis"><text:span text:style-name="T5"><office:annotation><dc:date>2018-07-29T09:37:17.324641773</dc:date><text:p>HTML: &lt;meta name=&quot;changed&quot; content=&quot;2018-06-24T15:42:01.493043692&quot;&gt;</text:p></office:annotation></text:span></text:span><text:span text:style-name="Strong_20_Emphasis"><text:span text:style-name="T5"><office:annotation><dc:date>2018-07-29T09:37:17.324650495</dc:date><text:p>HTML: &lt;meta name=&quot;created&quot; content=&quot;00:00:00&quot;&gt;</text:p></office:annotation></text:span></text:span><text:span text:style-name="Strong_20_Emphasis"><text:span text:style-name="T5"><office:annotation><dc:date>2018-07-29T09:37:17.324660065</dc:date><text:p>HTML: &lt;meta name=&quot;changed&quot; content=&quot;2018-06-24T09:30:05.416727667&quot;&gt;</text:p></office:annotation></text:span></text:span><text:span text:style-name="Strong_20_Emphasis"><text:span text:style-name="T5"><office:annotation><dc:date>2018-07-29T09:37:17.324668603</dc:date><text:p>HTML: &lt;meta name=&quot;created&quot; content=&quot;00:00:00&quot;&gt;</text:p></office:annotation></text:span></text:span><text:span text:style-name="Strong_20_Emphasis"><text:span text:style-name="T5"><office:annotation><dc:date>2018-07-29T09:37:17.324678238</dc:date><text:p>HTML: &lt;meta name=&quot;changed&quot; content=&quot;2018-06-23T16:36:03.100363804&quot;&gt;</text:p></office:annotation></text:span></text:span><text:span text:style-name="Strong_20_Emphasis"><text:span text:style-name="T5"><office:annotation><dc:date>2018-07-29T09:37:17.324686864</dc:date><text:p>HTML: &lt;meta name=&quot;created&quot; content=&quot;00:00:00&quot;&gt;</text:p></office:annotation></text:span></text:span><text:span text:style-name="Strong_20_Emphasis"><text:span text:style-name="T5"><office:annotation><dc:date>2018-07-29T09:37:17.324696100</dc:date><text:p>HTML: &lt;meta name=&quot;changed&quot; content=&quot;2018-06-23T11:36:03.222001170&quot;&gt;</text:p></office:annotation></text:span></text:span><text:span text:style-name="Strong_20_Emphasis"><text:span text:style-name="T5"><office:annotation><dc:date>2018-07-29T09:37:17.324704726</dc:date><text:p>HTML: &lt;meta name=&quot;created&quot; content=&quot;00:00:00&quot;&gt;</text:p></office:annotation></text:span></text:span><text:span text:style-name="Strong_20_Emphasis"><text:span text:style-name="T5"><office:annotation><dc:date>2018-07-29T09:37:17.324714118</dc:date><text:p>HTML: &lt;meta name=&quot;changed&quot; content=&quot;2018-06-21T23:23:09.057807835&quot;&gt;</text:p></office:annotation></text:span></text:span><text:span text:style-name="Strong_20_Emphasis"><text:span text:style-name="T5"><office:annotation><dc:date>2018-07-29T09:37:17.324722643</dc:date><text:p>HTML: &lt;meta name=&quot;created&quot; content=&quot;00:00:00&quot;&gt;</text:p></office:annotation></text:span></text:span><text:span text:style-name="Strong_20_Emphasis"><text:span text:style-name="T5"><office:annotation><dc:date>2018-07-29T09:37:17.324731980</dc:date><text:p>HTML: &lt;meta name=&quot;changed&quot; content=&quot;2018-06-21T17:55:17.865393136&quot;&gt;</text:p></office:annotation></text:span></text:span><text:span text:style-name="Strong_20_Emphasis"><text:span text:style-name="T5"><office:annotation><dc:date>2018-07-29T09:37:17.324740503</dc:date><text:p>HTML: &lt;meta name=&quot;created&quot; content=&quot;00:00:00&quot;&gt;</text:p></office:annotation></text:span></text:span><text:span text:style-name="Strong_20_Emphasis"><text:span text:style-name="T5"><office:annotation><dc:date>2018-07-29T09:37:17.324749707</dc:date><text:p>HTML: &lt;meta name=&quot;changed&quot; content=&quot;2018-06-21T12:21:22.763521742&quot;&gt;</text:p></office:annotation></text:span></text:span><text:span text:style-name="Strong_20_Emphasis"><text:span text:style-name="T5"><office:annotation><dc:date>2018-07-29T09:37:17.324758306</dc:date><text:p>HTML: &lt;meta name=&quot;created&quot; content=&quot;00:00:00&quot;&gt;</text:p></office:annotation></text:span></text:span><text:span text:style-name="Strong_20_Emphasis"><text:span text:style-name="T5"><office:annotation><dc:date>2018-07-29T09:37:17.324767613</dc:date><text:p>HTML: &lt;meta name=&quot;changed&quot; content=&quot;2018-06-20T18:34:19.830157535&quot;&gt;</text:p></office:annotation></text:span></text:span><text:span text:style-name="Strong_20_Emphasis"><text:span text:style-name="T5"><office:annotation><dc:date>2018-07-29T09:37:17.324776165</dc:date><text:p>HTML: &lt;meta name=&quot;created&quot; content=&quot;00:00:00&quot;&gt;</text:p></office:annotation></text:span></text:span><text:span text:style-name="Strong_20_Emphasis"><text:span text:style-name="T5"><office:annotation><dc:date>2018-07-29T09:37:17.324785555</dc:date><text:p>HTML: &lt;meta name=&quot;changed&quot; content=&quot;2018-06-19T12:54:18.844691454&quot;&gt;</text:p></office:annotation></text:span></text:span><text:span text:style-name="Strong_20_Emphasis"><text:span text:style-name="T5"><office:annotation><dc:date>2018-07-29T09:37:17.324794273</dc:date><text:p>HTML: &lt;meta name=&quot;created&quot; content=&quot;00:00:00&quot;&gt;</text:p></office:annotation></text:span></text:span><text:span text:style-name="Strong_20_Emphasis"><text:span text:style-name="T5"><office:annotation><dc:date>2018-07-29T09:37:17.324803622</dc:date><text:p>HTML: &lt;meta name=&quot;changed&quot; content=&quot;2018-06-18T23:20:12.738581285&quot;&gt;</text:p></office:annotation></text:span></text:span><text:span text:style-name="Strong_20_Emphasis"><text:span text:style-name="T5"><office:annotation><dc:date>2018-07-29T09:37:17.324812289</dc:date><text:p>HTML: &lt;meta name=&quot;created&quot; content=&quot;00:00:00&quot;&gt;</text:p></office:annotation></text:span></text:span><text:span text:style-name="Strong_20_Emphasis"><text:span text:style-name="T5"><office:annotation><dc:date>2018-07-29T09:37:17.324821719</dc:date><text:p>HTML: &lt;meta name=&quot;changed&quot; content=&quot;2018-06-18T20:39:37.890329984&quot;&gt;</text:p></office:annotation></text:span></text:span><text:span text:style-name="Strong_20_Emphasis"><text:span text:style-name="T5"><office:annotation><dc:date>2018-07-29T09:37:17.324830291</dc:date><text:p>HTML: &lt;meta name=&quot;created&quot; content=&quot;00:00:00&quot;&gt;</text:p></office:annotation></text:span></text:span><text:span text:style-name="Strong_20_Emphasis"><text:span text:style-name="T5"><office:annotation><dc:date>2018-07-29T09:37:17.324840456</dc:date><text:p>HTML: &lt;meta name=&quot;changed&quot; content=&quot;2018-06-18T12:45:23.879199387&quot;&gt;</text:p></office:annotation></text:span></text:span><text:span text:style-name="Strong_20_Emphasis"><text:span text:style-name="T5"><office:annotation><dc:date>2018-07-29T09:37:17.324849287</dc:date><text:p>HTML: &lt;meta name=&quot;created&quot; content=&quot;00:00:00&quot;&gt;</text:p></office:annotation></text:span></text:span><text:span text:style-name="Strong_20_Emphasis"><text:span text:style-name="T5"><office:annotation><dc:date>2018-07-29T09:37:17.324858738</dc:date><text:p>HTML: &lt;meta name=&quot;changed&quot; content=&quot;2018-06-17T20:02:02.143589569&quot;&gt;</text:p></office:annotation></text:span></text:span><text:span text:style-name="Strong_20_Emphasis"><text:span text:style-name="T5"><office:annotation><dc:date>2018-07-29T09:37:17.324867548</dc:date><text:p>HTML: &lt;meta name=&quot;created&quot; content=&quot;00:00:00&quot;&gt;</text:p></office:annotation></text:span></text:span><text:span text:style-name="Strong_20_Emphasis"><text:span text:style-name="T5"><office:annotation><dc:date>2018-07-29T09:37:17.324877042</dc:date><text:p>HTML: &lt;meta name=&quot;changed&quot; content=&quot;2018-06-17T19:45:54.789583280&quot;&gt;</text:p></office:annotation></text:span></text:span><text:span text:style-name="Strong_20_Emphasis"><text:span text:style-name="T5"><office:annotation><dc:date>2018-07-29T09:37:17.324886431</dc:date><text:p>HTML: &lt;meta name=&quot;created&quot; content=&quot;00:00:00&quot;&gt;</text:p></office:annotation></text:span></text:span><text:span text:style-name="Strong_20_Emphasis"><text:span text:style-name="T5"><office:annotation><dc:date>2018-07-29T09:37:17.324895927</dc:date><text:p>HTML: &lt;meta name=&quot;changed&quot; content=&quot;2018-06-16T15:19:53.989201345&quot;&gt;</text:p></office:annotation></text:span></text:span><text:span text:style-name="Strong_20_Emphasis"><text:span text:style-name="T5"><office:annotation><dc:date>2018-07-29T09:37:17.324905123</dc:date><text:p>HTML: &lt;meta name=&quot;created&quot; content=&quot;00:00:00&quot;&gt;</text:p></office:annotation></text:span></text:span><text:span text:style-name="Strong_20_Emphasis"><text:span text:style-name="T5"><office:annotation><dc:date>2018-07-29T09:37:17.324914589</dc:date><text:p>HTML: &lt;meta name=&quot;changed&quot; content=&quot;2018-06-16T13:50:44.432862129&quot;&gt;</text:p></office:annotation></text:span></text:span><text:span text:style-name="Strong_20_Emphasis"><text:span text:style-name="T5"><office:annotation><dc:date>2018-07-29T09:37:17.324923261</dc:date><text:p>HTML: &lt;meta name=&quot;created&quot; content=&quot;00:00:00&quot;&gt;</text:p></office:annotation></text:span></text:span><text:span text:style-name="Strong_20_Emphasis"><text:span text:style-name="T5"><office:annotation><dc:date>2018-07-29T09:37:17.324932568</dc:date><text:p>HTML: &lt;meta name=&quot;changed&quot; content=&quot;2018-06-16T10:49:58.030689160&quot;&gt;</text:p></office:annotation></text:span></text:span><text:span text:style-name="Strong_20_Emphasis"><text:span text:style-name="T5"><office:annotation><dc:date>2018-07-29T09:37:17.324941393</dc:date><text:p>HTML: &lt;meta name=&quot;created&quot; content=&quot;00:00:00&quot;&gt;</text:p></office:annotation></text:span></text:span><text:span text:style-name="Strong_20_Emphasis"><text:span text:style-name="T5"><office:annotation><dc:date>2018-07-29T09:37:17.324951014</dc:date><text:p>HTML: &lt;meta name=&quot;changed&quot; content=&quot;2018-06-15T13:05:31.693854059&quot;&gt;</text:p></office:annotation></text:span></text:span><text:span text:style-name="Strong_20_Emphasis"><text:span text:style-name="T5"><office:annotation><dc:date>2018-07-29T09:37:17.324960276</dc:date><text:p>HTML: &lt;meta name=&quot;changed&quot; content=&quot;2018-06-15T16:46:54.538249678&quot;&gt;</text:p></office:annotation></text:span></text:span><text:span text:style-name="Strong_20_Emphasis"><text:span text:style-name="T5"><office:annotation><dc:date>2018-07-29T09:37:17.324968956</dc:date><text:p>HTML: &lt;meta name=&quot;created&quot; content=&quot;00:00:00&quot;&gt;</text:p></office:annotation></text:span></text:span><text:span text:style-name="Strong_20_Emphasis"><text:span text:style-name="T5"><office:annotation><dc:date>2018-07-29T09:37:17.324978542</dc:date><text:p>HTML: &lt;meta name=&quot;changed&quot; content=&quot;2018-06-14T22:55:38.007259856&quot;&gt;</text:p></office:annotation></text:span></text:span><text:span text:style-name="Strong_20_Emphasis"><text:span text:style-name="T5"><office:annotation><dc:date>2018-07-29T09:37:17.324987002</dc:date><text:p>HTML: &lt;meta name=&quot;created&quot; content=&quot;00:00:00&quot;&gt;</text:p></office:annotation></text:span></text:span><text:span text:style-name="Strong_20_Emphasis"><text:span text:style-name="T5"><office:annotation><dc:date>2018-07-29T09:37:17.324996456</dc:date><text:p>HTML: &lt;meta name=&quot;changed&quot; content=&quot;2018-06-14T20:52:51.033526204&quot;&gt;</text:p></office:annotation></text:span></text:span><text:span text:style-name="Strong_20_Emphasis"><text:span text:style-name="T5"><office:annotation><dc:date>2018-07-29T09:37:17.325005531</dc:date><text:p>HTML: &lt;meta name=&quot;created&quot; content=&quot;00:00:00&quot;&gt;</text:p></office:annotation></text:span></text:span><text:span text:style-name="Strong_20_Emphasis"><text:span text:style-name="T5"><office:annotation><dc:date>2018-07-29T09:37:17.325014872</dc:date><text:p>HTML: &lt;meta name=&quot;changed&quot; content=&quot;2018-06-14T17:27:12.577284577&quot;&gt;</text:p></office:annotation></text:span></text:span><text:span text:style-name="Strong_20_Emphasis"><text:span text:style-name="T5"><office:annotation><dc:date>2018-07-29T09:37:17.325023683</dc:date><text:p>HTML: &lt;meta name=&quot;created&quot; content=&quot;00:00:00&quot;&gt;</text:p></office:annotation></text:span></text:span><text:span text:style-name="Strong_20_Emphasis"><text:span text:style-name="T5"><office:annotation><dc:date>2018-07-29T09:37:17.325033019</dc:date><text:p>HTML: &lt;meta name=&quot;changed&quot; content=&quot;2018-06-14T12:58:12.332824081&quot;&gt;</text:p></office:annotation></text:span></text:span><text:span text:style-name="Strong_20_Emphasis"><text:span text:style-name="T5"><office:annotation><dc:date>2018-07-29T09:37:17.325041774</dc:date><text:p>HTML: &lt;meta name=&quot;created&quot; content=&quot;00:00:00&quot;&gt;</text:p></office:annotation></text:span></text:span><text:span text:style-name="Strong_20_Emphasis"><text:span text:style-name="T5"><office:annotation><dc:date>2018-07-29T09:37:17.325051170</dc:date><text:p>HTML: &lt;meta name=&quot;changed&quot; content=&quot;2018-06-14T07:07:38.845049501&quot;&gt;</text:p></office:annotation></text:span></text:span><text:span text:style-name="Strong_20_Emphasis"><text:span text:style-name="T5"><office:annotation><dc:date>2018-07-29T09:37:17.325059686</dc:date><text:p>HTML: &lt;meta name=&quot;created&quot; content=&quot;00:00:00&quot;&gt;</text:p></office:annotation></text:span></text:span><text:span text:style-name="Strong_20_Emphasis"><text:span text:style-name="T5"><office:annotation><dc:date>2018-07-29T09:37:17.325069222</dc:date><text:p>HTML: &lt;meta name=&quot;changed&quot; content=&quot;2018-06-13T22:59:08.975991996&quot;&gt;</text:p></office:annotation></text:span></text:span><text:span text:style-name="Strong_20_Emphasis"><text:span text:style-name="T5"><office:annotation><dc:date>2018-07-29T09:37:17.325077772</dc:date><text:p>HTML: &lt;meta name=&quot;created&quot; content=&quot;00:00:00&quot;&gt;</text:p></office:annotation></text:span></text:span><text:span text:style-name="Strong_20_Emphasis"><text:span text:style-name="T5"><office:annotation><dc:date>2018-07-29T09:37:17.325086987</dc:date><text:p>HTML: &lt;meta name=&quot;changed&quot; content=&quot;2018-06-13T20:26:03.305702553&quot;&gt;</text:p></office:annotation></text:span></text:span><text:span text:style-name="Strong_20_Emphasis"><text:span text:style-name="T5"><office:annotation><dc:date>2018-07-29T09:37:17.325095602</dc:date><text:p>HTML: &lt;meta name=&quot;created&quot; content=&quot;00:00:00&quot;&gt;</text:p></office:annotation></text:span></text:span><text:span text:style-name="Strong_20_Emphasis"><text:span text:style-name="T5"><office:annotation><dc:date>2018-07-29T09:37:17.325105037</dc:date><text:p>HTML: &lt;meta name=&quot;changed&quot; content=&quot;2018-06-12T12:28:00.714637591&quot;&gt;</text:p></office:annotation></text:span></text:span><text:span text:style-name="Strong_20_Emphasis"><text:span text:style-name="T5"><office:annotation><dc:date>2018-07-29T09:37:17.325113499</dc:date><text:p>HTML: &lt;meta name=&quot;created&quot; content=&quot;00:00:00&quot;&gt;</text:p></office:annotation></text:span></text:span><text:span text:style-name="Strong_20_Emphasis"><text:span text:style-name="T5"><office:annotation><dc:date>2018-07-29T09:37:17.325122970</dc:date><text:p>HTML: &lt;meta name=&quot;changed&quot; content=&quot;2018-06-11T22:59:09.625284365&quot;&gt;</text:p></office:annotation></text:span></text:span><text:span text:style-name="Strong_20_Emphasis"><text:span text:style-name="T5"><office:annotation><dc:date>2018-07-29T09:37:17.325132389</dc:date><text:p>HTML: &lt;meta name=&quot;created&quot; content=&quot;2018-06-11T22:51:04.642681485&quot;&gt;</text:p></office:annotation></text:span></text:span><text:span text:style-name="Strong_20_Emphasis"><text:span text:style-name="T5"><office:annotation><dc:date>2018-07-29T09:37:17.325141555</dc:date><text:p>HTML: &lt;meta name=&quot;changed&quot; content=&quot;2018-06-11T22:52:11.240135258&quot;&gt;</text:p></office:annotation></text:span></text:span><text:span text:style-name="Strong_20_Emphasis"><text:span text:style-name="T5">Título: </text:span></text:span><text:span text:style-name="Strong_20_Emphasis"><text:span text:style-name="T5"><office:annotation><dc:date>2018-07-29T09:37:17.325211962</dc:date><text:p>HTML: &lt;meta name=&quot;created&quot; content=&quot;00:00:00&quot;&gt;</text:p></office:annotation></text:span></text:span><text:span text:style-name="Strong_20_Emphasis"><text:span text:style-name="T5"><office:annotation><dc:date>2018-07-29T09:37:17.325222647</dc:date><text:p>HTML: &lt;meta name=&quot;changed&quot; content=&quot;2018-06-14T22:55:38.007259856&quot;&gt;</text:p></office:annotation></text:span></text:span><text:span text:style-name="Strong_20_Emphasis"><text:span text:style-name="T5"><office:annotation><dc:date>2018-07-29T09:37:17.325231388</dc:date><text:p>HTML: &lt;meta name=&quot;created&quot; content=&quot;00:00:00&quot;&gt;</text:p></office:annotation></text:span></text:span><text:span text:style-name="Strong_20_Emphasis"><text:span text:style-name="T5"><office:annotation><dc:date>2018-07-29T09:37:17.325241308</dc:date><text:p>HTML: &lt;meta name=&quot;changed&quot; content=&quot;2018-06-14T20:52:51.033526204&quot;&gt;</text:p></office:annotation></text:span></text:span><text:span text:style-name="Strong_20_Emphasis"><text:span text:style-name="T5"><office:annotation><dc:date>2018-07-29T09:37:17.325250014</dc:date><text:p>HTML: &lt;meta name=&quot;created&quot; content=&quot;00:00:00&quot;&gt;</text:p></office:annotation></text:span></text:span><text:span text:style-name="Strong_20_Emphasis"><text:span text:style-name="T5"><office:annotation><dc:date>2018-07-29T09:37:17.325259399</dc:date><text:p>HTML: &lt;meta name=&quot;changed&quot; content=&quot;2018-06-14T17:27:12.577284577&quot;&gt;</text:p></office:annotation></text:span></text:span><text:span text:style-name="Strong_20_Emphasis"><text:span text:style-name="T5"><office:annotation><dc:date>2018-07-29T09:37:17.325267996</dc:date><text:p>HTML: &lt;meta name=&quot;created&quot; content=&quot;00:00:00&quot;&gt;</text:p></office:annotation></text:span></text:span><text:span text:style-name="Strong_20_Emphasis"><text:span text:style-name="T5"><office:annotation><dc:date>2018-07-29T09:37:17.325277356</dc:date><text:p>HTML: &lt;meta name=&quot;changed&quot; content=&quot;2018-06-14T12:58:12.332824081&quot;&gt;</text:p></office:annotation></text:span></text:span><text:span text:style-name="Strong_20_Emphasis"><text:span text:style-name="T5"><office:annotation><dc:date>2018-07-29T09:37:17.325286716</dc:date><text:p>HTML: &lt;meta name=&quot;created&quot; content=&quot;00:00:00&quot;&gt;</text:p></office:annotation></text:span></text:span><text:span text:style-name="Strong_20_Emphasis"><text:span text:style-name="T5"><office:annotation><dc:date>2018-07-29T09:37:17.325295982</dc:date><text:p>HTML: &lt;meta name=&quot;changed&quot; content=&quot;2018-06-14T07:07:38.845049501&quot;&gt;</text:p></office:annotation></text:span></text:span><text:span text:style-name="Strong_20_Emphasis"><text:span text:style-name="T5"><office:annotation><dc:date>2018-07-29T09:37:17.325304822</dc:date><text:p>HTML: &lt;meta name=&quot;created&quot; content=&quot;00:00:00&quot;&gt;</text:p></office:annotation></text:span></text:span><text:span text:style-name="Strong_20_Emphasis"><text:span text:style-name="T5"><office:annotation><dc:date>2018-07-29T09:37:17.325314181</dc:date><text:p>HTML: &lt;meta name=&quot;changed&quot; content=&quot;2018-06-13T22:59:08.975991996&quot;&gt;</text:p></office:annotation></text:span></text:span><text:span text:style-name="Strong_20_Emphasis"><text:span text:style-name="T5"><office:annotation><dc:date>2018-07-29T09:37:17.325322783</dc:date><text:p>HTML: &lt;meta name=&quot;created&quot; content=&quot;00:00:00&quot;&gt;</text:p></office:annotation></text:span></text:span><text:span text:style-name="Strong_20_Emphasis"><text:span text:style-name="T5"><office:annotation><dc:date>2018-07-29T09:37:17.325332218</dc:date><text:p>HTML: &lt;meta name=&quot;changed&quot; content=&quot;2018-06-13T20:26:03.305702553&quot;&gt;</text:p></office:annotation></text:span></text:span><text:span text:style-name="Strong_20_Emphasis"><text:span text:style-name="T5"><office:annotation><dc:date>2018-07-29T09:37:17.325340776</dc:date><text:p>HTML: &lt;meta name=&quot;created&quot; content=&quot;00:00:00&quot;&gt;</text:p></office:annotation></text:span></text:span><text:span text:style-name="Strong_20_Emphasis"><text:span text:style-name="T5"><office:annotation><dc:date>2018-07-29T09:37:17.325349973</dc:date><text:p>HTML: &lt;meta name=&quot;changed&quot; content=&quot;2018-06-12T12:28:00.714637591&quot;&gt;</text:p></office:annotation></text:span></text:span><text:span text:style-name="Strong_20_Emphasis"><text:span text:style-name="T5"><office:annotation><dc:date>2018-07-29T09:37:17.325358604</dc:date><text:p>HTML: &lt;meta name=&quot;created&quot; content=&quot;00:00:00&quot;&gt;</text:p></office:annotation></text:span></text:span><text:span text:style-name="Strong_20_Emphasis"><text:span text:style-name="T5"><office:annotation><dc:date>2018-07-29T09:37:17.325367812</dc:date><text:p>HTML: &lt;meta name=&quot;changed&quot; content=&quot;2018-06-11T22:59:09.625284365&quot;&gt;</text:p></office:annotation></text:span></text:span><text:span text:style-name="Strong_20_Emphasis"><text:span text:style-name="T5"><office:annotation><dc:date>2018-07-29T09:37:17.325377265</dc:date><text:p>HTML: &lt;meta name=&quot;created&quot; content=&quot;2018-06-11T22:51:04.642681485&quot;&gt;</text:p></office:annotation></text:span></text:span><text:span text:style-name="Strong_20_Emphasis"><text:span text:style-name="T5"><office:annotation><dc:date>2018-07-29T09:37:17.325386911</dc:date><text:p>HTML: &lt;meta name=&quot;changed&quot; content=&quot;2018-06-11T22:52:11.240135258&quot;&gt;</text:p></office:annotation></text:span></text:span><text:span text:style-name="Strong_20_Emphasis"><text:span text:style-name="T5">CHAPTER A DAY (CANTARES)<text:line-break/>Autor: NORMAN</text:span></text:span><text:span text:style-name="Strong_20_Emphasis"><text:span text:style-name="T4"> </text:span></text:span><text:span text:style-name="Strong_20_Emphasis"><text:span text:style-name="T5">BERRY </text:span></text:span><text:span text:style-name="Strong_20_Emphasis"><text:span text:style-name="T2"><text:line-break/><text:line-break/></text:span></text:span><text:span text:style-name="Strong_20_Emphasis"><text:span text:style-name="T7">Literaturas em formato</text:span></text:span><text:span text:style-name="Strong_20_Emphasis"><text:span text:style-name="T6"> </text:span></text:span><text:span text:style-name="Strong_20_Emphasis"><text:span text:style-name="T7">digital:<text:line-break/></text:span></text:span><text:a xlink:type="simple" xlink:href="http://www.acervodigitalcristao.com.br/" text:style-name="Internet_20_link" text:visited-style-name="Visited_20_Internet_20_Link"><text:span text:style-name="Strong_20_Emphasis"><text:span text:style-name="T2">www.acervodigitalcristao.com.br</text:span></text:span></text:a><text:span text:style-name="Strong_20_Emphasis"><text:span text:style-name="T8"><text:line-break/><text:line-break/></text:span></text:span><text:span text:style-name="Strong_20_Emphasis"><text:span text:style-name="T3">Literaturas em formato</text:span></text:span><text:span text:style-name="Strong_20_Emphasis"> </text:span><text:span text:style-name="Strong_20_Emphasis"><text:span text:style-name="T3">Impresso:<text:line-break/></text:span></text:span><text:a xlink:type="simple" xlink:href="http://www.verdadesvivas.com.br/" text:style-name="Internet_20_link" text:visited-style-name="Visited_20_Internet_20_Link"><text:span text:style-name="Strong_20_Emphasis"><text:span text:style-name="T2">www.verdadesvivas.com.br</text:span></text:span></text:a><text:span text:style-name="Strong_20_Emphasis"><text:span text:style-name="T8"><text:line-break/><text:line-break/></text:span></text:span><text:span text:style-name="Strong_20_Emphasis"><text:span text:style-name="T3">Evangelho em 03 Minutos:</text:span></text:span><text:span text:style-name="Strong_20_Emphasis"> </text:span><text:span text:style-name="Strong_20_Emphasis"><text:span text:style-name="T2"><text:line-break/></text:span></text:span><text:a xlink:type="simple" xlink:href="http://www.3minutos.net/" text:style-name="Internet_20_link" text:visited-style-name="Visited_20_Internet_20_Link"><text:span text:style-name="Strong_20_Emphasis"><text:span text:style-name="T2">www.3minutos.net</text:span></text:span></text:a><text:span text:style-name="Strong_20_Emphasis"><text:span text:style-name="T8"><text:line-break/><text:line-break/></text:span></text:span><text:span text:style-name="Strong_20_Emphasis"><text:span text:style-name="T3">O que respondi:<text:line-break/></text:span></text:span><text:a xlink:type="simple" xlink:href="http://www.respondi.com.br/" text:style-name="Internet_20_link" text:visited-style-name="Visited_20_Internet_20_Link"><text:span text:style-name="Strong_20_Emphasis"><text:span text:style-name="T2">www.respondi.com.br</text:span></text:span></text:a></text:p><text:section text:style-name="Sect1" text:name="Sumário1"><text:p text:style-name="Text_20_body"><text:soft-page-break/></text:p></text:section><text:h text:style-name="P1" text:outline-level="2"/><text:h text:style-name="P3" text:outline-level="2"><text:bookmark text:name="__RefHeading___Toc3068_1522826305"/><text:soft-page-break/>#721</text:h><text:p text:style-name="P5"/><text:p text:style-name="P6">A sabedoria natural nas coisas de Deus fará cessar o fluxo de bênçãos.</text:p><text:p text:style-name="P5"/><text:h text:style-name="P1" text:outline-level="2"><text:bookmark text:name="__RefHeading___Toc3070_1522826305"/><text:a xlink:type="simple" xlink:href="http://mysword.info/b?r=son_1" text:style-name="Internet_20_link" text:visited-style-name="Visited_20_Internet_20_Link"><text:span text:style-name="T1">CANTARES DE SALOMÃO 1</text:span></text:a></text:h><text:p text:style-name="P5"/><text:p text:style-name="P6">Se estiver lembrado do livro que vem logo antes deste (ec), verá que nada havia satisfeito completamente o escritor, tudo era desapontamento, mas neste livro (Cantares de Salomão) o coração está satisfeito com uma pessoa. O livro é uma história de amor, um homem (Salomão, uma figura de Cristo) apaixonado por uma mulher cujo nome não é mencionado (Israel).</text:p><text:p text:style-name="P5"/><text:p text:style-name="P5"><text:span text:style-name="T1">Hoje isso tudo é uma figura de Cristo e de Sua noiva atual (todos os crentes). Mas lembre-se cuidadosamente de que as figuras do Antigo Testamento são como sombras (leia </text:span><text:a xlink:type="simple" xlink:href="http://mysword.info/b?r=Heb_10:1" text:style-name="Internet_20_link" text:visited-style-name="Visited_20_Internet_20_Link"><text:span text:style-name="T1">Hb 10:1</text:span></text:a><text:span text:style-name="T1">). Encontramos a Pessoa perfeita (Cristo) e Sua esposa (cada crente nEle)). Israel recusou o Senhor Jesus quando Ele veio ao mundo por aquele povo da primeira vez, portanto vemos que a mulher às vezes falha.</text:span></text:p><text:p text:style-name="P5"/><text:p text:style-name="P6">Há muitas figuras maravilhosas nesta história de amor que pode ser aplicada a nós, como noiva de Cristo. Lembre-se de que Cristo tem apenas uma noiva, os que crêem nEle... a Igreja, a Assembléia. Estamos lendo de uma figura da coisa real.</text:p><text:p text:style-name="P5"/><text:p text:style-name="P5"><text:a xlink:type="simple" xlink:href="http://mysword.info/b?r=son_1:1-4" text:style-name="Internet_20_link" text:visited-style-name="Visited_20_Internet_20_Link"><text:span text:style-name="T1">Ct 1:1-4</text:span></text:a><text:span text:style-name="T1"> A noiva fala do quanto ele significa para ela, e de quão doce e íntimo é aquele amor.</text:span></text:p><text:p text:style-name="P5"/><text:p text:style-name="P5"><text:a xlink:type="simple" xlink:href="http://mysword.info/b?r=son_1:5-6" text:style-name="Internet_20_link" text:visited-style-name="Visited_20_Internet_20_Link"><text:span text:style-name="T1">Ct 1:5-6</text:span></text:a><text:span text:style-name="T1"> Ela compreende o quanto ela é indigna de ser amada por ele. (Ela se compara com as tendas negras, e ele com as belas e vistosas cortinas do templo de Salomão)!</text:span></text:p><text:p text:style-name="P5"/><text:p text:style-name="P5"><text:a xlink:type="simple" xlink:href="http://mysword.info/b?r=son_1:8-11" text:style-name="Internet_20_link" text:visited-style-name="Visited_20_Internet_20_Link"><text:span text:style-name="T1">Ct 1:8-11</text:span></text:a><text:span text:style-name="T1"> O noivo responde, e fala a ela de seu amor.</text:span></text:p><text:p text:style-name="P5"/><text:p text:style-name="P5"><text:a xlink:type="simple" xlink:href="http://mysword.info/b?r=son_1:12-14" text:style-name="Internet_20_link" text:visited-style-name="Visited_20_Internet_20_Link"><text:span text:style-name="T1">Ct 1:12-14</text:span></text:a><text:span text:style-name="T1"> Ela estava emocionada de sentar-se na sua presença. Ela não pediu por coisa alguma além da sua própria pessoa.</text:span></text:p><text:p text:style-name="P5"/><text:p text:style-name="P5"><text:a xlink:type="simple" xlink:href="http://mysword.info/b?r=son_1:15-17" text:style-name="Internet_20_link" text:visited-style-name="Visited_20_Internet_20_Link"><text:span text:style-name="T1">Ct 1:15-17</text:span></text:a><text:span text:style-name="T1"> Apesar da forma terrível como ela havia agido para com ele no passado, aqui mostra como ele a vê! Ao longo de todo este livro, você irá reparar que quando é ele quem está falando, ele fala diretamente a ela e diz &quot;tu&quot;. Mas quando é ela quem fala, ela fala dele usando a palavra &quot;ele&quot;. (Nós os crentes no Senhor jesus podemos conhecer a intimidade de nos dirigirmos a Ele como &quot;Tu&quot;... veja (</text:span><text:a xlink:type="simple" xlink:href="http://mysword.info/b?r=Rev_5:9" text:style-name="Internet_20_link" text:visited-style-name="Visited_20_Internet_20_Link"><text:span text:style-name="T1">Ap 5:9</text:span></text:a><text:span text:style-name="T1">).</text:span></text:p><text:p text:style-name="P5"/><text:h text:style-name="P2" text:outline-level="2"><text:bookmark text:name="__RefHeading___Toc3072_1522826305"/>#722</text:h><text:p text:style-name="P5"/><text:p text:style-name="P5"><text:span text:style-name="T1">A santidade não é transmitida pela associação (</text:span><text:a xlink:type="simple" xlink:href="http://mysword.info/b?r=Hag_2:12" text:style-name="Internet_20_link" text:visited-style-name="Visited_20_Internet_20_Link"><text:span text:style-name="T1">Ag 2:12</text:span></text:a><text:span text:style-name="T1">). A impureza pode ser transmitida pela associação (</text:span><text:a xlink:type="simple" xlink:href="http://mysword.info/b?r=Hag_2:13" text:style-name="Internet_20_link" text:visited-style-name="Visited_20_Internet_20_Link"><text:span text:style-name="T1">Ag 2:13</text:span></text:a><text:span text:style-name="T1">).</text:span></text:p><text:p text:style-name="P5"/><text:h text:style-name="P1" text:outline-level="2"><text:bookmark text:name="__RefHeading___Toc3074_1522826305"/><text:a xlink:type="simple" xlink:href="http://mysword.info/b?r=son_2" text:style-name="Internet_20_link" text:visited-style-name="Visited_20_Internet_20_Link"><text:span text:style-name="T1">CANTARES DE SALOMÃO 2</text:span></text:a></text:h><text:p text:style-name="P5"/><text:p text:style-name="P5"><text:a xlink:type="simple" xlink:href="http://mysword.info/b?r=son_2:1" text:style-name="Internet_20_link" text:visited-style-name="Visited_20_Internet_20_Link"><text:span text:style-name="T1">Ct 2:1</text:span></text:a><text:span text:style-name="T1"> Ela não se orgulhava do que havia feito, mas estava feliz por saber o que ela significava para ele.</text:span></text:p><text:p text:style-name="P5"/><text:p text:style-name="P5"><text:a xlink:type="simple" xlink:href="http://mysword.info/b?r=son_2:2" text:style-name="Internet_20_link" text:visited-style-name="Visited_20_Internet_20_Link"><text:span text:style-name="T1">Ct 2:2</text:span></text:a><text:span text:style-name="T1"> Ele responde imediatamente. Ela diz que do mesmo modo como uma macieira é muito melhor que as árvores de uma floresta, assim ele é em comparação com todo mundo.</text:span></text:p><text:p text:style-name="P5"/><text:p text:style-name="P5"><text:a xlink:type="simple" xlink:href="http://mysword.info/b?r=son_2:3-4" text:style-name="Internet_20_link" text:visited-style-name="Visited_20_Internet_20_Link"><text:span text:style-name="T1">Ct 2:3-4</text:span></text:a><text:span text:style-name="T1"> Ela sentou-se - (descanso), seu fruto era doce - (alimento aprazível), seu estandarte sobre ela - (proteção). Estas são figuras do que o Senhor é para nós. Será que estamos conscientes do quanto o Senhor nos ama? </text:span><text:a xlink:type="simple" xlink:href="http://mysword.info/b?r=Eph_5:25" text:style-name="Internet_20_link" text:visited-style-name="Visited_20_Internet_20_Link"><text:span text:style-name="T1">Ef 5:25</text:span></text:a></text:p><text:p text:style-name="P5"/><text:p text:style-name="P5"><text:a xlink:type="simple" xlink:href="http://mysword.info/b?r=son_2:7" text:style-name="Internet_20_link" text:visited-style-name="Visited_20_Internet_20_Link"><text:span text:style-name="T1">Ct 2:7</text:span></text:a><text:span text:style-name="T1"> Gazelas e cervas são os animais que se assustam com maior facilidade, e possuem grande habilidade para ouvir. Podemos facilmente estragar nossa proximidade com o Senhor por meio de um pensamento mau ou leviano.</text:span></text:p><text:p text:style-name="P5"/><text:p text:style-name="P5"><text:a xlink:type="simple" xlink:href="http://mysword.info/b?r=son_2:10-13" text:style-name="Internet_20_link" text:visited-style-name="Visited_20_Internet_20_Link"><text:span text:style-name="T1">Ct 2:10-13</text:span></text:a><text:span text:style-name="T1"> Ela conta o que ele lhe disse. Isto refere-se ao dia vindouro, quando Israel irá se recordar dos dias sombrios de dor que então terão passado; e as perspectivas de dias brilhantes e gloriosos por vir.</text:span></text:p><text:p text:style-name="P5"/><text:p text:style-name="P5"><text:a xlink:type="simple" xlink:href="http://mysword.info/b?r=son_2:14-15" text:style-name="Internet_20_link" text:visited-style-name="Visited_20_Internet_20_Link"><text:span text:style-name="T1">Ct 2:14-15</text:span></text:a><text:span text:style-name="T1"> Ele anela ver a face dela, e escutar sua voz. Mas as raposinhas são como as pequenas coisas que estragam nossa alegria com o Senhor.</text:span></text:p><text:p text:style-name="P5"/><text:p text:style-name="P5"><text:a xlink:type="simple" xlink:href="http://mysword.info/b?r=son_2:16-17" text:style-name="Internet_20_link" text:visited-style-name="Visited_20_Internet_20_Link"><text:span text:style-name="T1">Ct 2:16-17</text:span></text:a><text:span text:style-name="T1"> Ela fala com confiança. (Sabemos que o Senhor é nosso). Repare neste </text:span><text:a xlink:type="simple" xlink:href="http://mysword.info/b?r=son_2:16" text:style-name="Internet_20_link" text:visited-style-name="Visited_20_Internet_20_Link"><text:span text:style-name="T1">versículo 16</text:span></text:a><text:span text:style-name="T1">, depois no </text:span><text:a xlink:type="simple" xlink:href="http://mysword.info/b?r=son_6:3" text:style-name="Internet_20_link" text:visited-style-name="Visited_20_Internet_20_Link"><text:span text:style-name="T1">6:3</text:span></text:a><text:span text:style-name="T1"> e </text:span><text:a xlink:type="simple" xlink:href="http://mysword.info/b?r=son_7:10" text:style-name="Internet_20_link" text:visited-style-name="Visited_20_Internet_20_Link"><text:span text:style-name="T1">7:10</text:span></text:a><text:span text:style-name="T1"> - o progresso em sua confiança).</text:span></text:p><text:p text:style-name="P5"/><text:p text:style-name="P5"><text:a xlink:type="simple" xlink:href="http://mysword.info/b?r=son_2:17" text:style-name="Internet_20_link" text:visited-style-name="Visited_20_Internet_20_Link"><text:span text:style-name="T1">Ct 2:17</text:span></text:a><text:span text:style-name="T1"> Doce e glorioso dia vindouro!</text:span></text:p><text:p text:style-name="P5"/><text:h text:style-name="P2" text:outline-level="2"><text:bookmark text:name="__RefHeading___Toc3076_1522826305"/>#723</text:h><text:p text:style-name="P5"/><text:p text:style-name="P6">A paz deveria ser a expressão de nossa comunhão - não seu objetivo.</text:p><text:p text:style-name="P5"/><text:h text:style-name="P1" text:outline-level="2"><text:bookmark text:name="__RefHeading___Toc3078_1522826305"/><text:a xlink:type="simple" xlink:href="http://mysword.info/b?r=son_3" text:style-name="Internet_20_link" text:visited-style-name="Visited_20_Internet_20_Link"><text:span text:style-name="T1">CANTARES DE SALOMÃO 3</text:span></text:a></text:h><text:p text:style-name="P5"/><text:p text:style-name="P6">O desapontamento entra em cena. Ela está pensando nele. Mas ela perdeu algo. Ele parece distante, muito distante. Ela permitiu que seus pensamentos se afastassem dele. (Como acontece conosco, não é mesmo?) Satanás odeia quando temos nosso olhar em Cristo.</text:p><text:p text:style-name="P5"/><text:p text:style-name="P5"/><text:p text:style-name="P5"><text:a xlink:type="simple" xlink:href="http://mysword.info/b?r=son_3:2-3" text:style-name="Internet_20_link" text:visited-style-name="Visited_20_Internet_20_Link"><text:span text:style-name="T1">Ct 3:2-3</text:span></text:a><text:span text:style-name="T1"> Ela sai em busca dele.</text:span></text:p><text:p text:style-name="P5"/><text:p text:style-name="P5"><text:a xlink:type="simple" xlink:href="http://mysword.info/b?r=son_3:2-4" text:style-name="Internet_20_link" text:visited-style-name="Visited_20_Internet_20_Link"><text:span text:style-name="T1">Ct 3:2-4</text:span></text:a><text:span text:style-name="T1"> O amor dele por ela lhe dá energia para sair em busca dele. (Será que amamos o Senhor com a mesma energia?) Ela não iria querer parar até que O encontrasse. (Se formos sinceros, não demorará até que sejamos restaurados ao Senhor).</text:span></text:p><text:p text:style-name="P5"/><text:p text:style-name="P5"><text:a xlink:type="simple" xlink:href="http://mysword.info/b?r=son_3:6-11" text:style-name="Internet_20_link" text:visited-style-name="Visited_20_Internet_20_Link"><text:span text:style-name="T1">Ct 3:6-11</text:span></text:a><text:span text:style-name="T1"> Estes versículos descrevem a gloriosa vinda do noivo. Pode ser uma figura do dia em que o Senhor Jesus virá em glória para estabelecer Seu reino de 1.000 anos chamado de &quot;milênio&quot;.</text:span></text:p><text:p text:style-name="P5"/><text:h text:style-name="P2" text:outline-level="2"><text:bookmark text:name="__RefHeading___Toc3080_1522826305"/>#724</text:h><text:p text:style-name="P5"/><text:p text:style-name="P6">Graça é o que deveria caracterizar o Cristianismo hoje.</text:p><text:p text:style-name="P5"/><text:h text:style-name="P1" text:outline-level="2"><text:bookmark text:name="__RefHeading___Toc3082_1522826305"/><text:a xlink:type="simple" xlink:href="http://mysword.info/b?r=son_4" text:style-name="Internet_20_link" text:visited-style-name="Visited_20_Internet_20_Link"><text:span text:style-name="T1">CANTARES DE SALOMÃO 4</text:span></text:a></text:h><text:p text:style-name="P5"/><text:p text:style-name="P5"><text:a xlink:type="simple" xlink:href="http://mysword.info/b?r=son_4:1-7" text:style-name="Internet_20_link" text:visited-style-name="Visited_20_Internet_20_Link"><text:span text:style-name="T1">Ct 4:1-7</text:span></text:a><text:span text:style-name="T1"> (Com frequência compreendemos que amamos o Senhor, mas não temos tanta certeza quanto aos sentimentos dEle a nosso respeito). O noivo derrama seus pensamentos acerca de sua amada. Isso era o que ela (e nós) queríamos ouvir. Ele fala sete coisas sobre ela, que lhe agradam. (Quando entendemos o quanto o Senhor Jesus nos ama, isto nos humilha, e aquece nosso coração).</text:span></text:p><text:p text:style-name="P5"/><text:p text:style-name="P5"><text:a xlink:type="simple" xlink:href="http://mysword.info/b?r=son_4:8-15" text:style-name="Internet_20_link" text:visited-style-name="Visited_20_Internet_20_Link"><text:span text:style-name="T1">Ct 4:8-15</text:span></text:a><text:span text:style-name="T1"> O noivo a convida para ir com ele. O Líbano era um dos lugares mais belos. Mas ele viu os perigos - os leões e leopardos. (Assim o Senhor vê os perigos que não vemos), e diz &quot;vem comigo do...&quot; (Com frequência temos que nos separar daquilo que pode ser muito atraente para nossos olhos, mas Ele vê os perigos).</text:span></text:p><text:p text:style-name="P5"/><text:p text:style-name="P5"><text:a xlink:type="simple" xlink:href="http://mysword.info/b?r=son_4:9-11" text:style-name="Internet_20_link" text:visited-style-name="Visited_20_Internet_20_Link"><text:span text:style-name="T1">Ct 4:9-11</text:span></text:a><text:span text:style-name="T1"> Embora o cenário em redor possa ser sempre tão lindo, seu olhar é atraído para aquela que está ao seu lado. (Somos aquilo que O completa! </text:span><text:a xlink:type="simple" xlink:href="http://mysword.info/b?r=Eph_1:23" text:style-name="Internet_20_link" text:visited-style-name="Visited_20_Internet_20_Link"><text:span text:style-name="T1">Ef 1:23</text:span></text:a><text:span text:style-name="T1">).</text:span></text:p><text:p text:style-name="P5"/><text:p text:style-name="P5"><text:a xlink:type="simple" xlink:href="http://mysword.info/b?r=son_4:12-15" text:style-name="Internet_20_link" text:visited-style-name="Visited_20_Internet_20_Link"><text:span text:style-name="T1">Ct 4:12-15</text:span></text:a><text:span text:style-name="T1"> O noivo compara aquela que ele ama a um jardim. Toda delícia possível é encontrada ali, e nela. Um jardim, um riacho, uma fonte, um pomar, frutas, doçura, perfumes, um paraíso (que é o significado de tudo isso).</text:span></text:p><text:p text:style-name="P5"/><text:p text:style-name="P5"><text:a xlink:type="simple" xlink:href="http://mysword.info/b?r=son_4:16" text:style-name="Internet_20_link" text:visited-style-name="Visited_20_Internet_20_Link"><text:span text:style-name="T1">Ct 4:16</text:span></text:a><text:span text:style-name="T1"> O jardim pertence a ele. (Somos do Senhor). Ele sabe como extrair o melhor daquele jardim. Assim ele convoca uma rajada do vento frio do norte para que sopre. Isto faz as plantas produzirem melhor. Às vezes precisamos de tribulações e dificuldades para que em nós se produza o que há de melhor para Ele). O vento quente do sul vem em seguida.</text:span></text:p><text:p text:style-name="P5"/><text:h text:style-name="P2" text:outline-level="2"><text:bookmark text:name="__RefHeading___Toc3084_1522826305"/>#725</text:h><text:p text:style-name="P5"/><text:p text:style-name="P6">Não ganhamos nada se não quisermos ser corrigidos.</text:p><text:p text:style-name="P5"/><text:h text:style-name="P1" text:outline-level="2"><text:bookmark text:name="__RefHeading___Toc3086_1522826305"/><text:a xlink:type="simple" xlink:href="http://mysword.info/b?r=son_5" text:style-name="Internet_20_link" text:visited-style-name="Visited_20_Internet_20_Link"><text:span text:style-name="T1">CANTARES DE SALOMÃO 5</text:span></text:a></text:h><text:p text:style-name="P5"/><text:p text:style-name="P5"><text:a xlink:type="simple" xlink:href="http://mysword.info/b?r=son_5:1" text:style-name="Internet_20_link" text:visited-style-name="Visited_20_Internet_20_Link"><text:span text:style-name="T1">Ct 5:1</text:span></text:a><text:span text:style-name="T1"> Estes diferentes frutos poderiam representar as diferentes condições do povo do Senhor. &quot;Mirra&quot; é uma figura da tristeza, (que alguns de nós somos chamados a levar. Mas com frequência o resultado é tão doce quanto o mel, quando a obra é completada em nossa alma).</text:span></text:p><text:p text:style-name="P5"/><text:p text:style-name="P5"><text:a xlink:type="simple" xlink:href="http://mysword.info/b?r=son_5:2" text:style-name="Internet_20_link" text:visited-style-name="Visited_20_Internet_20_Link"><text:span text:style-name="T1">Ct 5:2</text:span></text:a><text:span text:style-name="T1"> Mas outra vez a noiva se torna descuidada, inquieta, desconfortável, sonolenta, sem energia para ele. Ele não mudou. Ele está à porta e bate. Ele quer sua companhia. (Às vezes desviamos nossos pensamentos dEle para nós). Ele fica ali e espera, seu coração cheio de amor e desejo.</text:span></text:p><text:p text:style-name="P5"/><text:p text:style-name="P5"><text:a xlink:type="simple" xlink:href="http://mysword.info/b?r=son_5:3" text:style-name="Internet_20_link" text:visited-style-name="Visited_20_Internet_20_Link"><text:span text:style-name="T1">Ct 5:3</text:span></text:a><text:span text:style-name="T1"> Tristes desculpas.</text:span></text:p><text:p text:style-name="P5"/><text:p text:style-name="P5"><text:a xlink:type="simple" xlink:href="http://mysword.info/b?r=son_5:4" text:style-name="Internet_20_link" text:visited-style-name="Visited_20_Internet_20_Link"><text:span text:style-name="T1">Ct 5:4</text:span></text:a><text:span text:style-name="T1"> Ele insiste. Ele a ama demais para deixá-la ir assim. (Você já se encontrou nesta condição?) Sua bendita mão procura abrir a porta. O amor sempre toma o lugar humilde, e tem a primeira iniciativa. O amor sempre vence no final.</text:span></text:p><text:p text:style-name="P5"/><text:p text:style-name="P5"><text:a xlink:type="simple" xlink:href="http://mysword.info/b?r=son_5:5" text:style-name="Internet_20_link" text:visited-style-name="Visited_20_Internet_20_Link"><text:span text:style-name="T1">Ct 5:5</text:span></text:a><text:span text:style-name="T1"> Ela está se recuperando de seu descuido. Sua consciência é tocada e ela chora de tristeza, (mirra) e alegria (mirra com doce aroma).</text:span></text:p><text:p text:style-name="P5"/><text:p text:style-name="P5"><text:a xlink:type="simple" xlink:href="http://mysword.info/b?r=son_5:6" text:style-name="Internet_20_link" text:visited-style-name="Visited_20_Internet_20_Link"><text:span text:style-name="T1">Ct 5:6</text:span></text:a><text:span text:style-name="T1"> Ela demorou muito, e ele se foi.</text:span></text:p><text:p text:style-name="P5"/><text:p text:style-name="P5"><text:a xlink:type="simple" xlink:href="http://mysword.info/b?r=son_5:7-8" text:style-name="Internet_20_link" text:visited-style-name="Visited_20_Internet_20_Link"><text:span text:style-name="T1">Ct 5:7-8</text:span></text:a><text:span text:style-name="T1"> Ela procura por ele. Ela está cheia de energia, mas também de confusão. Todos parecem ser contra ela. (Não é assim que costumamos ficar quando estamos afastados do Senhor?)</text:span></text:p><text:p text:style-name="P5"/><text:p text:style-name="P5"><text:a xlink:type="simple" xlink:href="http://mysword.info/b?r=son_5:9" text:style-name="Internet_20_link" text:visited-style-name="Visited_20_Internet_20_Link"><text:span text:style-name="T1">Ct 5:9</text:span></text:a><text:span text:style-name="T1"> Outros perguntam a ela por que ela é tão atraída a ele. (Não é isto o que o mundo nos pergunta?) Se você estiver vivendo próximo do Senhor, os incrédulos não podem entender o segredo que você tem. Mas se não somos diferentes deles, somos um pobre testemunho de Cristo a eles.</text:span></text:p><text:p text:style-name="P5"/><text:p text:style-name="P5"><text:a xlink:type="simple" xlink:href="http://mysword.info/b?r=son_5:10-16" text:style-name="Internet_20_link" text:visited-style-name="Visited_20_Internet_20_Link"><text:span text:style-name="T1">Ct 5:10-16</text:span></text:a><text:span text:style-name="T1"> Agora ela não se contém em expressar uma das mais belas descrições da beleza que você e eu podemos ver no Senhor em todas as Escrituras. Da cabeça aos pés, &quot;Ele é totalmente desejável&quot;.</text:span></text:p><text:p text:style-name="P5"/><text:p text:style-name="P5"><text:a xlink:type="simple" xlink:href="http://mysword.info/b?r=son_5:16" text:style-name="Internet_20_link" text:visited-style-name="Visited_20_Internet_20_Link"><text:span text:style-name="T1">Ct 5:16</text:span></text:a><text:span text:style-name="T1"> Um doce final &quot;meu amado... meu amigo&quot;. (São estes os nossos pensamentos a respeito do Senhor?)</text:span></text:p><text:p text:style-name="P5"/><text:h text:style-name="P2" text:outline-level="2"><text:bookmark text:name="__RefHeading___Toc3088_1522826305"/>#726</text:h><text:p text:style-name="P5"/><text:p text:style-name="P6">Que desonra para o nome do Senhor quando o mundo vê os crentes divergindo uns dos outros - em contendas.</text:p><text:p text:style-name="P5"/><text:h text:style-name="P1" text:outline-level="2"><text:bookmark text:name="__RefHeading___Toc3090_1522826305"/><text:a xlink:type="simple" xlink:href="http://mysword.info/b?r=son_6" text:style-name="Internet_20_link" text:visited-style-name="Visited_20_Internet_20_Link"><text:span text:style-name="T1">CANTARES DE SALOMÃO 6</text:span></text:a></text:h><text:p text:style-name="P5"/><text:p text:style-name="P5"><text:a xlink:type="simple" xlink:href="http://mysword.info/b?r=son_6:1" text:style-name="Internet_20_link" text:visited-style-name="Visited_20_Internet_20_Link"><text:span text:style-name="T1">Ct 6:1</text:span></text:a><text:span text:style-name="T1"> Tudo isso cria um desejo nos outros de conhecer mais sobre ele, e também de vê-lo. Aqui eles perguntam onde ele está. Como poderia ela ter saído a vagar longe de alguém tão glorioso? (Se estamos desfrutando a companhia do Senhor, outros irão querer ouvir a respeito dEle).</text:span></text:p><text:p text:style-name="P5"/><text:p text:style-name="P5"><text:a xlink:type="simple" xlink:href="http://mysword.info/b?r=son_6:2" text:style-name="Internet_20_link" text:visited-style-name="Visited_20_Internet_20_Link"><text:span text:style-name="T1">Ct 6:2</text:span></text:a><text:span text:style-name="T1"> Ela agora sabe que ele não está na cidade movimentada, mas no tranquilo jardim. (Nós também, sabemos onde Ele está).</text:span></text:p><text:p text:style-name="P5"/><text:p text:style-name="P5"><text:a xlink:type="simple" xlink:href="http://mysword.info/b?r=son_6:3" text:style-name="Internet_20_link" text:visited-style-name="Visited_20_Internet_20_Link"><text:span text:style-name="T1">Ct 6:3</text:span></text:a><text:span text:style-name="T1"> Repare que aqui é o contrário de </text:span><text:a xlink:type="simple" xlink:href="http://mysword.info/b?r=son_2:16" text:style-name="Internet_20_link" text:visited-style-name="Visited_20_Internet_20_Link"><text:span text:style-name="T1">2:16</text:span></text:a><text:span text:style-name="T1">. Ela está pensando menos em si própria agora!</text:span></text:p><text:p text:style-name="P5"/><text:p text:style-name="P5"><text:a xlink:type="simple" xlink:href="http://mysword.info/b?r=son_6:4-9" text:style-name="Internet_20_link" text:visited-style-name="Visited_20_Internet_20_Link"><text:span text:style-name="T1">Ct 6:4-9</text:span></text:a><text:span text:style-name="T1"> As primeiras palavras faladas ao seu amado após o triste fracasso dela. Nenhuma palavra sobre sua frieza, apenas expressões mais profundas de seu amor por ela.</text:span></text:p><text:p text:style-name="P5"/><text:p text:style-name="P5"><text:a xlink:type="simple" xlink:href="http://mysword.info/b?r=son_6:10" text:style-name="Internet_20_link" text:visited-style-name="Visited_20_Internet_20_Link"><text:span text:style-name="T1">Ct 6:10</text:span></text:a><text:span text:style-name="T1"> Seus amigos parecem dizer estas palavras.</text:span></text:p><text:p text:style-name="P5"/><text:p text:style-name="P5"><text:a xlink:type="simple" xlink:href="http://mysword.info/b?r=son_6:13" text:style-name="Internet_20_link" text:visited-style-name="Visited_20_Internet_20_Link"><text:span text:style-name="T1">Ct 6:13</text:span></text:a><text:span text:style-name="T1"> Os amigos ao redor chegam querendo ver mais desta bela noiva. À medida que ela desce (em humilhação) ela sobe mais alto.</text:span></text:p><text:p text:style-name="P5"/><text:h text:style-name="P2" text:outline-level="2"><text:bookmark text:name="__RefHeading___Toc3092_1522826305"/>#727</text:h><text:p text:style-name="P5"/><text:p text:style-name="P6"><text:soft-page-break/>Se falhamos em guardar a verdade em amor, ficaremos abertos aos ataques do inimigo que quer nos precipitar em um dos muitos erros ao nosso redor.</text:p><text:p text:style-name="P5"/><text:h text:style-name="P1" text:outline-level="2"><text:bookmark text:name="__RefHeading___Toc3094_1522826305"/><text:a xlink:type="simple" xlink:href="http://mysword.info/b?r=son_7" text:style-name="Internet_20_link" text:visited-style-name="Visited_20_Internet_20_Link"><text:span text:style-name="T1">CANTARES DE SALOMÃO 7</text:span></text:a></text:h><text:p text:style-name="P5"/><text:p text:style-name="P5"><text:a xlink:type="simple" xlink:href="http://mysword.info/b?r=son_7:1" text:style-name="Internet_20_link" text:visited-style-name="Visited_20_Internet_20_Link"><text:span text:style-name="T1">Ct 7:1</text:span></text:a><text:span text:style-name="T1"> O versículo se refere a ela. Seus pés são lindos - veja Isaías </text:span><text:a xlink:type="simple" xlink:href="http://mysword.info/b?r=Isa_52:7" text:style-name="Internet_20_link" text:visited-style-name="Visited_20_Internet_20_Link"><text:span text:style-name="T1">52:7</text:span></text:a><text:span text:style-name="T1"> para ver os pés do Senhor descritos ali. Os pés sugerem o andar, a vida. Seu andar era perfeito e maravilhoso. Agora abra em Romanos </text:span><text:a xlink:type="simple" xlink:href="http://mysword.info/b?r=Rom_10:15" text:style-name="Internet_20_link" text:visited-style-name="Visited_20_Internet_20_Link"><text:span text:style-name="T1">10:15</text:span></text:a><text:span text:style-name="T1"> para ver uma descrição dos pés, do andar e da vida do crente em Cristo hoje. Que cada um de nós possa guardar isto no coração.</text:span></text:p><text:p text:style-name="P5"/><text:p text:style-name="P5"><text:span text:style-name="T1">A noiva tem agora um título real. Aproxima-se o grande dia quando ela será a rainha da terra - </text:span><text:a xlink:type="simple" xlink:href="http://mysword.info/b?r=Psa_45:9" text:style-name="Internet_20_link" text:visited-style-name="Visited_20_Internet_20_Link"><text:span text:style-name="T1">Salmo 45:9</text:span></text:a><text:span text:style-name="T1">. Isto acontecerá no Milênio.</text:span></text:p><text:p text:style-name="P5"/><text:p text:style-name="P5"><text:a xlink:type="simple" xlink:href="http://mysword.info/b?r=son_7:1-9" text:style-name="Internet_20_link" text:visited-style-name="Visited_20_Internet_20_Link"><text:span text:style-name="T1">Ct 7:1-9</text:span></text:a><text:span text:style-name="T1"> Isto só revela novas expressões de amor que partem de seus lábios. Ele a vê sob uma nova luz.</text:span></text:p><text:p text:style-name="P5"/><text:p text:style-name="P5"><text:a xlink:type="simple" xlink:href="http://mysword.info/b?r=son_7:10" text:style-name="Internet_20_link" text:visited-style-name="Visited_20_Internet_20_Link"><text:span text:style-name="T1">Ct 7:10</text:span></text:a><text:span text:style-name="T1"> Esta pode ser a nota mais elevada já soada pela noiva. Todos pensamentos acerca de si mesma já se foram, ela descansa no amor dEle. &quot;Eu me satisfarei da tua semelhança quando acordar.&quot; Salmo </text:span><text:a xlink:type="simple" xlink:href="http://mysword.info/b?r=Psa_17:15" text:style-name="Internet_20_link" text:visited-style-name="Visited_20_Internet_20_Link"><text:span text:style-name="T1">17:15</text:span></text:a><text:span text:style-name="T1">.</text:span></text:p><text:p text:style-name="P5"/><text:p text:style-name="P5"><text:a xlink:type="simple" xlink:href="http://mysword.info/b?r=son_7:11-13" text:style-name="Internet_20_link" text:visited-style-name="Visited_20_Internet_20_Link"><text:span text:style-name="T1">Ct 7:11-13</text:span></text:a><text:span text:style-name="T1"> Ela diz &quot;Nós&quot; quatro vezes (Saiamos, passemos, levantemo-nos, vejamos). Ela tem perfeita confiança ao falar com ele com tanto arrojo. Ela sabe muito bem o quanto ele a ama. Existe uma perfeita unidade de vontade, ela sabe exatamente quais são os seus pensamentos. O amor dela está completo, e ainda assim ela deseja mais. Tudo isso é uma figura da condição de toda a terra durante o milênio.</text:span></text:p><text:p text:style-name="P5"/><text:h text:style-name="P2" text:outline-level="2"><text:bookmark text:name="__RefHeading___Toc3096_1522826305"/>#728</text:h><text:p text:style-name="P5"/><text:p text:style-name="P6">A verdade de Deus dirige-se ao coração e à consciência; o inimigo dirige os seus esforços ao intelecto.</text:p><text:p text:style-name="P5"/><text:h text:style-name="P1" text:outline-level="2"><text:bookmark text:name="__RefHeading___Toc3098_1522826305"/><text:a xlink:type="simple" xlink:href="http://mysword.info/b?r=son_8" text:style-name="Internet_20_link" text:visited-style-name="Visited_20_Internet_20_Link"><text:span text:style-name="T1">CANTARES DE SALOMÃO 8</text:span></text:a></text:h><text:p text:style-name="P5"/><text:p text:style-name="P6">Uma revisão de todo o livro.</text:p><text:p text:style-name="P5"/><text:p text:style-name="P5"><text:a xlink:type="simple" xlink:href="http://mysword.info/b?r=son_8:1-5" text:style-name="Internet_20_link" text:visited-style-name="Visited_20_Internet_20_Link"><text:span text:style-name="T1">Ct 8:1-5</text:span></text:a><text:span text:style-name="T1"> A noiva deseja ardentemente pelo noivo. Ela almeja entregar a ele uma taça de doces alegrias! Assim ela lhe diz o quanto apreciou tudo o que ele fez por ela.</text:span></text:p><text:p text:style-name="P5"/><text:p text:style-name="P5"><text:a xlink:type="simple" xlink:href="http://mysword.info/b?r=son_8:5" text:style-name="Internet_20_link" text:visited-style-name="Visited_20_Internet_20_Link"><text:span text:style-name="T1">Ct 8:5</text:span></text:a><text:span text:style-name="T1"> Ele recorda a ela que foi ele quem a levantou.</text:span></text:p><text:p text:style-name="P5"/><text:p text:style-name="P5"><text:a xlink:type="simple" xlink:href="http://mysword.info/b?r=son_8:6-7" text:style-name="Internet_20_link" text:visited-style-name="Visited_20_Internet_20_Link"><text:span text:style-name="T1">Ct 8:6-7</text:span></text:a><text:span text:style-name="T1"> O que pode ser comparado ao amor! O que é mais forte!</text:span></text:p><text:p text:style-name="P5"/><text:p text:style-name="P5"><text:a xlink:type="simple" xlink:href="http://mysword.info/b?r=son_8:8-9" text:style-name="Internet_20_link" text:visited-style-name="Visited_20_Internet_20_Link"><text:span text:style-name="T1">Ct 8:8-9</text:span></text:a><text:span text:style-name="T1"> Para entender isto, você precisa se lembrar do que aconteceu há muito tempo atrás na história de Israel. O reino foi dividido em dois reinos - Judá e Benjamim, chamados o reino de Judá, e as outras dez tribos, conhecidas como reino de Israel. Este último foi levado para o cativeiro. Estão hoje espalhados por algum lugar do mundo. O Senhor Jesus nasceu na tribo de Judá. Mas quando o Senhor Jesus retornar em glória, irá reunir as dez tribos perdidas, trazendo-as de todo o mundo. Essas tribos formam a &quot;irmã pequena&quot;. Não tiveram parte na rejeição do Salvador, mas foram adoradores de ídolos. Todavia, entrarão na bênção também, no final, mas não em uma bênção tão grande quanto Judá.</text:span></text:p><text:p text:style-name="P5"/><text:p text:style-name="P5"><text:a xlink:type="simple" xlink:href="http://mysword.info/b?r=son_8:11-14" text:style-name="Internet_20_link" text:visited-style-name="Visited_20_Internet_20_Link"><text:span text:style-name="T1">Ct 8:11-14</text:span></text:a><text:span text:style-name="T1"> Refere-se a toda a Terra no milênio. A Terra estará então unificada; cada coração estará cheio de gozo pois o Senhor Jesus é sua fonte. Você já percebeu o progresso nos três versículos mencionados quando estávamos lendo </text:span><text:a xlink:type="simple" xlink:href="http://mysword.info/b?r=son_2:16" text:style-name="Internet_20_link" text:visited-style-name="Visited_20_Internet_20_Link"><text:span text:style-name="T1">2:16</text:span></text:a><text:span text:style-name="T1">? Com frequência colocamos a nós mesmos em primeiro lugar como acontece naquele versículo. O segundo fala de algum progresso, mas ela ainda continua pensando um pouco no amor que tem por ele. Mas o </text:span><text:a xlink:type="simple" xlink:href="http://mysword.info/b?r=son_8:3" text:style-name="Internet_20_link" text:visited-style-name="Visited_20_Internet_20_Link"><text:span text:style-name="T1">terceiro</text:span></text:a><text:span text:style-name="T1"> versículo nos diz que o amor de Cristo por nós é o amor supremo. Está compreendendo?</text:span></text:p><text:p text:style-name="P5"/></text:section></office:text></office:body></office:document-content>