<?xml version="1.0" encoding="UTF-8"?>
<office:document-content xmlns:office="urn:oasis:names:tc:opendocument:xmlns:office:1.0" xmlns:style="urn:oasis:names:tc:opendocument:xmlns:style:1.0" xmlns:text="urn:oasis:names:tc:opendocument:xmlns:text:1.0" xmlns:table="urn:oasis:names:tc:opendocument:xmlns:table:1.0" xmlns:draw="urn:oasis:names:tc:opendocument:xmlns:drawing:1.0" xmlns:fo="urn:oasis:names:tc:opendocument:xmlns:xsl-fo-compatible:1.0" xmlns:xlink="http://www.w3.org/1999/xlink" xmlns:dc="http://purl.org/dc/elements/1.1/" xmlns:meta="urn:oasis:names:tc:opendocument:xmlns:meta:1.0" xmlns:number="urn:oasis:names:tc:opendocument:xmlns:datastyle:1.0" xmlns:svg="urn:oasis:names:tc:opendocument:xmlns:svg-compatible:1.0" xmlns:chart="urn:oasis:names:tc:opendocument:xmlns:chart:1.0" xmlns:dr3d="urn:oasis:names:tc:opendocument:xmlns:dr3d:1.0" xmlns:math="http://www.w3.org/1998/Math/MathML" xmlns:form="urn:oasis:names:tc:opendocument:xmlns:form:1.0" xmlns:script="urn:oasis:names:tc:opendocument:xmlns:script:1.0" xmlns:ooo="http://openoffice.org/2004/office" xmlns:ooow="http://openoffice.org/2004/writer" xmlns:oooc="http://openoffice.org/2004/calc" xmlns:dom="http://www.w3.org/2001/xml-events" xmlns:xforms="http://www.w3.org/2002/xforms" xmlns:xsd="http://www.w3.org/2001/XMLSchema" xmlns:xsi="http://www.w3.org/2001/XMLSchema-instance" xmlns:rpt="http://openoffice.org/2005/report" xmlns:of="urn:oasis:names:tc:opendocument:xmlns:of:1.2" xmlns:xhtml="http://www.w3.org/1999/xhtml" xmlns:grddl="http://www.w3.org/2003/g/data-view#" xmlns:officeooo="http://openoffice.org/2009/office" xmlns:tableooo="http://openoffice.org/2009/table" xmlns:drawooo="http://openoffice.org/2010/draw" xmlns:calcext="urn:org:documentfoundation:names:experimental:calc:xmlns:calcext:1.0" xmlns:loext="urn:org:documentfoundation:names:experimental:office:xmlns:loext:1.0" xmlns:field="urn:openoffice:names:experimental:ooo-ms-interop:xmlns:field:1.0" xmlns:formx="urn:openoffice:names:experimental:ooxml-odf-interop:xmlns:form:1.0" xmlns:css3t="http://www.w3.org/TR/css3-text/" office:version="1.2"><office:scripts/><office:font-face-decls><style:font-face style:name="FreeSans1" svg:font-family="FreeSans"/><style:font-face style:name="Liberation Sans" svg:font-family="&apos;Liberation Sans&apos;, sans-serif"/><style:font-face style:name="Noto Sans CJK SC Regular1" svg:font-family="&apos;Noto Sans CJK SC Regular&apos;"/><style:font-face style:name="FreeSans2" svg:font-family="FreeSans" style:font-family-generic="swiss"/><style:font-face style:name="Liberation Serif" svg:font-family="&apos;Liberation Serif&apos;" style:font-family-generic="roman" style:font-pitch="variable"/><style:font-face style:name="Thorndale" svg:font-family="Thorndale" style:font-family-generic="roman" style:font-pitch="variable"/><style:font-face style:name="Albany" svg:font-family="Albany" style:font-family-generic="swiss" style:font-pitch="variable"/><style:font-face style:name="FreeSans" svg:font-family="FreeSans" style:font-family-generic="system" style:font-pitch="variable"/><style:font-face style:name="Noto Sans CJK SC Regular" svg:font-family="&apos;Noto Sans CJK SC Regular&apos;" style:font-family-generic="system" style:font-pitch="variable"/></office:font-face-decls><office:automatic-styles><style:style style:name="P1" style:family="paragraph" style:parent-style-name="Heading_20_2"><style:paragraph-properties fo:line-height="150%"/><style:text-properties style:font-name="Liberation Sans" fo:font-size="12pt"/></style:style><style:style style:name="P2" style:family="paragraph" style:parent-style-name="Heading_20_2"><style:paragraph-properties fo:line-height="150%"/></style:style><style:style style:name="P3" style:family="paragraph" style:parent-style-name="Heading_20_2"><style:paragraph-properties fo:line-height="150%" fo:break-before="page"/><style:text-properties style:font-name="Liberation Sans" fo:font-size="12pt"/></style:style><style:style style:name="P4" style:family="paragraph" style:parent-style-name="Text_20_body" style:master-page-name="HTML"><style:paragraph-properties fo:margin-top="0cm" fo:margin-bottom="0cm" loext:contextual-spacing="false" fo:line-height="150%" fo:text-align="start" style:justify-single-word="false" style:page-number="auto"/></style:style><style:style style:name="P5" style:family="paragraph" style:parent-style-name="Text_20_body"><style:paragraph-properties fo:margin-top="0cm" fo:margin-bottom="0cm" loext:contextual-spacing="false" fo:line-height="150%" fo:text-align="start" style:justify-single-word="false"/></style:style><style:style style:name="P6" style:family="paragraph" style:parent-style-name="Text_20_body"><style:paragraph-properties fo:margin-top="0cm" fo:margin-bottom="0cm" loext:contextual-spacing="false" fo:line-height="150%" fo:text-align="justify" style:justify-single-word="false"/></style:style><style:style style:name="P7" style:family="paragraph" style:parent-style-name="Text_20_body"><style:paragraph-properties fo:margin-top="0cm" fo:margin-bottom="0cm" loext:contextual-spacing="false" fo:line-height="150%" fo:text-align="justify" style:justify-single-word="false"/><style:text-properties style:font-name="Liberation Sans" fo:font-size="12pt"/></style:style><style:style style:name="T1" style:family="text"><style:text-properties style:font-name="Liberation Sans" fo:font-size="12pt"/></style:style><style:style style:name="T2" style:family="text"><style:text-properties style:font-name="Liberation Sans" fo:font-size="12pt" fo:font-weight="bold"/></style:style><style:style style:name="T3" style:family="text"><style:text-properties style:font-name="Liberation Sans" fo:font-size="12pt" fo:font-weight="normal"/></style:style><style:style style:name="T4" style:family="text"><style:text-properties fo:font-variant="normal" fo:text-transform="none"/></style:style><style:style style:name="T5" style:family="text"><style:text-properties fo:font-variant="normal" fo:text-transform="none" style:font-name="Liberation Sans" fo:font-size="12pt" fo:font-style="normal" fo:font-weight="normal"/></style:style><style:style style:name="T6" style:family="text"><style:text-properties fo:color="#000000"/></style:style><style:style style:name="T7" style:family="text"><style:text-properties fo:color="#000000" style:font-name="Liberation Sans" fo:font-size="12pt" fo:font-weight="normal"/></style:style><style:style style:name="T8" style:family="text"><style:text-properties fo:color="#000099" style:text-line-through-style="none" style:text-line-through-type="none" style:font-name="Liberation Sans" fo:font-size="12pt" style:text-underline-style="none" fo:font-weight="bold" style:text-blinking="false"/></style:style><style:style style:name="fr1" style:family="graphic" style:parent-style-name="Graphics"><style:graphic-properties style:wrap="right" style:number-wrapped-paragraphs="no-limit" style:wrap-contour="false" style:vertical-pos="top" style:vertical-rel="paragraph-content" style:horizontal-pos="left" style:horizontal-rel="paragraph" style:mirror="none" fo:clip="rect(0cm, 0cm, 0cm, 0cm)" draw:luminance="0%" draw:contrast="0%" draw:red="0%" draw:green="0%" draw:blue="0%" draw:gamma="100%" draw:color-inversion="false" draw:image-opacity="100%" draw:color-mode="standard"/></style:style><style:style style:name="Sect1" style:family="section"><style:section-properties style:writing-mode="lr-tb" style:editable="false"><style:columns fo:column-count="1" fo:column-gap="0cm"/></style:section-properties></style:style></office:automatic-styles><office:body><office:text><text:sequence-decls><text:sequence-decl text:display-outline-level="0" text:name="Illustration"/><text:sequence-decl text:display-outline-level="0" text:name="Table"/><text:sequence-decl text:display-outline-level="0" text:name="Text"/><text:sequence-decl text:display-outline-level="0" text:name="Drawing"/></text:sequence-decls><text:section text:style-name="Sect1" text:name="texto"><text:p text:style-name="P4"><draw:frame draw:style-name="fr1" draw:name="Figura1" text:anchor-type="paragraph" svg:width="17.013cm" svg:height="24.897cm" draw:z-index="0"><draw:image xlink:href="Pictures/1000020100000A5D00000F2F71FBB511A90B7010.png" xlink:type="simple" xlink:show="embed" xlink:actuate="onLoad"/></draw:frame><office:annotation><dc:date>2018-07-29T09:37:43.861563490</dc:date><text:p>HTML: &lt;meta name=&quot;created&quot; content=&quot;00:00:00&quot;&gt;</text:p></office:annotation><office:annotation><dc:date>2018-07-29T09:37:43.861582213</dc:date><text:p>HTML: &lt;meta name=&quot;changed&quot; content=&quot;2018-07-29T09:30:04.541291395&quot;&gt;</text:p></office:annotation><office:annotation><dc:date>2018-07-29T09:37:43.861594892</dc:date><text:p>HTML: &lt;meta name=&quot;created&quot; content=&quot;00:00:00&quot;&gt;</text:p></office:annotation><office:annotation><dc:date>2018-07-29T09:37:43.861608723</dc:date><text:p>HTML: &lt;meta name=&quot;changed&quot; content=&quot;2018-07-29T09:08:03.646625108&quot;&gt;</text:p></office:annotation><office:annotation><dc:date>2018-07-29T09:37:43.861620691</dc:date><text:p>HTML: &lt;meta name=&quot;created&quot; content=&quot;00:00:00&quot;&gt;</text:p></office:annotation><office:annotation><dc:date>2018-07-29T09:37:43.861633532</dc:date><text:p>HTML: &lt;meta name=&quot;changed&quot; content=&quot;2018-07-25T07:25:31.099764675&quot;&gt;</text:p></office:annotation><office:annotation><dc:date>2018-07-29T09:37:43.861644918</dc:date><text:p>HTML: &lt;meta name=&quot;created&quot; content=&quot;00:00:00&quot;&gt;</text:p></office:annotation><office:annotation><dc:date>2018-07-29T09:37:43.861657472</dc:date><text:p>HTML: &lt;meta name=&quot;changed&quot; content=&quot;2018-07-25T07:20:17.007648174&quot;&gt;</text:p></office:annotation><office:annotation><dc:date>2018-07-29T09:37:43.861668983</dc:date><text:p>HTML: &lt;meta name=&quot;created&quot; content=&quot;00:00:00&quot;&gt;</text:p></office:annotation><office:annotation><dc:date>2018-07-29T09:37:43.861681577</dc:date><text:p>HTML: &lt;meta name=&quot;changed&quot; content=&quot;2018-07-25T07:15:01.428929965&quot;&gt;</text:p></office:annotation></text:p><text:p text:style-name="P5"><text:span text:style-name="Strong_20_Emphasis"><text:span text:style-name="T5"><office:annotation><dc:date>2018-07-29T09:37:45.103144113</dc:date><text:p>HTML: &lt;meta name=&quot;created&quot; content=&quot;00:00:00&quot;&gt;</text:p></office:annotation></text:span></text:span><text:span text:style-name="Strong_20_Emphasis"><text:span text:style-name="T5"><office:annotation><dc:date>2018-07-29T09:37:45.103157394</dc:date><text:p>HTML: &lt;meta name=&quot;changed&quot; content=&quot;2018-07-23T18:48:08.837742544&quot;&gt;</text:p></office:annotation></text:span></text:span><text:span text:style-name="Strong_20_Emphasis"><text:span text:style-name="T5"><office:annotation><dc:date>2018-07-29T09:37:45.103167407</dc:date><text:p>HTML: &lt;meta name=&quot;created&quot; content=&quot;00:00:00&quot;&gt;</text:p></office:annotation></text:span></text:span><text:span text:style-name="Strong_20_Emphasis"><text:span text:style-name="T5"><office:annotation><dc:date>2018-07-29T09:37:45.103177978</dc:date><text:p>HTML: &lt;meta name=&quot;changed&quot; content=&quot;2018-07-23T18:44:45.449863815&quot;&gt;</text:p></office:annotation></text:span></text:span><text:span text:style-name="Strong_20_Emphasis"><text:span text:style-name="T5"><office:annotation><dc:date>2018-07-29T09:37:45.103187001</dc:date><text:p>HTML: &lt;meta name=&quot;created&quot; content=&quot;00:00:00&quot;&gt;</text:p></office:annotation></text:span></text:span><text:span text:style-name="Strong_20_Emphasis"><text:span text:style-name="T5"><office:annotation><dc:date>2018-07-29T09:37:45.103196655</dc:date><text:p>HTML: &lt;meta name=&quot;changed&quot; content=&quot;2018-07-23T17:39:17.305709851&quot;&gt;</text:p></office:annotation></text:span></text:span><text:span text:style-name="Strong_20_Emphasis"><text:span text:style-name="T5"><office:annotation><dc:date>2018-07-29T09:37:45.103205844</dc:date><text:p>HTML: &lt;meta name=&quot;created&quot; content=&quot;00:00:00&quot;&gt;</text:p></office:annotation></text:span></text:span><text:span text:style-name="Strong_20_Emphasis"><text:span text:style-name="T5"><office:annotation><dc:date>2018-07-29T09:37:45.103216321</dc:date><text:p>HTML: &lt;meta name=&quot;changed&quot; content=&quot;2018-07-01T22:56:58.910310133&quot;&gt;</text:p></office:annotation></text:span></text:span><text:span text:style-name="Strong_20_Emphasis"><text:span text:style-name="T5"><office:annotation><dc:date>2018-07-29T09:37:45.103226006</dc:date><text:p>HTML: &lt;meta name=&quot;created&quot; content=&quot;00:00:00&quot;&gt;</text:p></office:annotation></text:span></text:span><text:span text:style-name="Strong_20_Emphasis"><text:span text:style-name="T5"><office:annotation><dc:date>2018-07-29T09:37:45.103235765</dc:date><text:p>HTML: &lt;meta name=&quot;changed&quot; content=&quot;2018-07-01T22:13:16.001692095&quot;&gt;</text:p></office:annotation></text:span></text:span><text:span text:style-name="Strong_20_Emphasis"><text:span text:style-name="T5"><office:annotation><dc:date>2018-07-29T09:37:45.103244835</dc:date><text:p>HTML: &lt;meta name=&quot;created&quot; content=&quot;00:00:00&quot;&gt;</text:p></office:annotation></text:span></text:span><text:span text:style-name="Strong_20_Emphasis"><text:span text:style-name="T5"><office:annotation><dc:date>2018-07-29T09:37:45.103254531</dc:date><text:p>HTML: &lt;meta name=&quot;changed&quot; content=&quot;00:00:00&quot;&gt;</text:p></office:annotation></text:span></text:span><text:span text:style-name="Strong_20_Emphasis"><text:span text:style-name="T5"><office:annotation><dc:date>2018-07-29T09:37:45.103263558</dc:date><text:p>HTML: &lt;meta name=&quot;created&quot; content=&quot;00:00:00&quot;&gt;</text:p></office:annotation></text:span></text:span><text:span text:style-name="Strong_20_Emphasis"><text:span text:style-name="T5"><office:annotation><dc:date>2018-07-29T09:37:45.103273417</dc:date><text:p>HTML: &lt;meta name=&quot;changed&quot; content=&quot;2018-06-29T22:40:27.905434121&quot;&gt;</text:p></office:annotation></text:span></text:span><text:span text:style-name="Strong_20_Emphasis"><text:span text:style-name="T5"><office:annotation><dc:date>2018-07-29T09:37:45.103282389</dc:date><text:p>HTML: &lt;meta name=&quot;created&quot; content=&quot;00:00:00&quot;&gt;</text:p></office:annotation></text:span></text:span><text:span text:style-name="Strong_20_Emphasis"><text:span text:style-name="T5"><office:annotation><dc:date>2018-07-29T09:37:45.103292578</dc:date><text:p>HTML: &lt;meta name=&quot;changed&quot; content=&quot;2018-06-29T22:19:54.818236607&quot;&gt;</text:p></office:annotation></text:span></text:span><text:span text:style-name="Strong_20_Emphasis"><text:span text:style-name="T5"><office:annotation><dc:date>2018-07-29T09:37:45.103301570</dc:date><text:p>HTML: &lt;meta name=&quot;created&quot; content=&quot;00:00:00&quot;&gt;</text:p></office:annotation></text:span></text:span><text:span text:style-name="Strong_20_Emphasis"><text:span text:style-name="T5"><office:annotation><dc:date>2018-07-29T09:37:45.103311646</dc:date><text:p>HTML: &lt;meta name=&quot;changed&quot; content=&quot;2018-06-29T16:48:09.289221502&quot;&gt;</text:p></office:annotation></text:span></text:span><text:span text:style-name="Strong_20_Emphasis"><text:span text:style-name="T5"><office:annotation><dc:date>2018-07-29T09:37:45.103320748</dc:date><text:p>HTML: &lt;meta name=&quot;created&quot; content=&quot;00:00:00&quot;&gt;</text:p></office:annotation></text:span></text:span><text:span text:style-name="Strong_20_Emphasis"><text:span text:style-name="T5"><office:annotation><dc:date>2018-07-29T09:37:45.103330778</dc:date><text:p>HTML: &lt;meta name=&quot;changed&quot; content=&quot;2018-06-28T13:04:28.492733451&quot;&gt;</text:p></office:annotation></text:span></text:span><text:span text:style-name="Strong_20_Emphasis"><text:span text:style-name="T5"><office:annotation><dc:date>2018-07-29T09:37:45.103339807</dc:date><text:p>HTML: &lt;meta name=&quot;created&quot; content=&quot;00:00:00&quot;&gt;</text:p></office:annotation></text:span></text:span><text:span text:style-name="Strong_20_Emphasis"><text:span text:style-name="T5"><office:annotation><dc:date>2018-07-29T09:37:45.103349679</dc:date><text:p>HTML: &lt;meta name=&quot;changed&quot; content=&quot;2018-06-26T16:14:44.639882738&quot;&gt;</text:p></office:annotation></text:span></text:span><text:span text:style-name="Strong_20_Emphasis"><text:span text:style-name="T5"><office:annotation><dc:date>2018-07-29T09:37:45.103358505</dc:date><text:p>HTML: &lt;meta name=&quot;created&quot; content=&quot;00:00:00&quot;&gt;</text:p></office:annotation></text:span></text:span><text:span text:style-name="Strong_20_Emphasis"><text:span text:style-name="T5"><office:annotation><dc:date>2018-07-29T09:37:45.103368501</dc:date><text:p>HTML: &lt;meta name=&quot;changed&quot; content=&quot;2018-06-26T00:07:28.897913089&quot;&gt;</text:p></office:annotation></text:span></text:span><text:span text:style-name="Strong_20_Emphasis"><text:span text:style-name="T5"><office:annotation><dc:date>2018-07-29T09:37:45.103377350</dc:date><text:p>HTML: &lt;meta name=&quot;created&quot; content=&quot;00:00:00&quot;&gt;</text:p></office:annotation></text:span></text:span><text:span text:style-name="Strong_20_Emphasis"><text:span text:style-name="T5"><office:annotation><dc:date>2018-07-29T09:37:45.103387142</dc:date><text:p>HTML: &lt;meta name=&quot;changed&quot; content=&quot;2018-06-25T20:14:42.039332923&quot;&gt;</text:p></office:annotation></text:span></text:span><text:span text:style-name="Strong_20_Emphasis"><text:span text:style-name="T5"><office:annotation><dc:date>2018-07-29T09:37:45.103396148</dc:date><text:p>HTML: &lt;meta name=&quot;created&quot; content=&quot;00:00:00&quot;&gt;</text:p></office:annotation></text:span></text:span><text:span text:style-name="Strong_20_Emphasis"><text:span text:style-name="T5"><office:annotation><dc:date>2018-07-29T09:37:45.103405982</dc:date><text:p>HTML: &lt;meta name=&quot;changed&quot; content=&quot;2018-06-24T22:32:07.411315002&quot;&gt;</text:p></office:annotation></text:span></text:span><text:span text:style-name="Strong_20_Emphasis"><text:span text:style-name="T5"><office:annotation><dc:date>2018-07-29T09:37:45.103414685</dc:date><text:p>HTML: &lt;meta name=&quot;created&quot; content=&quot;00:00:00&quot;&gt;</text:p></office:annotation></text:span></text:span><text:span text:style-name="Strong_20_Emphasis"><text:span text:style-name="T5"><office:annotation><dc:date>2018-07-29T09:37:45.103424764</dc:date><text:p>HTML: &lt;meta name=&quot;changed&quot; content=&quot;2018-06-24T15:42:01.493043692&quot;&gt;</text:p></office:annotation></text:span></text:span><text:span text:style-name="Strong_20_Emphasis"><text:span text:style-name="T5"><office:annotation><dc:date>2018-07-29T09:37:45.103433740</dc:date><text:p>HTML: &lt;meta name=&quot;created&quot; content=&quot;00:00:00&quot;&gt;</text:p></office:annotation></text:span></text:span><text:span text:style-name="Strong_20_Emphasis"><text:span text:style-name="T5"><office:annotation><dc:date>2018-07-29T09:37:45.103443587</dc:date><text:p>HTML: &lt;meta name=&quot;changed&quot; content=&quot;2018-06-24T09:30:05.416727667&quot;&gt;</text:p></office:annotation></text:span></text:span><text:span text:style-name="Strong_20_Emphasis"><text:span text:style-name="T5"><office:annotation><dc:date>2018-07-29T09:37:45.103452488</dc:date><text:p>HTML: &lt;meta name=&quot;created&quot; content=&quot;00:00:00&quot;&gt;</text:p></office:annotation></text:span></text:span><text:span text:style-name="Strong_20_Emphasis"><text:span text:style-name="T5"><office:annotation><dc:date>2018-07-29T09:37:45.103462412</dc:date><text:p>HTML: &lt;meta name=&quot;changed&quot; content=&quot;2018-06-23T16:36:03.100363804&quot;&gt;</text:p></office:annotation></text:span></text:span><text:span text:style-name="Strong_20_Emphasis"><text:span text:style-name="T5"><office:annotation><dc:date>2018-07-29T09:37:45.103471209</dc:date><text:p>HTML: &lt;meta name=&quot;created&quot; content=&quot;00:00:00&quot;&gt;</text:p></office:annotation></text:span></text:span><text:span text:style-name="Strong_20_Emphasis"><text:span text:style-name="T5"><office:annotation><dc:date>2018-07-29T09:37:45.103481097</dc:date><text:p>HTML: &lt;meta name=&quot;changed&quot; content=&quot;2018-06-23T11:36:03.222001170&quot;&gt;</text:p></office:annotation></text:span></text:span><text:span text:style-name="Strong_20_Emphasis"><text:span text:style-name="T5"><office:annotation><dc:date>2018-07-29T09:37:45.103490008</dc:date><text:p>HTML: &lt;meta name=&quot;created&quot; content=&quot;00:00:00&quot;&gt;</text:p></office:annotation></text:span></text:span><text:span text:style-name="Strong_20_Emphasis"><text:span text:style-name="T5"><office:annotation><dc:date>2018-07-29T09:37:45.103499888</dc:date><text:p>HTML: &lt;meta name=&quot;changed&quot; content=&quot;2018-06-21T23:23:09.057807835&quot;&gt;</text:p></office:annotation></text:span></text:span><text:span text:style-name="Strong_20_Emphasis"><text:span text:style-name="T5"><office:annotation><dc:date>2018-07-29T09:37:45.103508907</dc:date><text:p>HTML: &lt;meta name=&quot;created&quot; content=&quot;00:00:00&quot;&gt;</text:p></office:annotation></text:span></text:span><text:span text:style-name="Strong_20_Emphasis"><text:span text:style-name="T5"><office:annotation><dc:date>2018-07-29T09:37:45.103518857</dc:date><text:p>HTML: &lt;meta name=&quot;changed&quot; content=&quot;2018-06-21T17:55:17.865393136&quot;&gt;</text:p></office:annotation></text:span></text:span><text:span text:style-name="Strong_20_Emphasis"><text:span text:style-name="T5"><office:annotation><dc:date>2018-07-29T09:37:45.103527903</dc:date><text:p>HTML: &lt;meta name=&quot;created&quot; content=&quot;00:00:00&quot;&gt;</text:p></office:annotation></text:span></text:span><text:span text:style-name="Strong_20_Emphasis"><text:span text:style-name="T5"><office:annotation><dc:date>2018-07-29T09:37:45.103537705</dc:date><text:p>HTML: &lt;meta name=&quot;changed&quot; content=&quot;2018-06-21T12:21:22.763521742&quot;&gt;</text:p></office:annotation></text:span></text:span><text:span text:style-name="Strong_20_Emphasis"><text:span text:style-name="T5"><office:annotation><dc:date>2018-07-29T09:37:45.103546513</dc:date><text:p>HTML: &lt;meta name=&quot;created&quot; content=&quot;00:00:00&quot;&gt;</text:p></office:annotation></text:span></text:span><text:span text:style-name="Strong_20_Emphasis"><text:span text:style-name="T5"><office:annotation><dc:date>2018-07-29T09:37:45.103556595</dc:date><text:p>HTML: &lt;meta name=&quot;changed&quot; content=&quot;2018-06-20T18:34:19.830157535&quot;&gt;</text:p></office:annotation></text:span></text:span><text:span text:style-name="Strong_20_Emphasis"><text:span text:style-name="T5"><office:annotation><dc:date>2018-07-29T09:37:45.103565578</dc:date><text:p>HTML: &lt;meta name=&quot;created&quot; content=&quot;00:00:00&quot;&gt;</text:p></office:annotation></text:span></text:span><text:span text:style-name="Strong_20_Emphasis"><text:span text:style-name="T5"><office:annotation><dc:date>2018-07-29T09:37:45.103575664</dc:date><text:p>HTML: &lt;meta name=&quot;changed&quot; content=&quot;2018-06-19T12:54:18.844691454&quot;&gt;</text:p></office:annotation></text:span></text:span><text:span text:style-name="Strong_20_Emphasis"><text:span text:style-name="T5"><office:annotation><dc:date>2018-07-29T09:37:45.103584593</dc:date><text:p>HTML: &lt;meta name=&quot;created&quot; content=&quot;00:00:00&quot;&gt;</text:p></office:annotation></text:span></text:span><text:span text:style-name="Strong_20_Emphasis"><text:span text:style-name="T5"><office:annotation><dc:date>2018-07-29T09:37:45.103594387</dc:date><text:p>HTML: &lt;meta name=&quot;changed&quot; content=&quot;2018-06-18T23:20:12.738581285&quot;&gt;</text:p></office:annotation></text:span></text:span><text:span text:style-name="Strong_20_Emphasis"><text:span text:style-name="T5"><office:annotation><dc:date>2018-07-29T09:37:45.103603114</dc:date><text:p>HTML: &lt;meta name=&quot;created&quot; content=&quot;00:00:00&quot;&gt;</text:p></office:annotation></text:span></text:span><text:span text:style-name="Strong_20_Emphasis"><text:span text:style-name="T5"><office:annotation><dc:date>2018-07-29T09:37:45.103612708</dc:date><text:p>HTML: &lt;meta name=&quot;changed&quot; content=&quot;2018-06-18T20:39:37.890329984&quot;&gt;</text:p></office:annotation></text:span></text:span><text:span text:style-name="Strong_20_Emphasis"><text:span text:style-name="T5"><office:annotation><dc:date>2018-07-29T09:37:45.103621281</dc:date><text:p>HTML: &lt;meta name=&quot;created&quot; content=&quot;00:00:00&quot;&gt;</text:p></office:annotation></text:span></text:span><text:span text:style-name="Strong_20_Emphasis"><text:span text:style-name="T5"><office:annotation><dc:date>2018-07-29T09:37:45.103630747</dc:date><text:p>HTML: &lt;meta name=&quot;changed&quot; content=&quot;2018-06-18T12:45:23.879199387&quot;&gt;</text:p></office:annotation></text:span></text:span><text:span text:style-name="Strong_20_Emphasis"><text:span text:style-name="T5"><office:annotation><dc:date>2018-07-29T09:37:45.103639660</dc:date><text:p>HTML: &lt;meta name=&quot;created&quot; content=&quot;00:00:00&quot;&gt;</text:p></office:annotation></text:span></text:span><text:span text:style-name="Strong_20_Emphasis"><text:span text:style-name="T5"><office:annotation><dc:date>2018-07-29T09:37:45.103649216</dc:date><text:p>HTML: &lt;meta name=&quot;changed&quot; content=&quot;2018-06-17T20:02:02.143589569&quot;&gt;</text:p></office:annotation></text:span></text:span><text:span text:style-name="Strong_20_Emphasis"><text:span text:style-name="T5"><office:annotation><dc:date>2018-07-29T09:37:45.103657986</dc:date><text:p>HTML: &lt;meta name=&quot;created&quot; content=&quot;00:00:00&quot;&gt;</text:p></office:annotation></text:span></text:span><text:span text:style-name="Strong_20_Emphasis"><text:span text:style-name="T5"><office:annotation><dc:date>2018-07-29T09:37:45.103667590</dc:date><text:p>HTML: &lt;meta name=&quot;changed&quot; content=&quot;2018-06-17T19:45:54.789583280&quot;&gt;</text:p></office:annotation></text:span></text:span><text:span text:style-name="Strong_20_Emphasis"><text:span text:style-name="T5"><office:annotation><dc:date>2018-07-29T09:37:45.103676558</dc:date><text:p>HTML: &lt;meta name=&quot;created&quot; content=&quot;00:00:00&quot;&gt;</text:p></office:annotation></text:span></text:span><text:span text:style-name="Strong_20_Emphasis"><text:span text:style-name="T5"><office:annotation><dc:date>2018-07-29T09:37:45.103686020</dc:date><text:p>HTML: &lt;meta name=&quot;changed&quot; content=&quot;2018-06-16T15:19:53.989201345&quot;&gt;</text:p></office:annotation></text:span></text:span><text:span text:style-name="Strong_20_Emphasis"><text:span text:style-name="T5"><office:annotation><dc:date>2018-07-29T09:37:45.103694505</dc:date><text:p>HTML: &lt;meta name=&quot;created&quot; content=&quot;00:00:00&quot;&gt;</text:p></office:annotation></text:span></text:span><text:span text:style-name="Strong_20_Emphasis"><text:span text:style-name="T5"><office:annotation><dc:date>2018-07-29T09:37:45.103704250</dc:date><text:p>HTML: &lt;meta name=&quot;changed&quot; content=&quot;2018-06-16T13:50:44.432862129&quot;&gt;</text:p></office:annotation></text:span></text:span><text:span text:style-name="Strong_20_Emphasis"><text:span text:style-name="T5"><office:annotation><dc:date>2018-07-29T09:37:45.103712709</dc:date><text:p>HTML: &lt;meta name=&quot;created&quot; content=&quot;00:00:00&quot;&gt;</text:p></office:annotation></text:span></text:span><text:span text:style-name="Strong_20_Emphasis"><text:span text:style-name="T5"><office:annotation><dc:date>2018-07-29T09:37:45.103722083</dc:date><text:p>HTML: &lt;meta name=&quot;changed&quot; content=&quot;2018-06-16T10:49:58.030689160&quot;&gt;</text:p></office:annotation></text:span></text:span><text:span text:style-name="Strong_20_Emphasis"><text:span text:style-name="T5"><office:annotation><dc:date>2018-07-29T09:37:45.103730670</dc:date><text:p>HTML: &lt;meta name=&quot;created&quot; content=&quot;00:00:00&quot;&gt;</text:p></office:annotation></text:span></text:span><text:span text:style-name="Strong_20_Emphasis"><text:span text:style-name="T5"><office:annotation><dc:date>2018-07-29T09:37:45.103740187</dc:date><text:p>HTML: &lt;meta name=&quot;changed&quot; content=&quot;2018-06-15T13:05:31.693854059&quot;&gt;</text:p></office:annotation></text:span></text:span><text:span text:style-name="Strong_20_Emphasis"><text:span text:style-name="T5"><office:annotation><dc:date>2018-07-29T09:37:45.103749731</dc:date><text:p>HTML: &lt;meta name=&quot;changed&quot; content=&quot;2018-06-15T16:46:54.538249678&quot;&gt;</text:p></office:annotation></text:span></text:span><text:span text:style-name="Strong_20_Emphasis"><text:span text:style-name="T5"><office:annotation><dc:date>2018-07-29T09:37:45.103758536</dc:date><text:p>HTML: &lt;meta name=&quot;created&quot; content=&quot;00:00:00&quot;&gt;</text:p></office:annotation></text:span></text:span><text:span text:style-name="Strong_20_Emphasis"><text:span text:style-name="T5"><office:annotation><dc:date>2018-07-29T09:37:45.103767746</dc:date><text:p>HTML: &lt;meta name=&quot;changed&quot; content=&quot;2018-06-14T22:55:38.007259856&quot;&gt;</text:p></office:annotation></text:span></text:span><text:span text:style-name="Strong_20_Emphasis"><text:span text:style-name="T5"><office:annotation><dc:date>2018-07-29T09:37:45.103776893</dc:date><text:p>HTML: &lt;meta name=&quot;created&quot; content=&quot;00:00:00&quot;&gt;</text:p></office:annotation></text:span></text:span><text:span text:style-name="Strong_20_Emphasis"><text:span text:style-name="T5"><office:annotation><dc:date>2018-07-29T09:37:45.103786319</dc:date><text:p>HTML: &lt;meta name=&quot;changed&quot; content=&quot;2018-06-14T20:52:51.033526204&quot;&gt;</text:p></office:annotation></text:span></text:span><text:span text:style-name="Strong_20_Emphasis"><text:span text:style-name="T5"><office:annotation><dc:date>2018-07-29T09:37:45.103795316</dc:date><text:p>HTML: &lt;meta name=&quot;created&quot; content=&quot;00:00:00&quot;&gt;</text:p></office:annotation></text:span></text:span><text:span text:style-name="Strong_20_Emphasis"><text:span text:style-name="T5"><office:annotation><dc:date>2018-07-29T09:37:45.103804749</dc:date><text:p>HTML: &lt;meta name=&quot;changed&quot; content=&quot;2018-06-14T17:27:12.577284577&quot;&gt;</text:p></office:annotation></text:span></text:span><text:span text:style-name="Strong_20_Emphasis"><text:span text:style-name="T5"><office:annotation><dc:date>2018-07-29T09:37:45.103831145</dc:date><text:p>HTML: &lt;meta name=&quot;created&quot; content=&quot;00:00:00&quot;&gt;</text:p></office:annotation></text:span></text:span><text:span text:style-name="Strong_20_Emphasis"><text:span text:style-name="T5"><office:annotation><dc:date>2018-07-29T09:37:45.103841399</dc:date><text:p>HTML: &lt;meta name=&quot;changed&quot; content=&quot;2018-06-14T12:58:12.332824081&quot;&gt;</text:p></office:annotation></text:span></text:span><text:span text:style-name="Strong_20_Emphasis"><text:span text:style-name="T5"><office:annotation><dc:date>2018-07-29T09:37:45.103850253</dc:date><text:p>HTML: &lt;meta name=&quot;created&quot; content=&quot;00:00:00&quot;&gt;</text:p></office:annotation></text:span></text:span><text:span text:style-name="Strong_20_Emphasis"><text:span text:style-name="T5"><office:annotation><dc:date>2018-07-29T09:37:45.103859802</dc:date><text:p>HTML: &lt;meta name=&quot;changed&quot; content=&quot;2018-06-14T07:07:38.845049501&quot;&gt;</text:p></office:annotation></text:span></text:span><text:span text:style-name="Strong_20_Emphasis"><text:span text:style-name="T5"><office:annotation><dc:date>2018-07-29T09:37:45.103868522</dc:date><text:p>HTML: &lt;meta name=&quot;created&quot; content=&quot;00:00:00&quot;&gt;</text:p></office:annotation></text:span></text:span><text:span text:style-name="Strong_20_Emphasis"><text:span text:style-name="T5"><office:annotation><dc:date>2018-07-29T09:37:45.103877974</dc:date><text:p>HTML: &lt;meta name=&quot;changed&quot; content=&quot;2018-06-13T22:59:08.975991996&quot;&gt;</text:p></office:annotation></text:span></text:span><text:span text:style-name="Strong_20_Emphasis"><text:span text:style-name="T5"><office:annotation><dc:date>2018-07-29T09:37:45.103887125</dc:date><text:p>HTML: &lt;meta name=&quot;created&quot; content=&quot;00:00:00&quot;&gt;</text:p></office:annotation></text:span></text:span><text:span text:style-name="Strong_20_Emphasis"><text:span text:style-name="T5"><office:annotation><dc:date>2018-07-29T09:37:45.103901348</dc:date><text:p>HTML: &lt;meta name=&quot;changed&quot; content=&quot;2018-06-13T20:26:03.305702553&quot;&gt;</text:p></office:annotation></text:span></text:span><text:span text:style-name="Strong_20_Emphasis"><text:span text:style-name="T5"><office:annotation><dc:date>2018-07-29T09:37:45.103917122</dc:date><text:p>HTML: &lt;meta name=&quot;created&quot; content=&quot;00:00:00&quot;&gt;</text:p></office:annotation></text:span></text:span><text:span text:style-name="Strong_20_Emphasis"><text:span text:style-name="T5"><office:annotation><dc:date>2018-07-29T09:37:45.103933151</dc:date><text:p>HTML: &lt;meta name=&quot;changed&quot; content=&quot;2018-06-12T12:28:00.714637591&quot;&gt;</text:p></office:annotation></text:span></text:span><text:span text:style-name="Strong_20_Emphasis"><text:span text:style-name="T5"><office:annotation><dc:date>2018-07-29T09:37:45.103947140</dc:date><text:p>HTML: &lt;meta name=&quot;created&quot; content=&quot;00:00:00&quot;&gt;</text:p></office:annotation></text:span></text:span><text:span text:style-name="Strong_20_Emphasis"><text:span text:style-name="T5"><office:annotation><dc:date>2018-07-29T09:37:45.103963749</dc:date><text:p>HTML: &lt;meta name=&quot;changed&quot; content=&quot;2018-06-11T22:59:09.625284365&quot;&gt;</text:p></office:annotation></text:span></text:span><text:span text:style-name="Strong_20_Emphasis"><text:span text:style-name="T5"><office:annotation><dc:date>2018-07-29T09:37:45.103981019</dc:date><text:p>HTML: &lt;meta name=&quot;created&quot; content=&quot;2018-06-11T22:51:04.642681485&quot;&gt;</text:p></office:annotation></text:span></text:span><text:span text:style-name="Strong_20_Emphasis"><text:span text:style-name="T5"><office:annotation><dc:date>2018-07-29T09:37:45.103992273</dc:date><text:p>HTML: &lt;meta name=&quot;changed&quot; content=&quot;2018-06-11T22:52:11.240135258&quot;&gt;</text:p></office:annotation></text:span></text:span><text:span text:style-name="Strong_20_Emphasis"><text:span text:style-name="T5">Título: </text:span></text:span><text:span text:style-name="Strong_20_Emphasis"><text:span text:style-name="T5"><office:annotation><dc:date>2018-07-29T09:37:45.104059830</dc:date><text:p>HTML: &lt;meta name=&quot;created&quot; content=&quot;00:00:00&quot;&gt;</text:p></office:annotation></text:span></text:span><text:span text:style-name="Strong_20_Emphasis"><text:span text:style-name="T5"><office:annotation><dc:date>2018-07-29T09:37:45.104070454</dc:date><text:p>HTML: &lt;meta name=&quot;changed&quot; content=&quot;2018-06-14T22:55:38.007259856&quot;&gt;</text:p></office:annotation></text:span></text:span><text:span text:style-name="Strong_20_Emphasis"><text:span text:style-name="T5"><office:annotation><dc:date>2018-07-29T09:37:45.104079393</dc:date><text:p>HTML: &lt;meta name=&quot;created&quot; content=&quot;00:00:00&quot;&gt;</text:p></office:annotation></text:span></text:span><text:span text:style-name="Strong_20_Emphasis"><text:span text:style-name="T5"><office:annotation><dc:date>2018-07-29T09:37:45.104089528</dc:date><text:p>HTML: &lt;meta name=&quot;changed&quot; content=&quot;2018-06-14T20:52:51.033526204&quot;&gt;</text:p></office:annotation></text:span></text:span><text:span text:style-name="Strong_20_Emphasis"><text:span text:style-name="T5"><office:annotation><dc:date>2018-07-29T09:37:45.104098232</dc:date><text:p>HTML: &lt;meta name=&quot;created&quot; content=&quot;00:00:00&quot;&gt;</text:p></office:annotation></text:span></text:span><text:span text:style-name="Strong_20_Emphasis"><text:span text:style-name="T5"><office:annotation><dc:date>2018-07-29T09:37:45.104107902</dc:date><text:p>HTML: &lt;meta name=&quot;changed&quot; content=&quot;2018-06-14T17:27:12.577284577&quot;&gt;</text:p></office:annotation></text:span></text:span><text:span text:style-name="Strong_20_Emphasis"><text:span text:style-name="T5"><office:annotation><dc:date>2018-07-29T09:37:45.104116437</dc:date><text:p>HTML: &lt;meta name=&quot;created&quot; content=&quot;00:00:00&quot;&gt;</text:p></office:annotation></text:span></text:span><text:span text:style-name="Strong_20_Emphasis"><text:span text:style-name="T5"><office:annotation><dc:date>2018-07-29T09:37:45.104126095</dc:date><text:p>HTML: &lt;meta name=&quot;changed&quot; content=&quot;2018-06-14T12:58:12.332824081&quot;&gt;</text:p></office:annotation></text:span></text:span><text:span text:style-name="Strong_20_Emphasis"><text:span text:style-name="T5"><office:annotation><dc:date>2018-07-29T09:37:45.104134859</dc:date><text:p>HTML: &lt;meta name=&quot;created&quot; content=&quot;00:00:00&quot;&gt;</text:p></office:annotation></text:span></text:span><text:span text:style-name="Strong_20_Emphasis"><text:span text:style-name="T5"><office:annotation><dc:date>2018-07-29T09:37:45.104144387</dc:date><text:p>HTML: &lt;meta name=&quot;changed&quot; content=&quot;2018-06-14T07:07:38.845049501&quot;&gt;</text:p></office:annotation></text:span></text:span><text:span text:style-name="Strong_20_Emphasis"><text:span text:style-name="T5"><office:annotation><dc:date>2018-07-29T09:37:45.104153207</dc:date><text:p>HTML: &lt;meta name=&quot;created&quot; content=&quot;00:00:00&quot;&gt;</text:p></office:annotation></text:span></text:span><text:span text:style-name="Strong_20_Emphasis"><text:span text:style-name="T5"><office:annotation><dc:date>2018-07-29T09:37:45.104162833</dc:date><text:p>HTML: &lt;meta name=&quot;changed&quot; content=&quot;2018-06-13T22:59:08.975991996&quot;&gt;</text:p></office:annotation></text:span></text:span><text:span text:style-name="Strong_20_Emphasis"><text:span text:style-name="T5"><office:annotation><dc:date>2018-07-29T09:37:45.104171160</dc:date><text:p>HTML: &lt;meta name=&quot;created&quot; content=&quot;00:00:00&quot;&gt;</text:p></office:annotation></text:span></text:span><text:span text:style-name="Strong_20_Emphasis"><text:span text:style-name="T5"><office:annotation><dc:date>2018-07-29T09:37:45.104180893</dc:date><text:p>HTML: &lt;meta name=&quot;changed&quot; content=&quot;2018-06-13T20:26:03.305702553&quot;&gt;</text:p></office:annotation></text:span></text:span><text:span text:style-name="Strong_20_Emphasis"><text:span text:style-name="T5"><office:annotation><dc:date>2018-07-29T09:37:45.104189651</dc:date><text:p>HTML: &lt;meta name=&quot;created&quot; content=&quot;00:00:00&quot;&gt;</text:p></office:annotation></text:span></text:span><text:span text:style-name="Strong_20_Emphasis"><text:span text:style-name="T5"><office:annotation><dc:date>2018-07-29T09:37:45.104198921</dc:date><text:p>HTML: &lt;meta name=&quot;changed&quot; content=&quot;2018-06-12T12:28:00.714637591&quot;&gt;</text:p></office:annotation></text:span></text:span><text:span text:style-name="Strong_20_Emphasis"><text:span text:style-name="T5"><office:annotation><dc:date>2018-07-29T09:37:45.104207587</dc:date><text:p>HTML: &lt;meta name=&quot;created&quot; content=&quot;00:00:00&quot;&gt;</text:p></office:annotation></text:span></text:span><text:span text:style-name="Strong_20_Emphasis"><text:span text:style-name="T5"><office:annotation><dc:date>2018-07-29T09:37:45.104216961</dc:date><text:p>HTML: &lt;meta name=&quot;changed&quot; content=&quot;2018-06-11T22:59:09.625284365&quot;&gt;</text:p></office:annotation></text:span></text:span><text:span text:style-name="Strong_20_Emphasis"><text:span text:style-name="T5"><office:annotation><dc:date>2018-07-29T09:37:45.104226322</dc:date><text:p>HTML: &lt;meta name=&quot;created&quot; content=&quot;2018-06-11T22:51:04.642681485&quot;&gt;</text:p></office:annotation></text:span></text:span><text:span text:style-name="Strong_20_Emphasis"><text:span text:style-name="T5"><office:annotation><dc:date>2018-07-29T09:37:45.104235622</dc:date><text:p>HTML: &lt;meta name=&quot;changed&quot; content=&quot;2018-06-11T22:52:11.240135258&quot;&gt;</text:p></office:annotation></text:span></text:span><text:span text:style-name="Strong_20_Emphasis"><text:span text:style-name="T5">CHAPTER A DAY (JEREMIAS)<text:line-break/>Autor: NORMAN</text:span></text:span><text:span text:style-name="Strong_20_Emphasis"><text:span text:style-name="T4"> </text:span></text:span><text:span text:style-name="Strong_20_Emphasis"><text:span text:style-name="T5">BERRY </text:span></text:span><text:span text:style-name="Strong_20_Emphasis"><text:span text:style-name="T2"><text:line-break/><text:line-break/></text:span></text:span><text:span text:style-name="Strong_20_Emphasis"><text:span text:style-name="T7">Literaturas em formato</text:span></text:span><text:span text:style-name="Strong_20_Emphasis"><text:span text:style-name="T6"> </text:span></text:span><text:span text:style-name="Strong_20_Emphasis"><text:span text:style-name="T7">digital:<text:line-break/></text:span></text:span><text:a xlink:type="simple" xlink:href="http://www.acervodigitalcristao.com.br/" text:style-name="Internet_20_link" text:visited-style-name="Visited_20_Internet_20_Link"><text:span text:style-name="Strong_20_Emphasis"><text:span text:style-name="T2">www.acervodigitalcristao.com.br</text:span></text:span></text:a><text:span text:style-name="Strong_20_Emphasis"><text:span text:style-name="T8"><text:line-break/><text:line-break/></text:span></text:span><text:span text:style-name="Strong_20_Emphasis"><text:span text:style-name="T3">Literaturas em formato</text:span></text:span><text:span text:style-name="Strong_20_Emphasis"> </text:span><text:span text:style-name="Strong_20_Emphasis"><text:span text:style-name="T3">Impresso:<text:line-break/></text:span></text:span><text:a xlink:type="simple" xlink:href="http://www.verdadesvivas.com.br/" text:style-name="Internet_20_link" text:visited-style-name="Visited_20_Internet_20_Link"><text:span text:style-name="Strong_20_Emphasis"><text:span text:style-name="T2">www.verdadesvivas.com.br</text:span></text:span></text:a><text:span text:style-name="Strong_20_Emphasis"><text:span text:style-name="T8"><text:line-break/><text:line-break/></text:span></text:span><text:span text:style-name="Strong_20_Emphasis"><text:span text:style-name="T3">Evangelho em 03 Minutos:</text:span></text:span><text:span text:style-name="Strong_20_Emphasis"> </text:span><text:span text:style-name="Strong_20_Emphasis"><text:span text:style-name="T2"><text:line-break/></text:span></text:span><text:a xlink:type="simple" xlink:href="http://www.3minutos.net/" text:style-name="Internet_20_link" text:visited-style-name="Visited_20_Internet_20_Link"><text:span text:style-name="Strong_20_Emphasis"><text:span text:style-name="T2">www.3minutos.net</text:span></text:span></text:a><text:span text:style-name="Strong_20_Emphasis"><text:span text:style-name="T8"><text:line-break/><text:line-break/></text:span></text:span><text:span text:style-name="Strong_20_Emphasis"><text:span text:style-name="T3">O que respondi:<text:line-break/></text:span></text:span><text:a xlink:type="simple" xlink:href="http://www.respondi.com.br/" text:style-name="Internet_20_link" text:visited-style-name="Visited_20_Internet_20_Link"><text:span text:style-name="Strong_20_Emphasis"><text:span text:style-name="T2">www.respondi.com.br</text:span></text:span></text:a></text:p><text:h text:style-name="P3" text:outline-level="2"><text:bookmark text:name="__RefHeading___Toc2125_1419486361"/>#1030</text:h><text:p text:style-name="P6"/><text:p text:style-name="P7">Nosso conhecimento de Deus é medido por nossa obediência a Sua Palavra; e nosso amor por Ele é a medida dessa obediência.</text:p><text:p text:style-name="P6"/><text:h text:style-name="P2" text:outline-level="2"><text:bookmark text:name="__RefHeading___Toc2127_1419486361"/><text:a xlink:type="simple" xlink:href="http://mysword.info/b?r=Jer_1" text:style-name="Internet_20_link" text:visited-style-name="Visited_20_Internet_20_Link"><text:span text:style-name="T1">JEREMIAS 1</text:span></text:a></text:h><text:p text:style-name="P6"/><text:p text:style-name="P7">Os profundos sentimentos de tristeza de Jeremias por seu povo tornam este livro tocante. O Senhor chega a dizer-lhe que o povo não iria escutá-lo. Que difícil tarefa ele tinha! Ele estava muito triste por ver Judá se afastando do Senhor. Ele devia dizer-lhes que o castigo os esperava. Ele os amava profundamente. Seria tão horrível quanto ver uma pessoa assistir uma multidão correndo para a beira de um precipício oculto, e não ser capaz de detê-la. Alguns na multidão até mesmo atiravam pedras contra ele enquanto os avisava.</text:p><text:p text:style-name="P6"/><text:p text:style-name="P7">Seu coração fica partido... Finalmente ele soluça quando os vê morrer. Ele estava tão perto do Senhor que podia sentir o que o Senhor sentia por Seu povo, por isso é como se escutássemos uma reflexão da voz do Senhor neste livro.</text:p><text:p text:style-name="P6"/><text:p text:style-name="P6"><text:a xlink:type="simple" xlink:href="http://mysword.info/b?r=Jer_1:2" text:style-name="Internet_20_link" text:visited-style-name="Visited_20_Internet_20_Link"><text:span text:style-name="T1">Jr 1:2</text:span></text:a><text:span text:style-name="T1"> Embora Josias ainda fosse rei e fizesse o que era certo aos olhos do Senhor, muitos Israelitas iam ao templo e abandonavam seus ídolos, adorando &quot;externamente&quot; o Senhor, mas seus corações continuavam os mesmos. E Deus via seus corações e os avisava dos castigos que viriam. Jeremias, um homem de coração brando, não gostava de fazer isso. Ele tentava se esquivar do que Deus lhe pedia para fazer.</text:span></text:p><text:p text:style-name="P6"/><text:p text:style-name="P6"><text:a xlink:type="simple" xlink:href="http://mysword.info/b?r=Jer_1:6" text:style-name="Internet_20_link" text:visited-style-name="Visited_20_Internet_20_Link"><text:span text:style-name="T1">Jr 1:6</text:span></text:a><text:span text:style-name="T1"> Jeremias sabe que o povo não ouvirá a mensagem.</text:span></text:p><text:p text:style-name="P6"/><text:p text:style-name="P6"><text:a xlink:type="simple" xlink:href="http://mysword.info/b?r=Jer_1:9-12" text:style-name="Internet_20_link" text:visited-style-name="Visited_20_Internet_20_Link"><text:span text:style-name="T1">Jr 1:9-12</text:span></text:a><text:span text:style-name="T1"> Mas o Senhor lhe diz que irá colocar as próprias palavras na boca de Jeremias. O Senhor lhe mostra uma &quot;vara de amendoeira&quot; - e uma &quot;panela a ferver&quot;, (como uma frigideira). A amendoeira era a primeira a florir. Em Números </text:span><text:a xlink:type="simple" xlink:href="http://mysword.info/b?r=Num_17:8" text:style-name="Internet_20_link" text:visited-style-name="Visited_20_Internet_20_Link"><text:span text:style-name="T1">17:8</text:span></text:a><text:span text:style-name="T1"> ela deu frutos em uma noite. Isso nos mostra que o Senhor Se apressaria a usar Sua vara para executar aquilo que estava dizendo que iria acontecer.</text:span></text:p><text:p text:style-name="P6"/><text:p text:style-name="P6"><text:a xlink:type="simple" xlink:href="http://mysword.info/b?r=Jer_1:14" text:style-name="Internet_20_link" text:visited-style-name="Visited_20_Internet_20_Link"><text:span text:style-name="T1">Jr 1:14</text:span></text:a><text:span text:style-name="T1"> &quot; Do norte se descobrirá o mal...&quot; Esse perigo que estava para vir do norte era o poder do país chamado &quot;Babilônia&quot;.</text:span></text:p><text:p text:style-name="P6"/><text:h text:style-name="P1" text:outline-level="2"><text:bookmark text:name="__RefHeading___Toc2129_1419486361"/>#1031</text:h><text:p text:style-name="P6"/><text:p text:style-name="P7">Abra sua Bíblia regularmente, abra-a em oração, leia com expectativa, viva o que lê com alegria.</text:p><text:p text:style-name="P6"/><text:h text:style-name="P2" text:outline-level="2"><text:bookmark text:name="__RefHeading___Toc2131_1419486361"/><text:a xlink:type="simple" xlink:href="http://mysword.info/b?r=Jer_2" text:style-name="Internet_20_link" text:visited-style-name="Visited_20_Internet_20_Link"><text:span text:style-name="T1">JEREMIAS 2</text:span></text:a></text:h><text:p text:style-name="P6"/><text:p text:style-name="P6"><text:a xlink:type="simple" xlink:href="http://mysword.info/b?r=Jer_2:1-4" text:style-name="Internet_20_link" text:visited-style-name="Visited_20_Internet_20_Link"><text:span text:style-name="T1">Jr 2:1-4</text:span></text:a><text:span text:style-name="T1"> Deus amorosamente recorda o povo que não Se esqueceu de Seu amor para com ele nos dias passados quando os tirou da terra do Egito! Eles obedeceram e O seguiram!</text:span></text:p><text:p text:style-name="P6"/><text:p text:style-name="P6"><text:a xlink:type="simple" xlink:href="http://mysword.info/b?r=Jer_2:5-8" text:style-name="Internet_20_link" text:visited-style-name="Visited_20_Internet_20_Link"><text:span text:style-name="T1">Jr 2:5-8</text:span></text:a><text:span text:style-name="T1"> O Senhor pergunta que mal Ele havia feito para que se desviassem dEle! Nenhum, evidentemente. Quando chegaram à terra prometida, O desprezaram!</text:span></text:p><text:p text:style-name="P6"/><text:p text:style-name="P6"><text:a xlink:type="simple" xlink:href="http://mysword.info/b?r=Jer_2:9-17" text:style-name="Internet_20_link" text:visited-style-name="Visited_20_Internet_20_Link"><text:span text:style-name="T1">Jr 2:9-17</text:span></text:a><text:span text:style-name="T1"> Depois de tudo o que Deus lhes havia feito, que modo vergonhoso de se comportarem ídolos que não tinham vida.</text:span></text:p><text:p text:style-name="P6"/><text:p text:style-name="P6"><text:a xlink:type="simple" xlink:href="http://mysword.info/b?r=Jer_2:18-34" text:style-name="Internet_20_link" text:visited-style-name="Visited_20_Internet_20_Link"><text:span text:style-name="T1">Jr 2:18-34</text:span></text:a><text:span text:style-name="T1"> Ao invés de aceitarem o castigo merecido do Senhor, eles quiseram descer ao Egito para buscar ajuda! Que comportamento terrível!</text:span></text:p><text:p text:style-name="P6"/><text:p text:style-name="P6"><text:a xlink:type="simple" xlink:href="http://mysword.info/b?r=Jer_2:35-37" text:style-name="Internet_20_link" text:visited-style-name="Visited_20_Internet_20_Link"><text:span text:style-name="T1">Jr 2:35-</text:span></text:a><text:span text:style-name="T1">final Eles tinham o horrenda coragem de dizer que eram inocentes!</text:span></text:p><text:p text:style-name="P6"/><text:h text:style-name="P1" text:outline-level="2"><text:bookmark text:name="__RefHeading___Toc2133_1419486361"/>#1032</text:h><text:p text:style-name="P6"/><text:p text:style-name="P7">A melhor herança que um pai pode deixar para seus filhos é um exemplo Cristão.</text:p><text:p text:style-name="P6"/><text:h text:style-name="P2" text:outline-level="2"><text:bookmark text:name="__RefHeading___Toc2135_1419486361"/><text:a xlink:type="simple" xlink:href="http://mysword.info/b?r=Jer_3" text:style-name="Internet_20_link" text:visited-style-name="Visited_20_Internet_20_Link"><text:span text:style-name="T1">JEREMIAS 3</text:span></text:a></text:h><text:p text:style-name="P6"/><text:p text:style-name="P7">Encontraremos com frequência as palavras prostituição e adultério neste livro. Deus amou a nação de Israel, e Ele a escolheu para ser Seu próprio povo especial, assim como um homem escolhe uma mulher para ser sua esposa. Mas se uma esposa se desvia de seu marido em busca de algum outro homem, isso é um terrível pecado. E é isto o que Deus está dizendo àquela culpada nação. Ele diz, &apos;Eu te amei, te abençoei, e agora te desvias de mim&apos; - isso é adultério.</text:p><text:p text:style-name="P6"/><text:p text:style-name="P6"><text:a xlink:type="simple" xlink:href="http://mysword.info/b?r=Jer_3:4" text:style-name="Internet_20_link" text:visited-style-name="Visited_20_Internet_20_Link"><text:span text:style-name="T1">Jr 3:4</text:span></text:a><text:span text:style-name="T1"> Vamos guardar este versículo no coração. Que maravilhosa bênção teria sido para nós, se sempre nos voltássemos para o Senhor em busca de cada pedacinho de sabedoria que precisássemos, e deixássemos que Ele nos guiasse sempre, através da Sua Palavra.</text:span></text:p><text:p text:style-name="P6"/><text:p text:style-name="P6"><text:a xlink:type="simple" xlink:href="http://mysword.info/b?r=Jer_3:10" text:style-name="Internet_20_link" text:visited-style-name="Visited_20_Internet_20_Link"><text:span text:style-name="T1">Jr 3:10</text:span></text:a><text:span text:style-name="T1"> Mencionamos que havia uma aparência de seguir o Senhor nos dias de Josias, mas o Senhor podia ver seus corações, e aqui Ele diz que eles não estavam com o coração sincero, mas &quot;falsamente&quot; - isto é, apenas fingindo.</text:span></text:p><text:p text:style-name="P6"/><text:p text:style-name="P6"><text:a xlink:type="simple" xlink:href="http://mysword.info/b?r=Jer_3:13" text:style-name="Internet_20_link" text:visited-style-name="Visited_20_Internet_20_Link"><text:span text:style-name="T1">Jr 3:13</text:span></text:a><text:span text:style-name="T1"> O Senhor roga a eles que reconheçam sua culpa, pois se assim fizessem, Ele os abençoaria.</text:span></text:p><text:p text:style-name="P6"/><text:p text:style-name="P6"><text:a xlink:type="simple" xlink:href="http://mysword.info/b?r=Jer_3:14" text:style-name="Internet_20_link" text:visited-style-name="Visited_20_Internet_20_Link"><text:span text:style-name="T1">Jr 3:14</text:span></text:a><text:span text:style-name="T1"> Mesmo se toda a nação não se arrependesse, o Senhor pede a um ou dois que o fizessem, que se voltassem a Ele e promete abençoá-los. Isso é verdade hoje. O mundo todo é culpado. Não podemos esperar que nosso país ou qualquer outro se arrependa. Mas podemos orar para que &quot;um de uma cidade, e dois de uma geração&quot; possam se voltar para o Senhor de todo o seu coração.</text:span></text:p><text:p text:style-name="P6"/><text:p text:style-name="P6"><text:a xlink:type="simple" xlink:href="http://mysword.info/b?r=Jer_3:17-22" text:style-name="Internet_20_link" text:visited-style-name="Visited_20_Internet_20_Link"><text:span text:style-name="T1">Jr 3:17-22</text:span></text:a><text:span text:style-name="T1"> Deus promete bênção àqueles que se arrependerem e retornarem para Ele. Amanhã, passaremos ao </text:span><text:a xlink:type="simple" xlink:href="http://mysword.info/b?r=Jer_7" text:style-name="Internet_20_link" text:visited-style-name="Visited_20_Internet_20_Link"><text:span text:style-name="T1">capítulo 7</text:span></text:a><text:span text:style-name="T1">.</text:span></text:p><text:p text:style-name="P6"/><text:h text:style-name="P1" text:outline-level="2"><text:bookmark text:name="__RefHeading___Toc2137_1419486361"/>#1033</text:h><text:p text:style-name="P6"/><text:p text:style-name="P7">A conversão de uma alma é o milagre de um momento; o crescimento de um santo é o trabalho de uma vida.</text:p><text:p text:style-name="P6"/><text:h text:style-name="P2" text:outline-level="2"><text:bookmark text:name="__RefHeading___Toc2139_1419486361"/><text:a xlink:type="simple" xlink:href="http://mysword.info/b?r=Jer_7" text:style-name="Internet_20_link" text:visited-style-name="Visited_20_Internet_20_Link"><text:span text:style-name="T1">JEREMIAS 7</text:span></text:a></text:h><text:p text:style-name="P6"/><text:p text:style-name="P7">O Senhor continua suplicando ao povo para que volte para Ele. É como um homem que tem uma esposa que o deixou para ir atrás de outros homens.</text:p><text:p text:style-name="P6"/><text:p text:style-name="P6"><text:a xlink:type="simple" xlink:href="http://mysword.info/b?r=Jer_7:2" text:style-name="Internet_20_link" text:visited-style-name="Visited_20_Internet_20_Link"><text:span text:style-name="T1">Jr 7:2</text:span></text:a><text:span text:style-name="T1"> O profeta é instruído aqui a se colocar &quot;à porta da casa do Senhor&quot;.</text:span></text:p><text:p text:style-name="P6"/><text:p text:style-name="P6"><text:a xlink:type="simple" xlink:href="http://mysword.info/b?r=Jer_7:4" text:style-name="Internet_20_link" text:visited-style-name="Visited_20_Internet_20_Link"><text:span text:style-name="T1">Jr 7:4</text:span></text:a><text:span text:style-name="T1"> Do portão do templo, ele os avisa, que ainda que se gabassem de seu rico templo, e de sua religião, mesmo assim o Senhor podia ver seus corações maus e seus caminhos pecaminosos.</text:span></text:p><text:p text:style-name="P6"/><text:p text:style-name="P6"><text:a xlink:type="simple" xlink:href="http://mysword.info/b?r=Jer_7:13-14" text:style-name="Internet_20_link" text:visited-style-name="Visited_20_Internet_20_Link"><text:span text:style-name="T1">Jr 7:13-14</text:span></text:a><text:span text:style-name="T1"> O Senhor lhes recorda que Ele os havia avisado diversas vezes, mas eles não quiseram ouvir, e por isso Ele avisa com tristeza que aquele mesmo templo do qual eles se gabavam, seria destruído. E isso realmente aconteceu quando o rei Nabucodonosor veio pouco tempo depois.</text:span></text:p><text:p text:style-name="P6"/><text:p text:style-name="P6"><text:a xlink:type="simple" xlink:href="http://mysword.info/b?r=Jer_7/" text:style-name="Internet_20_link" text:visited-style-name="Visited_20_Internet_20_Link"><text:span text:style-name="T1">Jr 7</text:span></text:a><text:span text:style-name="T1">?18 Eles não apenas se desviaram do Senhor, mas adoraram falsos deuses - ídolos, em Seu lugar. Isto com frequência chamado de &quot;adultério&quot; - isto é, desviar-se de Deus que os amava, para seguir falsos ídolos.</text:span></text:p><text:p text:style-name="P6"/><text:p text:style-name="P6"><text:a xlink:type="simple" xlink:href="http://mysword.info/b?r=Jer_7:25" text:style-name="Internet_20_link" text:visited-style-name="Visited_20_Internet_20_Link"><text:span text:style-name="T1">Jr 7:25</text:span></text:a><text:span text:style-name="T1"> Apesar de seus muitos anos de culpa e idolatria, Deus continuou a suplicar a eles por meio de seus profetas.</text:span></text:p><text:p text:style-name="P6"/><text:p text:style-name="P6"><text:a xlink:type="simple" xlink:href="http://mysword.info/b?r=Jer_7:34" text:style-name="Internet_20_link" text:visited-style-name="Visited_20_Internet_20_Link"><text:span text:style-name="T1">Jr 7:34</text:span></text:a><text:span text:style-name="T1"> Essa era a triste e terrível condição que prevalecia nas cidades de Israel, por causa de seu pecado.</text:span></text:p><text:p text:style-name="P6"/><text:h text:style-name="P1" text:outline-level="2"><text:bookmark text:name="__RefHeading___Toc2141_1419486361"/>#1034</text:h><text:p text:style-name="P6"/><text:p text:style-name="P7">Não somos ricos pelo que está em nossos bolsos, mas pelo que está em nosso coração.</text:p><text:p text:style-name="P6"/><text:h text:style-name="P2" text:outline-level="2"><text:bookmark text:name="__RefHeading___Toc2143_1419486361"/><text:a xlink:type="simple" xlink:href="http://mysword.info/b?r=Jer_10" text:style-name="Internet_20_link" text:visited-style-name="Visited_20_Internet_20_Link"><text:span text:style-name="T1">JEREMIAS 10</text:span></text:a></text:h><text:p text:style-name="P6"/><text:p text:style-name="P6"><text:a xlink:type="simple" xlink:href="http://mysword.info/b?r=Jer_10:1-5" text:style-name="Internet_20_link" text:visited-style-name="Visited_20_Internet_20_Link"><text:span text:style-name="T1">Jr 10:1-5</text:span></text:a><text:span text:style-name="T1"> Não se tratava das ideias de Jeremias - tratava-se da Palavra do Senhor. Então, nos versículos seguintes, Ele mostra a loucura de se adorar ídolos - apenas um pedaço de madeira às vezes adornado de prata e ouro.</text:span></text:p><text:p text:style-name="P6"/><text:p text:style-name="P6"><text:a xlink:type="simple" xlink:href="http://mysword.info/b?r=Jer_10:7,10" text:style-name="Internet_20_link" text:visited-style-name="Visited_20_Internet_20_Link"><text:span text:style-name="T1">Jr 10:7,10</text:span></text:a><text:span text:style-name="T1"> Repare Quem é o Senhor!</text:span></text:p><text:p text:style-name="P6"/><text:p text:style-name="P6"><text:a xlink:type="simple" xlink:href="http://mysword.info/b?r=Jer_10:11-12" text:style-name="Internet_20_link" text:visited-style-name="Visited_20_Internet_20_Link"><text:span text:style-name="T1">Jr 10:11-12</text:span></text:a><text:span text:style-name="T1"> Aqui o Senhor recorda o Seu povo de que essas tolices de ídolos não podiam fazer coisa alguma, e que eles próprios acabariam desaparecendo. Mas o Senhor - Ele é Aquele que criou todas as coisas.</text:span></text:p><text:p text:style-name="P6"/><text:p text:style-name="P6"><text:a xlink:type="simple" xlink:href="http://mysword.info/b?r=Jer_10:23" text:style-name="Internet_20_link" text:visited-style-name="Visited_20_Internet_20_Link"><text:span text:style-name="T1">Jr 10:23</text:span></text:a><text:span text:style-name="T1"> É como se o Senhor dissesse, &quot;Não é possível para alguém decidir o que fazer em sua vida, sem Mim&quot;. Não temos sabedoria para viver para a glória de Deus. A sabedoria não vem de nosso coração, mas da Palavra de Deus.</text:span></text:p><text:p text:style-name="P6"/><text:h text:style-name="P1" text:outline-level="2"><text:bookmark text:name="__RefHeading___Toc2145_1419486361"/>#1035</text:h><text:p text:style-name="P6"/><text:p text:style-name="P7">Se tivermos a Palavra de Deus em nossa mente, Ele pode colocar as palavras certas em nossa boca.</text:p><text:p text:style-name="P6"/><text:h text:style-name="P2" text:outline-level="2"><text:bookmark text:name="__RefHeading___Toc2147_1419486361"/><text:a xlink:type="simple" xlink:href="http://mysword.info/b?r=Jer_18" text:style-name="Internet_20_link" text:visited-style-name="Visited_20_Internet_20_Link"><text:span text:style-name="T1">JEREMIAS 18</text:span></text:a></text:h><text:p text:style-name="P6"/><text:p text:style-name="P7">Talvez todos saibamos algo sobre como um oleiro transforma o barro em um jarro ou vaso de alguma espécie. Às vezes ele não fica no formato correto, e o oleiro começa de novo. Ele pode fazer o que quiser com o barro. Aqui o Senhor diz a Israel que eles, o Seu povo, são um vaso &quot;estragado&quot; ou arruindado.</text:p><text:p text:style-name="P6"/><text:p text:style-name="P6"><text:a xlink:type="simple" xlink:href="http://mysword.info/b?r=Jer_18:8" text:style-name="Internet_20_link" text:visited-style-name="Visited_20_Internet_20_Link"><text:span text:style-name="T1">Jr 18:8</text:span></text:a><text:span text:style-name="T1"> Se você leu a história de Jonas e Nínive, irá se lembrar de que Deus fez exatamente o que Ele nos diz neste versículo.</text:span></text:p><text:p text:style-name="P6"/><text:p text:style-name="P6"><text:a xlink:type="simple" xlink:href="http://mysword.info/b?r=Jer_18:12" text:style-name="Internet_20_link" text:visited-style-name="Visited_20_Internet_20_Link"><text:span text:style-name="T1">Jr 18:12</text:span></text:a><text:span text:style-name="T1"> Apesar da promessa de bênção, a resposta que dão é de que não ouvirão, mas continuarão em seus maus caminhos.</text:span></text:p><text:p text:style-name="P6"/><text:p text:style-name="P6"><text:a xlink:type="simple" xlink:href="http://mysword.info/b?r=Jer_18:18" text:style-name="Internet_20_link" text:visited-style-name="Visited_20_Internet_20_Link"><text:span text:style-name="T1">Jr 18:18</text:span></text:a><text:span text:style-name="T1"> Eles começavam a ficar cansados de ouvir as súplicas e avisos de Jeremias, apesar de ele estar lhes falando tão somente a Palavra de Deus. Agora eles começam a planejar atribulá-lo para não precisarem mais ouvir suas palavras.</text:span></text:p><text:p text:style-name="P6"/><text:h text:style-name="P1" text:outline-level="2"><text:bookmark text:name="__RefHeading___Toc2149_1419486361"/>#1036</text:h><text:p text:style-name="P6"/><text:p text:style-name="P7">Não tente levar as cargas de amanhã com a graça recebida para hoje.</text:p><text:p text:style-name="P6"/><text:h text:style-name="P2" text:outline-level="2"><text:bookmark text:name="__RefHeading___Toc2151_1419486361"/><text:a xlink:type="simple" xlink:href="http://mysword.info/b?r=Jer_21" text:style-name="Internet_20_link" text:visited-style-name="Visited_20_Internet_20_Link"><text:span text:style-name="T1">JEREMIAS 21</text:span></text:a></text:h><text:p text:style-name="P6"/><text:p text:style-name="P7">Neste capítulo, exatamente o que havia sido profetizado no início do livro começa a acontecer. O poderoso Rei Nabucodonosor, da Babilônia, vem para destruí-los.</text:p><text:p text:style-name="P6"/><text:p text:style-name="P6"><text:a xlink:type="simple" xlink:href="http://mysword.info/b?r=Jer_21:4-5" text:style-name="Internet_20_link" text:visited-style-name="Visited_20_Internet_20_Link"><text:span text:style-name="T1">Jr 21:4-5</text:span></text:a><text:span text:style-name="T1"> Agora era tarde demais. O inimigo estava às portas, e o Senhor diz que Ele próprio irá lutar contra Israel, e que a cidade será tomada.</text:span></text:p><text:p text:style-name="P6"/><text:p text:style-name="P6"><text:a xlink:type="simple" xlink:href="http://mysword.info/b?r=Jer_21:8" text:style-name="Internet_20_link" text:visited-style-name="Visited_20_Internet_20_Link"><text:span text:style-name="T1">Jr 21:8</text:span></text:a><text:span text:style-name="T1"> Aqui está algo para ser lembrado, &quot;o caminho da vida&quot; e &quot;o caminho da morte&quot;. E é o Senhor quem anuncia a mensagem.</text:span></text:p><text:p text:style-name="P6"/><text:p text:style-name="P6"><text:a xlink:type="simple" xlink:href="http://mysword.info/b?r=Jer_21:9" text:style-name="Internet_20_link" text:visited-style-name="Visited_20_Internet_20_Link"><text:span text:style-name="T1">Jr 21:9</text:span></text:a><text:span text:style-name="T1"> Leia este versículo com atenção. Se quisessem viver, eles deviam se sujeitar ao inimigo e sair para se render. Se quisessem morrer, deviam se recusar a sair e permanecer na cidade culpada.</text:span></text:p><text:p text:style-name="P6"/><text:h text:style-name="P1" text:outline-level="2"><text:bookmark text:name="__RefHeading___Toc2153_1419486361"/>#1037</text:h><text:p text:style-name="P6"/><text:p text:style-name="P7">Minha resistência em mudar uma área de minha vida que esteja inconsistente com a vontade de Deus irá me endurecer para as próximas súplicas que o Espírito me fizer.</text:p><text:p text:style-name="P6"/><text:h text:style-name="P2" text:outline-level="2"><text:bookmark text:name="__RefHeading___Toc2155_1419486361"/><text:a xlink:type="simple" xlink:href="http://mysword.info/b?r=Jer_26" text:style-name="Internet_20_link" text:visited-style-name="Visited_20_Internet_20_Link"><text:span text:style-name="T1">JEREMIAS 26</text:span></text:a></text:h><text:p text:style-name="P6"/><text:p text:style-name="P7">O Rei Josias morreu e seu filho Jeoiaquim é o novo rei.</text:p><text:p text:style-name="P6"/><text:p text:style-name="P6"><text:a xlink:type="simple" xlink:href="http://mysword.info/b?r=Jer_26:2" text:style-name="Internet_20_link" text:visited-style-name="Visited_20_Internet_20_Link"><text:span text:style-name="T1">Jr 26:2</text:span></text:a><text:span text:style-name="T1"> O Senhor diz a Jeremias que permaneça na entrada da casa do Senhor, e ele ouve que não deve omitir nem uma só palavra dos avisos dados pelo Senhor.</text:span></text:p><text:p text:style-name="P6"/><text:p text:style-name="P6"><text:a xlink:type="simple" xlink:href="http://mysword.info/b?r=Jer_26:8-9" text:style-name="Internet_20_link" text:visited-style-name="Visited_20_Internet_20_Link"><text:span text:style-name="T1">Jr 26:8-9</text:span></text:a><text:span text:style-name="T1"> Quando ele termina sua mensagem, os sacerdotes, os profetas e todo o povo ficam tão irados que planejam matar Jeremias! Pobre Jeremias. Ele está só.</text:span></text:p><text:p text:style-name="P6"/><text:p text:style-name="P6"><text:a xlink:type="simple" xlink:href="http://mysword.info/b?r=Jer_26:10" text:style-name="Internet_20_link" text:visited-style-name="Visited_20_Internet_20_Link"><text:span text:style-name="T1">Jr 26:10</text:span></text:a><text:span text:style-name="T1"> Mas o Senhor tem Seu olhar sobre Seu servo fiel, e envia os príncipes para protegerem Jeremias.</text:span></text:p><text:p text:style-name="P6"/><text:p text:style-name="P6"><text:a xlink:type="simple" xlink:href="http://mysword.info/b?r=Jer_26:12-15" text:style-name="Internet_20_link" text:visited-style-name="Visited_20_Internet_20_Link"><text:span text:style-name="T1">Jr 26:12-15</text:span></text:a><text:span text:style-name="T1"> O destemido Jeremias fala palavras fiéis pelo Senhor.</text:span></text:p><text:p text:style-name="P6"/><text:p text:style-name="P6"><text:a xlink:type="simple" xlink:href="http://mysword.info/b?r=Jer_26:16" text:style-name="Internet_20_link" text:visited-style-name="Visited_20_Internet_20_Link"><text:span text:style-name="T1">Jr 26:16</text:span></text:a><text:span text:style-name="T1"> O Senhor cuidava desse homem fiel. Ele está pronto para morrer como disse a eles no </text:span><text:a xlink:type="simple" xlink:href="http://mysword.info/b?r=Jer_26:14" text:style-name="Internet_20_link" text:visited-style-name="Visited_20_Internet_20_Link"><text:span text:style-name="T1">versículo 14</text:span></text:a><text:span text:style-name="T1">.</text:span></text:p><text:p text:style-name="P6"/><text:p text:style-name="P6"><text:a xlink:type="simple" xlink:href="http://mysword.info/b?r=Jer_26:24" text:style-name="Internet_20_link" text:visited-style-name="Visited_20_Internet_20_Link"><text:span text:style-name="T1">Jr 26:24</text:span></text:a><text:span text:style-name="T1"> Aqui Deus nos diz o nome daqueles que permaneceram com Jeremias e o defenderam quando outros queriam entregá-lo à morte.</text:span></text:p><text:p text:style-name="P6"/><text:h text:style-name="P1" text:outline-level="2"><text:bookmark text:name="__RefHeading___Toc2157_1419486361"/>#1038</text:h><text:p text:style-name="P6"/><text:p text:style-name="P7">Não há perigo de nos conformarmos com o mundo fora de nós se estivermos completamente submissos ao Espírito de Deus dentro de nós.</text:p><text:p text:style-name="P6"/><text:h text:style-name="P2" text:outline-level="2"><text:bookmark text:name="__RefHeading___Toc2159_1419486361"/><text:a xlink:type="simple" xlink:href="http://mysword.info/b?r=Jer_29" text:style-name="Internet_20_link" text:visited-style-name="Visited_20_Internet_20_Link"><text:span text:style-name="T1">JEREMIAS 29</text:span></text:a></text:h><text:p text:style-name="P6"/><text:p text:style-name="P7">Nos capítulos anteriores, o Senhor levou adiante Suas palavras de aviso. Judá foi levado cativo para a Babilônia. Jeremias escreve esta carta a eles. Não há dúvida de que eles pensavam com freqüência em sua própria terra na Palestina, e ficavam pensando por que teriam que se sujeitar aos governantes da terra onde foram mantidos cativos. Podemos ver aqui a resposta de Deus a esta pergunta.</text:p><text:p text:style-name="P6"/><text:p text:style-name="P6"><text:a xlink:type="simple" xlink:href="http://mysword.info/b?r=Jer_29:10" text:style-name="Internet_20_link" text:visited-style-name="Visited_20_Internet_20_Link"><text:span text:style-name="T1">Jr 29:10</text:span></text:a><text:span text:style-name="T1"> Mais uma vez o Senhor lhes recorda que após 70 anos Ele permitiria que voltassem à sua própria terra. Que bondade dizer a eles o número dos anos!</text:span></text:p><text:p text:style-name="P6"/><text:p text:style-name="P6"><text:a xlink:type="simple" xlink:href="http://mysword.info/b?r=Jer_29:21" text:style-name="Internet_20_link" text:visited-style-name="Visited_20_Internet_20_Link"><text:span text:style-name="T1">Jr 29:21</text:span></text:a><text:span text:style-name="T1"> Repare mais uma vez que o Senhor nomeia especificamente aqueles que se recusaram a aceitar Sua Palavra e se rebelaram contra Ele. Ele vê e conhece o coração de cada um e se alguém rejeita a Sua Palavra, - que terrível castigo!</text:span></text:p><text:p text:style-name="P6"/><text:p text:style-name="P6"><text:a xlink:type="simple" xlink:href="http://mysword.info/b?r=Jer_29:24-32" text:style-name="Internet_20_link" text:visited-style-name="Visited_20_Internet_20_Link"><text:span text:style-name="T1">Jr 29:24</text:span></text:a><text:span text:style-name="T1">-final Semaías fingiu ter uma mensagem do Senhor, mas estava na verdade pregando a rebelião contra o Senhor.</text:span></text:p><text:p text:style-name="P6"/><text:h text:style-name="P1" text:outline-level="2"><text:bookmark text:name="__RefHeading___Toc2161_1419486361"/>#1039</text:h><text:p text:style-name="P6"/><text:p text:style-name="P7">A vontade de Deus nunca colocará você onde a graça de Deus não possa sustentá-lo.</text:p><text:p text:style-name="P6"/><text:h text:style-name="P2" text:outline-level="2"><text:bookmark text:name="__RefHeading___Toc2163_1419486361"/><text:a xlink:type="simple" xlink:href="http://mysword.info/b?r=Jer_30" text:style-name="Internet_20_link" text:visited-style-name="Visited_20_Internet_20_Link"><text:span text:style-name="T1">JEREMIAS 30</text:span></text:a></text:h><text:p text:style-name="P6"/><text:p text:style-name="P7">Este capítulo traz dois pensamentos. Primeiro, Deus estava dando a eles uma promessa de que iria levá-los de volta para sua terra. Lemos ontem que Jeremias devia dizer-lhes o tempo que se passaria antes que isso acontecesse. Mas, em segundo lugar, Deus disse a Jeremias para dizer ao povo acerca de um evento ainda maior que ocorreria em um futuro distante... Todas as tribos de Judá e Israel iriam ser levadas de volta para a terra. Esse evento ainda não ocorreu. E nem ocorrerá, sem que antes o Senhor venha no céu e chame a todo crente, morto e vivo, para que suba com Ele para o céu. Você é um crente no Senhor Jesus Cristo? Então você será um daqueles que ouvem a Sua voz e que estarão com Ele para sempre.</text:p><text:p text:style-name="P6"/><text:p text:style-name="P6"><text:a xlink:type="simple" xlink:href="http://mysword.info/b?r=Jer_30:4-7" text:style-name="Internet_20_link" text:visited-style-name="Visited_20_Internet_20_Link"><text:span text:style-name="T1">Jr 30:4-7</text:span></text:a><text:span text:style-name="T1"> Mas, há algo mais. Antes que o Senhor os leve de volta, um terrível juízo cairá sobre o povo, conhecido como a grande tribulação.</text:span></text:p><text:p text:style-name="P6"/><text:p text:style-name="P6"><text:a xlink:type="simple" xlink:href="http://mysword.info/b?r=Jer_30:8-11" text:style-name="Internet_20_link" text:visited-style-name="Visited_20_Internet_20_Link"><text:span text:style-name="T1">Jr 30:8-11</text:span></text:a><text:span text:style-name="T1"> Ele diz aos fiéis para que não temam.</text:span></text:p><text:p text:style-name="P6"/><text:p text:style-name="P6"><text:a xlink:type="simple" xlink:href="http://mysword.info/b?r=Jer_30:12-15" text:style-name="Internet_20_link" text:visited-style-name="Visited_20_Internet_20_Link"><text:span text:style-name="T1">Jr 30:12-15</text:span></text:a><text:span text:style-name="T1"> Uma palavra para os incrédulos. O castigo é por terem persistido na desobediência... por isso eram &quot;incuráveis&quot;.</text:span></text:p><text:p text:style-name="P6"/><text:p text:style-name="P6"><text:a xlink:type="simple" xlink:href="http://mysword.info/b?r=Jer_30:16" text:style-name="Internet_20_link" text:visited-style-name="Visited_20_Internet_20_Link"><text:span text:style-name="T1">Jr 30:16</text:span></text:a><text:span text:style-name="T1"> Refere-se às nações que odiaram Israel e a castigaram.</text:span></text:p><text:p text:style-name="P6"/><text:p text:style-name="P6"><text:a xlink:type="simple" xlink:href="http://mysword.info/b?r=Jer_30:17-24" text:style-name="Internet_20_link" text:visited-style-name="Visited_20_Internet_20_Link"><text:span text:style-name="T1">Jr 30:17-</text:span></text:a><text:span text:style-name="T1">final. Ele volta ao assunto da bênção que receberão nos últimos dias.</text:span></text:p><text:p text:style-name="P6"/><text:h text:style-name="P1" text:outline-level="2"><text:bookmark text:name="__RefHeading___Toc2165_1419486361"/>#1040</text:h><text:p text:style-name="P6"/><text:p text:style-name="P6"><text:span text:style-name="T1">É verdade que o dinheiro é o passaporte universal para qualquer lugar exceto o céu, e o provedor universal de tudo, exceto felicidade. (</text:span><text:a xlink:type="simple" xlink:href="http://mysword.info/b?r=Pro_18:11" text:style-name="Internet_20_link" text:visited-style-name="Visited_20_Internet_20_Link"><text:span text:style-name="T1">Pv 18:11</text:span></text:a><text:span text:style-name="T1">).</text:span></text:p><text:p text:style-name="P6"/><text:h text:style-name="P2" text:outline-level="2"><text:bookmark text:name="__RefHeading___Toc2167_1419486361"/><text:a xlink:type="simple" xlink:href="http://mysword.info/b?r=Jer_31" text:style-name="Internet_20_link" text:visited-style-name="Visited_20_Internet_20_Link"><text:span text:style-name="T1">JEREMIAS 31</text:span></text:a></text:h><text:p text:style-name="P6"/><text:p text:style-name="P6"><text:a xlink:type="simple" xlink:href="http://mysword.info/b?r=Jer_31:1-3" text:style-name="Internet_20_link" text:visited-style-name="Visited_20_Internet_20_Link"><text:span text:style-name="T1">Jr 31:1-3</text:span></text:a><text:span text:style-name="T1"> Agora o Senhor fala de Si. Que Deus amoroso!</text:span></text:p><text:p text:style-name="P6"/><text:p text:style-name="P6"><text:a xlink:type="simple" xlink:href="http://mysword.info/b?r=Jer_31:4-30" text:style-name="Internet_20_link" text:visited-style-name="Visited_20_Internet_20_Link"><text:span text:style-name="T1">Jr 31:4-30</text:span></text:a><text:span text:style-name="T1"> Aqui vemos que não somente as tribos de Judá e Benjamim (elas estão de volta à terra desde 1948), mas todas as outras 10 tribos que continuam espalhadas e desconhecidas, deverão ser também chamadas de volta.</text:span></text:p><text:p text:style-name="P6"/><text:p text:style-name="P6"><text:a xlink:type="simple" xlink:href="http://mysword.info/b?r=Jer_31:31-" text:style-name="Internet_20_link" text:visited-style-name="Visited_20_Internet_20_Link"><text:span text:style-name="T1">Jr 31:31-</text:span></text:a><text:span text:style-name="T1">final. Maravilhosas promessas para o Milênio. Mas, repare que o próprio Senhor estará ali com eles. A nova aliança (ou concerto) será feita com Israel, não pela guarda da lei, mas em razão da morte do Senhor Jesus na cruz, Deus irá perdoar seus pecados. Aqueles que crerem nEle serão os únicos a entrar no Milênio. Todos os que nascerem durante esses 1000 anos serão crentes (vers. </text:span><text:a xlink:type="simple" xlink:href="http://mysword.info/b?r=Jer_31:33,34" text:style-name="Internet_20_link" text:visited-style-name="Visited_20_Internet_20_Link"><text:span text:style-name="T1">33, 34</text:span></text:a><text:span text:style-name="T1">).</text:span></text:p><text:p text:style-name="P6"/><text:p text:style-name="P6"><text:a xlink:type="simple" xlink:href="http://mysword.info/b?r=Jer_31:36,37" text:style-name="Internet_20_link" text:visited-style-name="Visited_20_Internet_20_Link"><text:span text:style-name="T1">Jr 31:36,37</text:span></text:a><text:span text:style-name="T1"> Repare os &quot;se&quot;. Se o céu pudesse ser medido, então Suas promessas não seriam mantidas! Impossível!</text:span></text:p><text:p text:style-name="P6"/><text:h text:style-name="P1" text:outline-level="2"><text:bookmark text:name="__RefHeading___Toc2169_1419486361"/>#1041</text:h><text:p text:style-name="P6"/><text:p text:style-name="P7">Precisamos ser encorajados a pensar em termos de perspectivas eternas.</text:p><text:p text:style-name="P6"/><text:h text:style-name="P2" text:outline-level="2"><text:bookmark text:name="__RefHeading___Toc2171_1419486361"/><text:a xlink:type="simple" xlink:href="http://mysword.info/b?r=Jer_32" text:style-name="Internet_20_link" text:visited-style-name="Visited_20_Internet_20_Link"><text:span text:style-name="T1">JEREMIAS 32</text:span></text:a></text:h><text:p text:style-name="P6"/><text:p text:style-name="P6"><text:a xlink:type="simple" xlink:href="http://mysword.info/b?r=Jer_32:3" text:style-name="Internet_20_link" text:visited-style-name="Visited_20_Internet_20_Link"><text:span text:style-name="T1">Jr 32:3</text:span></text:a><text:span text:style-name="T1"> Pobre Jeremias, foi tão odiado por dizer ao povo o que o Senhor lhe havia dito, que o colocam na prisão. Mas é bom reparar que ele fica firme, como se nada tivesse acontecido. Por que? Porque ele cria em Deus. (Veja como o apóstolo Paulo chama a si mesmo em </text:span><text:a xlink:type="simple" xlink:href="http://mysword.info/b?r=Eph_4:1" text:style-name="Internet_20_link" text:visited-style-name="Visited_20_Internet_20_Link"><text:span text:style-name="T1">Ef 4:1</text:span></text:a><text:span text:style-name="T1">). Assim era Jeremias! Feliz por ser um! Mas repare o </text:span><text:a xlink:type="simple" xlink:href="http://mysword.info/b?r=Jer_32:4" text:style-name="Internet_20_link" text:visited-style-name="Visited_20_Internet_20_Link"><text:span text:style-name="T1">versículo 4</text:span></text:a><text:span text:style-name="T1">.</text:span></text:p><text:p text:style-name="P6"/><text:p text:style-name="P6"><text:a xlink:type="simple" xlink:href="http://mysword.info/b?r=Jer_32:6-12" text:style-name="Internet_20_link" text:visited-style-name="Visited_20_Internet_20_Link"><text:span text:style-name="T1">Jr 32:6-12</text:span></text:a><text:span text:style-name="T1"> Ele é instruído a comprar um pedaço de terra.</text:span></text:p><text:p text:style-name="P6"/><text:p text:style-name="P6"><text:a xlink:type="simple" xlink:href="http://mysword.info/b?r=Jer_32:14-15" text:style-name="Internet_20_link" text:visited-style-name="Visited_20_Internet_20_Link"><text:span text:style-name="T1">Jr 32:14-15</text:span></text:a><text:span text:style-name="T1"> As escrituras da propriedade deviam ser conservadas para o futuro. Mais tarde eles descobririam que tudo isso tinha sido profetizado!</text:span></text:p><text:p text:style-name="P6"/><text:p text:style-name="P6"><text:a xlink:type="simple" xlink:href="http://mysword.info/b?r=Jer_32:17" text:style-name="Internet_20_link" text:visited-style-name="Visited_20_Internet_20_Link"><text:span text:style-name="T1">Jr 32:17</text:span></text:a><text:span text:style-name="T1"> Jamais nos esqueçamos deste versículo... e da pergunta no </text:span><text:a xlink:type="simple" xlink:href="http://mysword.info/b?r=Jer_32:27" text:style-name="Internet_20_link" text:visited-style-name="Visited_20_Internet_20_Link"><text:span text:style-name="T1">versículo 27</text:span></text:a><text:span text:style-name="T1">. O restante do capítulo nos mostra que (1) Deus deu a Israel a terra prometida, (2) Eles desobedeceram a Deus, (3) Eles foram castigados por isso, (4) Todavia Deus (por causa da morte de Cristo por seus pecados) irá levá-los de volta e Cristo será Rei sobre eles em prosperidade, poder e felicidade.</text:span></text:p><text:p text:style-name="P6"/><text:h text:style-name="P1" text:outline-level="2"><text:bookmark text:name="__RefHeading___Toc2173_1419486361"/>#1042</text:h><text:p text:style-name="P6"/><text:p text:style-name="P7">É mais fácil se entusiasmar do que obedecer.</text:p><text:p text:style-name="P6"/><text:h text:style-name="P2" text:outline-level="2"><text:bookmark text:name="__RefHeading___Toc2175_1419486361"/><text:a xlink:type="simple" xlink:href="http://mysword.info/b?r=Jer_33" text:style-name="Internet_20_link" text:visited-style-name="Visited_20_Internet_20_Link"><text:span text:style-name="T1">JEREMIAS 33</text:span></text:a></text:h><text:p text:style-name="P6"/><text:p text:style-name="P6"><text:span text:style-name="T1">A profecia prossegue no futuro (ainda não aconteceu) quando o Senhor Jesus voltará. Ele é descrito como o Renovo de justiça, e a descendência do Rei Davi (</text:span><text:a xlink:type="simple" xlink:href="http://mysword.info/b?r=Jer_33:15" text:style-name="Internet_20_link" text:visited-style-name="Visited_20_Internet_20_Link"><text:span text:style-name="T1">vers. 15</text:span></text:a><text:span text:style-name="T1">). Nos versículos </text:span><text:a xlink:type="simple" xlink:href="http://mysword.info/b?r=Jer_33:6-8" text:style-name="Internet_20_link" text:visited-style-name="Visited_20_Internet_20_Link"><text:span text:style-name="T1">6-8</text:span></text:a><text:span text:style-name="T1">, Deus está dizendo 7 vezes o que fará. Que maravilhosas promessas!</text:span></text:p><text:p text:style-name="P6"/><text:h text:style-name="P1" text:outline-level="2"><text:bookmark text:name="__RefHeading___Toc2177_1419486361"/>#1043</text:h><text:p text:style-name="P6"/><text:p text:style-name="P7">Quando manifestamos justiça prática, estamos provando ter uma fonte de vida nova.</text:p><text:p text:style-name="P6"/><text:h text:style-name="P2" text:outline-level="2"><text:bookmark text:name="__RefHeading___Toc2179_1419486361"/><text:a xlink:type="simple" xlink:href="http://mysword.info/b?r=Jer_34" text:style-name="Internet_20_link" text:visited-style-name="Visited_20_Internet_20_Link"><text:span text:style-name="T1">JEREMIAS 34</text:span></text:a></text:h><text:p text:style-name="P6"/><text:p text:style-name="P7">Todos os que tinham escravos Hebreus tinham feito um acordo com Zedequias e os libertaram. Mas depois tomaram as mesmas pessoas e as escravizaram novamente. Jeremias está muito irado com isso, e diz que serão castigados pelo que fizeram. Não é exatamente o que acontece às vezes com os Cristãos? O Senhor Jesus nos deu libertação de nossos pecados e do mundo, e então voltamos para as coisas mundanas, e Satanás nos atrai para fazermos coisas que nos torna outra vez como escravos.</text:p><text:p text:style-name="P6"/><text:h text:style-name="P1" text:outline-level="2"><text:bookmark text:name="__RefHeading___Toc2181_1419486361"/>#1044</text:h><text:p text:style-name="P6"/><text:p text:style-name="P7">Nunca conhecemos corretamente a verdade até que a conheçamos sem sua própria relação com outras verdades.</text:p><text:p text:style-name="P6"/><text:h text:style-name="P2" text:outline-level="2"><text:bookmark text:name="__RefHeading___Toc2183_1419486361"/><text:a xlink:type="simple" xlink:href="http://mysword.info/b?r=Jer_35" text:style-name="Internet_20_link" text:visited-style-name="Visited_20_Internet_20_Link"><text:span text:style-name="T1">JEREMIAS 35</text:span></text:a></text:h><text:p text:style-name="P6"/><text:p text:style-name="P6"><text:span text:style-name="T1">Lemos da fidelidade desse povo Gentio, os Recabitas. Deus havia prometido abençoá-los e a seus descendentes. Eles são descendentes de Recabe e dos Queneus (1 Crônicas </text:span><text:a xlink:type="simple" xlink:href="http://mysword.info/b?r=1Ch_2:55" text:style-name="Internet_20_link" text:visited-style-name="Visited_20_Internet_20_Link"><text:span text:style-name="T1">2:55</text:span></text:a><text:span text:style-name="T1">, Gentios). É muito interessante lermos na Enciclopédia que há pessoas no deserto hoje que afirmam ser Recabitas.</text:span></text:p><text:p text:style-name="P6"/><text:h text:style-name="P1" text:outline-level="2"><text:bookmark text:name="__RefHeading___Toc2185_1419486361"/>#1045</text:h><text:p text:style-name="P6"/><text:p text:style-name="P7">Não &quot;tome&quot; algum tempo para orar, mas &quot;crie&quot; tempo para oração.</text:p><text:p text:style-name="P6"/><text:h text:style-name="P2" text:outline-level="2"><text:bookmark text:name="__RefHeading___Toc2187_1419486361"/><text:a xlink:type="simple" xlink:href="http://mysword.info/b?r=Jer_36" text:style-name="Internet_20_link" text:visited-style-name="Visited_20_Internet_20_Link"><text:span text:style-name="T1">JEREMIAS 36</text:span></text:a></text:h><text:p text:style-name="P6"/><text:p text:style-name="P7">Jeremias ordenou a um homem, um escritor, Baruque, que escrevesse esta profecia do que Deus iria fazer mais tarde ao castigar Jerusalém. Ele devia escrever isso em um pergaminho. Quando isso foi lido para o rei Jeoiaquim, ele o cortou e jogou no fogo. Então tentou prender Jeremias e Baruque. Mas Deus viu tudo isso acontecendo, e os escondeu. Outro pergaminho foi obtido e toda a profecia foi escrita outra vez. O mesmo acontece hoje. As pessoas colocam suas Bíblias em uma gaveta e se esquecem dela. Mas Deus vê isso também. Assim Baruque escreve tudo outra vez!</text:p><text:p text:style-name="P6"/><text:h text:style-name="P1" text:outline-level="2"><text:bookmark text:name="__RefHeading___Toc2189_1419486361"/>#1046</text:h><text:p text:style-name="P6"/><text:p text:style-name="P6"><text:span text:style-name="T1">Tanto Jônatas como Saul tinham uma espada. Apenas Jônatas tinha coragem de usá-la. </text:span><text:a xlink:type="simple" xlink:href="http://mysword.info/b?r=1Sa_13" text:style-name="Internet_20_link" text:visited-style-name="Visited_20_Internet_20_Link"><text:span text:style-name="T1">1 Samuel 13</text:span></text:a></text:p><text:p text:style-name="P6"/><text:h text:style-name="P2" text:outline-level="2"><text:bookmark text:name="__RefHeading___Toc2191_1419486361"/><text:a xlink:type="simple" xlink:href="http://mysword.info/b?r=Jer_37" text:style-name="Internet_20_link" text:visited-style-name="Visited_20_Internet_20_Link"><text:span text:style-name="T1">JEREMIAS 37</text:span></text:a></text:h><text:p text:style-name="P6"/><text:p text:style-name="P7">O rei Zedequias continua desobediente a Deus; mas dá um show de pretensão. Ele consegue um pouquinho de alívio da guerra com Babilônia, mas isso lhe dá a esperança de que talvez eles iriam embora. Por isso pede a Jeremias que fale ao Senhor e escute o que Ele diz. (Parece bom!) Ele espera que o Senhor não os castigue. Isso só demonstra o quão longe de Deus ele estava. Os príncipes acusam Jeremias de se aliar com o inimigo, pois ele tinha dito que o castigo estava chegando. Por isso o colocam na prisão. Zedequias, provavelmente por razões de consciência, livra Jeremias da prisão. Mas ele estava muito fraco para confessar seus pecados e obedecer ao Senhor.</text:p><text:p text:style-name="P6"/><text:h text:style-name="P1" text:outline-level="2"><text:bookmark text:name="__RefHeading___Toc2193_1419486361"/>#1047</text:h><text:p text:style-name="P6"/><text:p text:style-name="P7">A vida de sua alma é a fé. A saúde de sua alma é o amor.</text:p><text:p text:style-name="P6"/><text:h text:style-name="P2" text:outline-level="2"><text:bookmark text:name="__RefHeading___Toc2195_1419486361"/><text:a xlink:type="simple" xlink:href="http://mysword.info/b?r=Jer_38" text:style-name="Internet_20_link" text:visited-style-name="Visited_20_Internet_20_Link"><text:span text:style-name="T1">JEREMIAS 38</text:span></text:a></text:h><text:p text:style-name="P6"/><text:p text:style-name="P6"><text:a xlink:type="simple" xlink:href="http://mysword.info/b?r=Jer_38:2" text:style-name="Internet_20_link" text:visited-style-name="Visited_20_Internet_20_Link"><text:span text:style-name="T1">Jr 38:2</text:span></text:a><text:span text:style-name="T1"> As coisas ficam piores para Jeremias. Deus disse que qualquer um que ficasse em Jerusalém morreria, mas aqueles que fossem com o inimigo viveriam. Os príncipes ficam tão irados, que pedem ao rei que mate Jeremias.</text:span></text:p><text:p text:style-name="P6"/><text:p text:style-name="P6"><text:a xlink:type="simple" xlink:href="http://mysword.info/b?r=Jer_38:5,6" text:style-name="Internet_20_link" text:visited-style-name="Visited_20_Internet_20_Link"><text:span text:style-name="T1">Jr 38:5,6</text:span></text:a><text:span text:style-name="T1"> Jeremias é lançado no calabouço. Alguns homens fiéis procuram ajudá-lo. Deus é um Deus de detalhes. Seu caminho é perfeito. A própria prisão se torna um lugar de segurança para Jeremias. Deus queria que Ebede-Meleque escutasse uma mensagem, por isso Ele a envia através de Jeremias. Que encorajamento isso deve ter sido para ele.</text:span></text:p><text:p text:style-name="P6"/><text:h text:style-name="P1" text:outline-level="2"><text:bookmark text:name="__RefHeading___Toc2197_1419486361"/>#1048</text:h><text:p text:style-name="P6"/><text:p text:style-name="P7">Se quisermos saber mais sobre Jesus, devemos deixar todo compromisso com o pecado.</text:p><text:p text:style-name="P6"/><text:h text:style-name="P2" text:outline-level="2"><text:bookmark text:name="__RefHeading___Toc2199_1419486361"/><text:a xlink:type="simple" xlink:href="http://mysword.info/b?r=Jer_44" text:style-name="Internet_20_link" text:visited-style-name="Visited_20_Internet_20_Link"><text:span text:style-name="T1">JEREMIAS 44</text:span></text:a></text:h><text:p text:style-name="P6"/><text:p text:style-name="P7">Temos a terrível confusão e o pecado que existia entre aqueles que insistiam em permanecer em Jerusalém quando Deus lhes havia dito que saíssem. O resultado foi que acabaram espalhados e receberam o castigo de que Deus lhes havia falado antes. Não havia indicação de que alguém tivesse se arrependido. Eles pedem a Jeremias que pergunte ao Senhor, mas não O obedecem quanto chega a resposta. </text:p><text:p text:style-name="P6"/><text:h text:style-name="P1" text:outline-level="2"><text:bookmark text:name="__RefHeading___Toc2201_1419486361"/>#1049</text:h><text:p text:style-name="P6"/><text:p text:style-name="P6"><text:span text:style-name="T1">A imoralidade segue a idolatria. Romanos </text:span><text:a xlink:type="simple" xlink:href="http://mysword.info/b?r=Rom_1:20-25" text:style-name="Internet_20_link" text:visited-style-name="Visited_20_Internet_20_Link"><text:span text:style-name="T1">1:20-25</text:span></text:a></text:p><text:p text:style-name="P6"/><text:h text:style-name="P2" text:outline-level="2"><text:bookmark text:name="__RefHeading___Toc2203_1419486361"/><text:a xlink:type="simple" xlink:href="http://mysword.info/b?r=Jer_52" text:style-name="Internet_20_link" text:visited-style-name="Visited_20_Internet_20_Link"><text:span text:style-name="T1">JEREMIAS 52</text:span></text:a></text:h><text:p text:style-name="P6"/><text:p text:style-name="P6"><text:a xlink:type="simple" xlink:href="http://mysword.info/b?r=Jer_52:1-3" text:style-name="Internet_20_link" text:visited-style-name="Visited_20_Internet_20_Link"><text:span text:style-name="T1">Jr 52:1-3</text:span></text:a><text:span text:style-name="T1"> O Rei Zedequias ficou em Jerusalém, rebelando-se contra o rei de Babilônia.</text:span></text:p><text:p text:style-name="P6"/><text:p text:style-name="P6"><text:a xlink:type="simple" xlink:href="http://mysword.info/b?r=Jer_52:4" text:style-name="Internet_20_link" text:visited-style-name="Visited_20_Internet_20_Link"><text:span text:style-name="T1">Jr 52:4</text:span></text:a><text:span text:style-name="T1"> Nove anos mais tarde, o inimigo voltou com todo o seu exército e cercou a cidade durante 2 anos.</text:span></text:p><text:p text:style-name="P6"/><text:p text:style-name="P6"><text:a xlink:type="simple" xlink:href="http://mysword.info/b?r=Jer_52:6,7" text:style-name="Internet_20_link" text:visited-style-name="Visited_20_Internet_20_Link"><text:span text:style-name="T1">Jr 52:6,7</text:span></text:a><text:span text:style-name="T1"> A fome agora prevalece, os homens de guerra tentam escapar, mas fracassam.</text:span></text:p><text:p text:style-name="P6"/><text:p text:style-name="P6"><text:a xlink:type="simple" xlink:href="http://mysword.info/b?r=Jer_52:8-11" text:style-name="Internet_20_link" text:visited-style-name="Visited_20_Internet_20_Link"><text:span text:style-name="T1">Jr 52:8-11</text:span></text:a><text:span text:style-name="T1"> O terrível juízo de Deus cai sobre Zedequias, seus olhos são arrancados, e ele é levado para a Babilônia.</text:span></text:p><text:p text:style-name="P6"/><text:p text:style-name="P6"><text:a xlink:type="simple" xlink:href="http://mysword.info/b?r=Jer_52:12,13" text:style-name="Internet_20_link" text:visited-style-name="Visited_20_Internet_20_Link"><text:span text:style-name="T1">Jr 52:12,13</text:span></text:a><text:span text:style-name="T1"> O grande templo do Senhor é queimado, junto com o muro da cidade.</text:span></text:p><text:p text:style-name="P6"/><text:p text:style-name="P6"><text:a xlink:type="simple" xlink:href="http://mysword.info/b?r=Jer_52:15" text:style-name="Internet_20_link" text:visited-style-name="Visited_20_Internet_20_Link"><text:span text:style-name="T1">Jr 52:15</text:span></text:a><text:span text:style-name="T1"> Que final até para os mais pobres do povo.</text:span></text:p><text:p text:style-name="P6"/><text:p text:style-name="P6"><text:a xlink:type="simple" xlink:href="http://mysword.info/b?r=Jer_52:17-23" text:style-name="Internet_20_link" text:visited-style-name="Visited_20_Internet_20_Link"><text:span text:style-name="T1">Jr 52:17-23</text:span></text:a><text:span text:style-name="T1"> Os vasos da casa do Senhor são todos levados para a Babilônia. Por que toda essa destruição? Simplesmente porque o reino de Judá, desde o rei até os mais pobres, tinha abandonado sua fé no Deus que os amou, mas Sua santidade exigia esse castigo. Que a leitura deste Livro crie em nós um efeito de sobriedade.</text:span></text:p><text:p text:style-name="P6"/><text:p text:style-name="P7">Sumário: Israel, apesar de toda a bondade de Deus, O abandonou e se voltou para a Idolatria. Por isso Deus entregou o governo do mundo aos Gentios. Permanece assim até hoje. Mas sabemos que Deus encontrou uma maneira de abençoar Israel e o mundo no futuro, e isso ao dar o Seu Filho, o Senhor Jesus Cristo, para ser um sacrifício na cruz! Assim Deus pode ser justo e certo em perdoar os pecados de cada um, sim, de todos os que colocarem sua confiança em Cristo.</text:p><text:p text:style-name="P6"/></text:section></office:text></office:body></office:document-content>