<?xml version="1.0" encoding="UTF-8"?>
<office:document-content xmlns:office="urn:oasis:names:tc:opendocument:xmlns:office:1.0" xmlns:style="urn:oasis:names:tc:opendocument:xmlns:style:1.0" xmlns:text="urn:oasis:names:tc:opendocument:xmlns:text:1.0" xmlns:table="urn:oasis:names:tc:opendocument:xmlns:table:1.0" xmlns:draw="urn:oasis:names:tc:opendocument:xmlns:drawing:1.0" xmlns:fo="urn:oasis:names:tc:opendocument:xmlns:xsl-fo-compatible:1.0" xmlns:xlink="http://www.w3.org/1999/xlink" xmlns:dc="http://purl.org/dc/elements/1.1/" xmlns:meta="urn:oasis:names:tc:opendocument:xmlns:meta:1.0" xmlns:number="urn:oasis:names:tc:opendocument:xmlns:datastyle:1.0" xmlns:svg="urn:oasis:names:tc:opendocument:xmlns:svg-compatible:1.0" xmlns:chart="urn:oasis:names:tc:opendocument:xmlns:chart:1.0" xmlns:dr3d="urn:oasis:names:tc:opendocument:xmlns:dr3d:1.0" xmlns:math="http://www.w3.org/1998/Math/MathML" xmlns:form="urn:oasis:names:tc:opendocument:xmlns:form:1.0" xmlns:script="urn:oasis:names:tc:opendocument:xmlns:script:1.0" xmlns:ooo="http://openoffice.org/2004/office" xmlns:ooow="http://openoffice.org/2004/writer" xmlns:oooc="http://openoffice.org/2004/calc" xmlns:dom="http://www.w3.org/2001/xml-events" xmlns:xforms="http://www.w3.org/2002/xforms" xmlns:xsd="http://www.w3.org/2001/XMLSchema" xmlns:xsi="http://www.w3.org/2001/XMLSchema-instance" xmlns:rpt="http://openoffice.org/2005/report" xmlns:of="urn:oasis:names:tc:opendocument:xmlns:of:1.2" xmlns:xhtml="http://www.w3.org/1999/xhtml" xmlns:grddl="http://www.w3.org/2003/g/data-view#" xmlns:officeooo="http://openoffice.org/2009/office" xmlns:tableooo="http://openoffice.org/2009/table" xmlns:drawooo="http://openoffice.org/2010/draw" xmlns:calcext="urn:org:documentfoundation:names:experimental:calc:xmlns:calcext:1.0" xmlns:loext="urn:org:documentfoundation:names:experimental:office:xmlns:loext:1.0" xmlns:field="urn:openoffice:names:experimental:ooo-ms-interop:xmlns:field:1.0" xmlns:formx="urn:openoffice:names:experimental:ooxml-odf-interop:xmlns:form:1.0" xmlns:css3t="http://www.w3.org/TR/css3-text/" office:version="1.2"><office:scripts/><office:font-face-decls><style:font-face style:name="FreeSans1" svg:font-family="FreeSans"/><style:font-face style:name="Liberation Sans" svg:font-family="&apos;Liberation Sans&apos;, sans-serif"/><style:font-face style:name="Noto Sans CJK SC Regular1" svg:font-family="&apos;Noto Sans CJK SC Regular&apos;"/><style:font-face style:name="FreeSans2" svg:font-family="FreeSans" style:font-family-generic="swiss"/><style:font-face style:name="Liberation Serif" svg:font-family="&apos;Liberation Serif&apos;" style:font-family-generic="roman" style:font-pitch="variable"/><style:font-face style:name="Thorndale" svg:font-family="Thorndale" style:font-family-generic="roman" style:font-pitch="variable"/><style:font-face style:name="Albany" svg:font-family="Albany" style:font-family-generic="swiss" style:font-pitch="variable"/><style:font-face style:name="FreeSans" svg:font-family="FreeSans" style:font-family-generic="system" style:font-pitch="variable"/><style:font-face style:name="Noto Sans CJK SC Regular" svg:font-family="&apos;Noto Sans CJK SC Regular&apos;" style:font-family-generic="system" style:font-pitch="variable"/></office:font-face-decls><office:automatic-styles><style:style style:name="P1" style:family="paragraph" style:parent-style-name="Text_20_body" style:master-page-name="HTML"><style:paragraph-properties fo:margin-top="0cm" fo:margin-bottom="0cm" loext:contextual-spacing="false" fo:line-height="150%" fo:text-align="start" style:justify-single-word="false" style:page-number="auto"/></style:style><style:style style:name="P2" style:family="paragraph" style:parent-style-name="Text_20_body"><style:paragraph-properties fo:margin-top="0cm" fo:margin-bottom="0cm" loext:contextual-spacing="false" fo:line-height="150%" fo:text-align="start" style:justify-single-word="false"/></style:style><style:style style:name="P3" style:family="paragraph" style:parent-style-name="Text_20_body"><style:paragraph-properties fo:margin-top="0cm" fo:margin-bottom="0cm" loext:contextual-spacing="false" fo:line-height="150%" fo:text-align="justify" style:justify-single-word="false"/></style:style><style:style style:name="P4" style:family="paragraph" style:parent-style-name="Text_20_body"><style:paragraph-properties fo:margin-top="0cm" fo:margin-bottom="0cm" loext:contextual-spacing="false" fo:line-height="150%" fo:text-align="justify" style:justify-single-word="false"/><style:text-properties style:font-name="Liberation Sans" fo:font-size="12pt"/></style:style><style:style style:name="P5" style:family="paragraph" style:parent-style-name="Heading_20_2"><style:paragraph-properties fo:line-height="150%"/><style:text-properties style:font-name="Liberation Sans" fo:font-size="12pt"/></style:style><style:style style:name="P6" style:family="paragraph" style:parent-style-name="Heading_20_2"><style:paragraph-properties fo:line-height="150%"/></style:style><style:style style:name="P7" style:family="paragraph" style:parent-style-name="Heading_20_2"><style:paragraph-properties fo:line-height="150%" fo:break-before="page"/><style:text-properties style:font-name="Liberation Sans" fo:font-size="12pt"/></style:style><style:style style:name="T1" style:family="text"><style:text-properties style:font-name="Liberation Sans" fo:font-size="12pt"/></style:style><style:style style:name="T2" style:family="text"><style:text-properties style:font-name="Liberation Sans" fo:font-size="12pt" fo:font-weight="bold"/></style:style><style:style style:name="T3" style:family="text"><style:text-properties style:font-name="Liberation Sans" fo:font-size="12pt" fo:font-weight="normal"/></style:style><style:style style:name="T4" style:family="text"><style:text-properties fo:font-variant="normal" fo:text-transform="none"/></style:style><style:style style:name="T5" style:family="text"><style:text-properties fo:font-variant="normal" fo:text-transform="none" style:font-name="Liberation Sans" fo:font-size="12pt" fo:font-style="normal" fo:font-weight="normal"/></style:style><style:style style:name="T6" style:family="text"><style:text-properties fo:color="#000000"/></style:style><style:style style:name="T7" style:family="text"><style:text-properties fo:color="#000000" style:font-name="Liberation Sans" fo:font-size="12pt" fo:font-weight="normal"/></style:style><style:style style:name="T8" style:family="text"><style:text-properties fo:color="#000099" style:text-line-through-style="none" style:text-line-through-type="none" style:font-name="Liberation Sans" fo:font-size="12pt" style:text-underline-style="none" fo:font-weight="bold" style:text-blinking="false"/></style:style><style:style style:name="fr1" style:family="graphic" style:parent-style-name="Graphics"><style:graphic-properties style:wrap="right" style:number-wrapped-paragraphs="no-limit" style:wrap-contour="false" style:vertical-pos="top" style:vertical-rel="paragraph-content" style:horizontal-pos="left" style:horizontal-rel="paragraph" style:mirror="none" fo:clip="rect(0cm, 0cm, 0cm, 0cm)" draw:luminance="0%" draw:contrast="0%" draw:red="0%" draw:green="0%" draw:blue="0%" draw:gamma="100%" draw:color-inversion="false" draw:image-opacity="100%" draw:color-mode="standard"/></style:style><style:style style:name="Sect1" style:family="section"><style:section-properties style:writing-mode="lr-tb" style:editable="false"><style:columns fo:column-count="1" fo:column-gap="0cm"/></style:section-properties></style:style></office:automatic-styles><office:body><office:text><text:sequence-decls><text:sequence-decl text:display-outline-level="0" text:name="Illustration"/><text:sequence-decl text:display-outline-level="0" text:name="Table"/><text:sequence-decl text:display-outline-level="0" text:name="Text"/><text:sequence-decl text:display-outline-level="0" text:name="Drawing"/></text:sequence-decls><text:section text:style-name="Sect1" text:name="texto"><text:p text:style-name="P1"><draw:frame draw:style-name="fr1" draw:name="Figura1" text:anchor-type="paragraph" svg:width="17.013cm" svg:height="24.897cm" draw:z-index="0"><draw:image xlink:href="Pictures/1000020100000A5D00000F2F9AFFE70B6E238BA4.png" xlink:type="simple" xlink:show="embed" xlink:actuate="onLoad"/></draw:frame><office:annotation><dc:date>2018-07-29T09:38:18.458497591</dc:date><text:p>HTML: &lt;meta name=&quot;created&quot; content=&quot;00:00:00&quot;&gt;</text:p></office:annotation><office:annotation><dc:date>2018-07-29T09:38:18.458523919</dc:date><text:p>HTML: &lt;meta name=&quot;changed&quot; content=&quot;2018-07-29T09:34:19.159519271&quot;&gt;</text:p></office:annotation><office:annotation><dc:date>2018-07-29T09:38:18.458542367</dc:date><text:p>HTML: &lt;meta name=&quot;created&quot; content=&quot;00:00:00&quot;&gt;</text:p></office:annotation><office:annotation><dc:date>2018-07-29T09:38:18.458561955</dc:date><text:p>HTML: &lt;meta name=&quot;changed&quot; content=&quot;2018-07-29T09:09:40.732362306&quot;&gt;</text:p></office:annotation><office:annotation><dc:date>2018-07-29T09:38:18.458579577</dc:date><text:p>HTML: &lt;meta name=&quot;created&quot; content=&quot;00:00:00&quot;&gt;</text:p></office:annotation><office:annotation><dc:date>2018-07-29T09:38:18.458598418</dc:date><text:p>HTML: &lt;meta name=&quot;changed&quot; content=&quot;2018-07-25T07:28:16.723397079&quot;&gt;</text:p></office:annotation><office:annotation><dc:date>2018-07-29T09:38:18.458615393</dc:date><text:p>HTML: &lt;meta name=&quot;created&quot; content=&quot;00:00:00&quot;&gt;</text:p></office:annotation><office:annotation><dc:date>2018-07-29T09:38:18.458634193</dc:date><text:p>HTML: &lt;meta name=&quot;changed&quot; content=&quot;2018-07-23T19:07:07.052711527&quot;&gt;</text:p></office:annotation><office:annotation><dc:date>2018-07-29T09:38:18.458651268</dc:date><text:p>HTML: &lt;meta name=&quot;created&quot; content=&quot;00:00:00&quot;&gt;</text:p></office:annotation><office:annotation><dc:date>2018-07-29T09:38:18.458669465</dc:date><text:p>HTML: &lt;meta name=&quot;changed&quot; content=&quot;2018-07-23T18:50:08.423862693&quot;&gt;</text:p></office:annotation></text:p><text:p text:style-name="P2"><text:span text:style-name="Strong_20_Emphasis"><text:span text:style-name="T5">Título: </text:span></text:span><text:span text:style-name="Strong_20_Emphasis"><text:span text:style-name="T5"><office:annotation><dc:date>2018-07-29T09:38:19.732397286</dc:date><text:p>HTML: &lt;meta name=&quot;created&quot; content=&quot;00:00:00&quot;&gt;</text:p></office:annotation></text:span></text:span><text:span text:style-name="Strong_20_Emphasis"><text:span text:style-name="T5"><office:annotation><dc:date>2018-07-29T09:38:19.732410213</dc:date><text:p>HTML: &lt;meta name=&quot;changed&quot; content=&quot;2018-06-14T22:55:38.007259856&quot;&gt;</text:p></office:annotation></text:span></text:span><text:span text:style-name="Strong_20_Emphasis"><text:span text:style-name="T5"><office:annotation><dc:date>2018-07-29T09:38:19.732419792</dc:date><text:p>HTML: &lt;meta name=&quot;created&quot; content=&quot;00:00:00&quot;&gt;</text:p></office:annotation></text:span></text:span><text:span text:style-name="Strong_20_Emphasis"><text:span text:style-name="T5"><office:annotation><dc:date>2018-07-29T09:38:19.732431331</dc:date><text:p>HTML: &lt;meta name=&quot;changed&quot; content=&quot;2018-06-14T20:52:51.033526204&quot;&gt;</text:p></office:annotation></text:span></text:span><text:span text:style-name="Strong_20_Emphasis"><text:span text:style-name="T5"><office:annotation><dc:date>2018-07-29T09:38:19.732440555</dc:date><text:p>HTML: &lt;meta name=&quot;created&quot; content=&quot;00:00:00&quot;&gt;</text:p></office:annotation></text:span></text:span><text:span text:style-name="Strong_20_Emphasis"><text:span text:style-name="T5"><office:annotation><dc:date>2018-07-29T09:38:19.732450616</dc:date><text:p>HTML: &lt;meta name=&quot;changed&quot; content=&quot;2018-06-14T17:27:12.577284577&quot;&gt;</text:p></office:annotation></text:span></text:span><text:span text:style-name="Strong_20_Emphasis"><text:span text:style-name="T5"><office:annotation><dc:date>2018-07-29T09:38:19.732459663</dc:date><text:p>HTML: &lt;meta name=&quot;created&quot; content=&quot;00:00:00&quot;&gt;</text:p></office:annotation></text:span></text:span><text:span text:style-name="Strong_20_Emphasis"><text:span text:style-name="T5"><office:annotation><dc:date>2018-07-29T09:38:19.732469550</dc:date><text:p>HTML: &lt;meta name=&quot;changed&quot; content=&quot;2018-06-14T12:58:12.332824081&quot;&gt;</text:p></office:annotation></text:span></text:span><text:span text:style-name="Strong_20_Emphasis"><text:span text:style-name="T5"><office:annotation><dc:date>2018-07-29T09:38:19.732478575</dc:date><text:p>HTML: &lt;meta name=&quot;created&quot; content=&quot;00:00:00&quot;&gt;</text:p></office:annotation></text:span></text:span><text:span text:style-name="Strong_20_Emphasis"><text:span text:style-name="T5"><office:annotation><dc:date>2018-07-29T09:38:19.732488394</dc:date><text:p>HTML: &lt;meta name=&quot;changed&quot; content=&quot;2018-06-14T07:07:38.845049501&quot;&gt;</text:p></office:annotation></text:span></text:span><text:span text:style-name="Strong_20_Emphasis"><text:span text:style-name="T5"><office:annotation><dc:date>2018-07-29T09:38:19.732497335</dc:date><text:p>HTML: &lt;meta name=&quot;created&quot; content=&quot;00:00:00&quot;&gt;</text:p></office:annotation></text:span></text:span><text:span text:style-name="Strong_20_Emphasis"><text:span text:style-name="T5"><office:annotation><dc:date>2018-07-29T09:38:19.732507198</dc:date><text:p>HTML: &lt;meta name=&quot;changed&quot; content=&quot;2018-06-13T22:59:08.975991996&quot;&gt;</text:p></office:annotation></text:span></text:span><text:span text:style-name="Strong_20_Emphasis"><text:span text:style-name="T5"><office:annotation><dc:date>2018-07-29T09:38:19.732516133</dc:date><text:p>HTML: &lt;meta name=&quot;created&quot; content=&quot;00:00:00&quot;&gt;</text:p></office:annotation></text:span></text:span><text:span text:style-name="Strong_20_Emphasis"><text:span text:style-name="T5"><office:annotation><dc:date>2018-07-29T09:38:19.732525958</dc:date><text:p>HTML: &lt;meta name=&quot;changed&quot; content=&quot;2018-06-13T20:26:03.305702553&quot;&gt;</text:p></office:annotation></text:span></text:span><text:span text:style-name="Strong_20_Emphasis"><text:span text:style-name="T5"><office:annotation><dc:date>2018-07-29T09:38:19.732534880</dc:date><text:p>HTML: &lt;meta name=&quot;created&quot; content=&quot;00:00:00&quot;&gt;</text:p></office:annotation></text:span></text:span><text:span text:style-name="Strong_20_Emphasis"><text:span text:style-name="T5"><office:annotation><dc:date>2018-07-29T09:38:19.732545690</dc:date><text:p>HTML: &lt;meta name=&quot;changed&quot; content=&quot;2018-06-12T12:28:00.714637591&quot;&gt;</text:p></office:annotation></text:span></text:span><text:span text:style-name="Strong_20_Emphasis"><text:span text:style-name="T5"><office:annotation><dc:date>2018-07-29T09:38:19.732554711</dc:date><text:p>HTML: &lt;meta name=&quot;created&quot; content=&quot;00:00:00&quot;&gt;</text:p></office:annotation></text:span></text:span><text:span text:style-name="Strong_20_Emphasis"><text:span text:style-name="T5"><office:annotation><dc:date>2018-07-29T09:38:19.732564388</dc:date><text:p>HTML: &lt;meta name=&quot;changed&quot; content=&quot;2018-06-11T22:59:09.625284365&quot;&gt;</text:p></office:annotation></text:span></text:span><text:span text:style-name="Strong_20_Emphasis"><text:span text:style-name="T5"><office:annotation><dc:date>2018-07-29T09:38:19.732574867</dc:date><text:p>HTML: &lt;meta name=&quot;created&quot; content=&quot;2018-06-11T22:51:04.642681485&quot;&gt;</text:p></office:annotation></text:span></text:span><text:span text:style-name="Strong_20_Emphasis"><text:span text:style-name="T5"><office:annotation><dc:date>2018-07-29T09:38:19.732584600</dc:date><text:p>HTML: &lt;meta name=&quot;changed&quot; content=&quot;2018-06-11T22:52:11.240135258&quot;&gt;</text:p></office:annotation></text:span></text:span><text:span text:style-name="Strong_20_Emphasis"><text:span text:style-name="T5">CHAPTER A DAY (RUTE)<text:line-break/>Autor: NORMAN</text:span></text:span><text:span text:style-name="Strong_20_Emphasis"><text:span text:style-name="T4"> </text:span></text:span><text:span text:style-name="Strong_20_Emphasis"><text:span text:style-name="T5">BERRY </text:span></text:span><text:span text:style-name="Strong_20_Emphasis"><text:span text:style-name="T2"><text:line-break/><text:line-break/></text:span></text:span><text:span text:style-name="Strong_20_Emphasis"><text:span text:style-name="T7">Literaturas em formato</text:span></text:span><text:span text:style-name="Strong_20_Emphasis"><text:span text:style-name="T6"> </text:span></text:span><text:span text:style-name="Strong_20_Emphasis"><text:span text:style-name="T7">digital:<text:line-break/></text:span></text:span><text:a xlink:type="simple" xlink:href="http://www.acervodigitalcristao.com.br/" text:style-name="Internet_20_link" text:visited-style-name="Visited_20_Internet_20_Link"><text:span text:style-name="Strong_20_Emphasis"><text:span text:style-name="T2">www.acervodigitalcristao.com.br</text:span></text:span></text:a><text:span text:style-name="Strong_20_Emphasis"><text:span text:style-name="T8"><text:line-break/><text:line-break/></text:span></text:span><text:span text:style-name="Strong_20_Emphasis"><text:span text:style-name="T3">Literaturas em formato</text:span></text:span><text:span text:style-name="Strong_20_Emphasis"> </text:span><text:span text:style-name="Strong_20_Emphasis"><text:span text:style-name="T3">Impresso:<text:line-break/></text:span></text:span><text:a xlink:type="simple" xlink:href="http://www.verdadesvivas.com.br/" text:style-name="Internet_20_link" text:visited-style-name="Visited_20_Internet_20_Link"><text:span text:style-name="Strong_20_Emphasis"><text:span text:style-name="T2">www.verdadesvivas.com.br</text:span></text:span></text:a><text:span text:style-name="Strong_20_Emphasis"><text:span text:style-name="T8"><text:line-break/><text:line-break/></text:span></text:span><text:span text:style-name="Strong_20_Emphasis"><text:span text:style-name="T3">Evangelho em 03 Minutos:</text:span></text:span><text:span text:style-name="Strong_20_Emphasis"> </text:span><text:span text:style-name="Strong_20_Emphasis"><text:span text:style-name="T2"><text:line-break/></text:span></text:span><text:a xlink:type="simple" xlink:href="http://www.3minutos.net/" text:style-name="Internet_20_link" text:visited-style-name="Visited_20_Internet_20_Link"><text:span text:style-name="Strong_20_Emphasis"><text:span text:style-name="T2">www.3minutos.net</text:span></text:span></text:a><text:span text:style-name="Strong_20_Emphasis"><text:span text:style-name="T8"><text:line-break/><text:line-break/></text:span></text:span><text:span text:style-name="Strong_20_Emphasis"><text:span text:style-name="T3">O que respondi:<text:line-break/></text:span></text:span><text:a xlink:type="simple" xlink:href="http://www.respondi.com.br/" text:style-name="Internet_20_link" text:visited-style-name="Visited_20_Internet_20_Link"><text:span text:style-name="Strong_20_Emphasis"><text:span text:style-name="T2">www.respondi.com.br</text:span></text:span></text:a></text:p><text:h text:style-name="P7" text:outline-level="2"><text:bookmark text:name="__RefHeading___Toc961_1280209449"/>#427</text:h><text:p text:style-name="P3"/><text:p text:style-name="P4">Na escola de Cristo, somente os humildes aprendem.</text:p><text:p text:style-name="P3"/><text:h text:style-name="P6" text:outline-level="2"><text:bookmark text:name="__RefHeading___Toc963_1280209449"/><text:a xlink:type="simple" xlink:href="http://mysword.info/b?r=Rut_1:1-5" text:style-name="Internet_20_link" text:visited-style-name="Visited_20_Internet_20_Link"><text:span text:style-name="T1">RUTE 1, vers. 1-5</text:span></text:a></text:h><text:p text:style-name="P3"/><text:p text:style-name="P4">Não faz muito tempo estávamos lendo o Livro de Juízes. Mencionamos que foi uma época de grandes trevas para Israel. Eles tinham acabado de entrar na terra prometida. Por não terem expulsado os povos que ali habitavam, logo acabaram se misturando com eles. Esses inimigos logo venceram os Israelitas. Em seu pensamento, procure encaixar o Livro de Rute na parte mais antiga do Livro de Juízes, pois foi nessa época que ele aconteceu. A história que vamos começar hoje é como um brilhante raio de sol que ilumina de repente um dia muito escuro e cheio de nuvens. Uma jovem mulher, uma estrangeira, age com fé, e desfruta da mais rica bênção que uma pessoa do Antigo Testamento poderia ter... tornar-se um ancestral de nosso Salvador, o Senhor Jesus!</text:p><text:p text:style-name="P3"/><text:p text:style-name="P3"><text:span text:style-name="T1">Através do homem, o que há de pior acaba saindo do que há de melhor... a primeira adoração acabou levando ao primeiro homicídio - </text:span><text:a xlink:type="simple" xlink:href="http://mysword.info/b?r=Gen_4" text:style-name="Internet_20_link" text:visited-style-name="Visited_20_Internet_20_Link"><text:span text:style-name="T1">Gênesis 4</text:span></text:a><text:span text:style-name="T1">. Mas por meio de Cristo o que há de melhor acaba saindo do que há de pior... &quot;onde abundou o pecado, superabundou a graça&quot; Romanos </text:span><text:a xlink:type="simple" xlink:href="http://mysword.info/b?r=Rom_5:20" text:style-name="Internet_20_link" text:visited-style-name="Visited_20_Internet_20_Link"><text:span text:style-name="T1">5:20</text:span></text:a><text:span text:style-name="T1">. Este livro é um lindo exemplo disso.</text:span></text:p><text:p text:style-name="P3"/><text:p text:style-name="P3"><text:a xlink:type="simple" xlink:href="http://mysword.info/b?r=Rut_1:1" text:style-name="Internet_20_link" text:visited-style-name="Visited_20_Internet_20_Link"><text:span text:style-name="T1">Rt 1:1</text:span></text:a><text:span text:style-name="T1"> Um homem - um Israelita - encontra-se diante de uma decisão a ser tomada... ficar em Israel onde começou uma grave fome... ou ir a algum outro lugar. Ele poderia ter aprendido de Deuteronômio </text:span><text:a xlink:type="simple" xlink:href="http://mysword.info/b?r=Deu_8:7-20" text:style-name="Internet_20_link" text:visited-style-name="Visited_20_Internet_20_Link"><text:span text:style-name="T1">8:7-20</text:span></text:a><text:span text:style-name="T1"> que Deus estava dizendo a Seu povo que havia desobediência. Se tivesse permanecido, e obedecido a Deus, isso seria uma prova de confiança nEle. Ele desobedece e vai para Moabe. Um lugar ímpio, certamente. Ele escolheu o pior. Ele provavelmente pensou... &quot;Devo cuidar de minha vida, minha esposa, meus dois filhos&quot;.</text:span></text:p><text:p text:style-name="P3"/><text:p text:style-name="P3"><text:a xlink:type="simple" xlink:href="http://mysword.info/b?r=Rut_1:2-5" text:style-name="Internet_20_link" text:visited-style-name="Visited_20_Internet_20_Link"><text:span text:style-name="T1">Rt 1:2-5</text:span></text:a><text:span text:style-name="T1"> Que desastre cai sobre essa família. O pai morre primeiro. Se a esposa, Noemi, tivesse discernimento da ação de Deus ao tirar seu marido, ela teria voltado a Israel imediatamente. Mas não, ela ficou onde estava. Depois disso, seus dois filhos se casam com moças Moabitas, o que era totalmente proibido (leia Neemias </text:span><text:a xlink:type="simple" xlink:href="http://mysword.info/b?r=Neh_13:1" text:style-name="Internet_20_link" text:visited-style-name="Visited_20_Internet_20_Link"><text:span text:style-name="T1">13:1</text:span></text:a><text:span text:style-name="T1">). Ela não os impede. Um filho morre. Ela continua esquecida da Palavra de Deus. Outro filho morre. Finalmente ela é tocada. Ela dá ouvidos. Após dez anos, resta apenas uma pessoa de uma família que tinha quatro membros. - </text:span><text:a xlink:type="simple" xlink:href="http://mysword.info/b?r=Gal_6:7" text:style-name="Internet_20_link" text:visited-style-name="Visited_20_Internet_20_Link"><text:span text:style-name="T1">Gl 6:7</text:span></text:a><text:span text:style-name="T1">.</text:span></text:p><text:p text:style-name="P3"/><text:h text:style-name="P5" text:outline-level="2"><text:bookmark text:name="__RefHeading___Toc965_1280209449"/>#428</text:h><text:p text:style-name="P3"/><text:p text:style-name="P4">Se o homem mais santo que já viveu até hoje fosse nossa ocupação principal, isto só nos atrapalharia, e de nada iria nos ajudar. O próprio CRISTO é nosso grande Exemplo.</text:p><text:p text:style-name="P3"/><text:h text:style-name="P6" text:outline-level="2"><text:bookmark text:name="__RefHeading___Toc967_1280209449"/><text:a xlink:type="simple" xlink:href="http://mysword.info/b?r=Rut_1:6-22" text:style-name="Internet_20_link" text:visited-style-name="Visited_20_Internet_20_Link"><text:span text:style-name="T1">RUTE 1, Vers. 6-22</text:span></text:a></text:h><text:p text:style-name="P3"/><text:p text:style-name="P3"><text:a xlink:type="simple" xlink:href="http://mysword.info/b?r=Rut_1:6" text:style-name="Internet_20_link" text:visited-style-name="Visited_20_Internet_20_Link"><text:span text:style-name="T1">Rt 1:6</text:span></text:a><text:span text:style-name="T1"> Noemi (seu nome significa &quot;conforto&quot;) decide voltar à terra de Israel.</text:span></text:p><text:p text:style-name="P3"/><text:p text:style-name="P3"><text:a xlink:type="simple" xlink:href="http://mysword.info/b?r=Rut_1:7" text:style-name="Internet_20_link" text:visited-style-name="Visited_20_Internet_20_Link"><text:span text:style-name="T1">Rt 1:7</text:span></text:a><text:span text:style-name="T1"> Ela e suas duas noras (três viúvas) começam a voltar... um bom começo.</text:span></text:p><text:p text:style-name="P3"/><text:p text:style-name="P3"><text:a xlink:type="simple" xlink:href="http://mysword.info/b?r=Rut_1:8-9" text:style-name="Internet_20_link" text:visited-style-name="Visited_20_Internet_20_Link"><text:span text:style-name="T1">Rt 1:8-9</text:span></text:a><text:span text:style-name="T1"> Mas ao invés de encorajá-las a permanecerem com ela, eis o que ela diz! Isso demonstra que Noemi continuava pensando que não havia problema em permanecer naquela terra ímpia. (Um crente descuidado não enxerga qualquer mal em ficar apegado às coisas do mundo. Os crentes perdem seu discernimento quando perdem a comunhão diária com o Senhor).</text:span></text:p><text:p text:style-name="P3"/><text:p text:style-name="P3"><text:a xlink:type="simple" xlink:href="http://mysword.info/b?r=Rut_1:11-13" text:style-name="Internet_20_link" text:visited-style-name="Visited_20_Internet_20_Link"><text:span text:style-name="T1">Rt 1:11-13</text:span></text:a><text:span text:style-name="T1"> Veja os argumentos que ela usa!</text:span></text:p><text:p text:style-name="P3"/><text:p text:style-name="P3"><text:a xlink:type="simple" xlink:href="http://mysword.info/b?r=Rut_1:14" text:style-name="Internet_20_link" text:visited-style-name="Visited_20_Internet_20_Link"><text:span text:style-name="T1">Rt 1:14</text:span></text:a><text:span text:style-name="T1"> Um momento de decisão para duas jovens. (Você está em uma situação semelhante? Siga a decisão de Rute!) Orfa desaparece para sempre no esquecimento.</text:span></text:p><text:p text:style-name="P3"/><text:p text:style-name="P3"><text:a xlink:type="simple" xlink:href="http://mysword.info/b?r=Rut_1:15-17" text:style-name="Internet_20_link" text:visited-style-name="Visited_20_Internet_20_Link"><text:span text:style-name="T1">Rt 1:15-17</text:span></text:a><text:span text:style-name="T1"> Que contraste.</text:span></text:p><text:p text:style-name="P3"/><text:p text:style-name="P3"><text:a xlink:type="simple" xlink:href="http://mysword.info/b?r=Rut_1:18" text:style-name="Internet_20_link" text:visited-style-name="Visited_20_Internet_20_Link"><text:span text:style-name="T1">Rt 1:18</text:span></text:a><text:span text:style-name="T1"> (Estamos perseverando? Veja Atos </text:span><text:a xlink:type="simple" xlink:href="http://mysword.info/b?r=Act_2:42" text:style-name="Internet_20_link" text:visited-style-name="Visited_20_Internet_20_Link"><text:span text:style-name="T1">2:42</text:span></text:a><text:span text:style-name="T1">).</text:span></text:p><text:p text:style-name="P3"/><text:p text:style-name="P3"><text:a xlink:type="simple" xlink:href="http://mysword.info/b?r=Rut_1:19-22" text:style-name="Internet_20_link" text:visited-style-name="Visited_20_Internet_20_Link"><text:span text:style-name="T1">Rt 1:19-22</text:span></text:a><text:span text:style-name="T1"> A vida de desobediência de Noemi alterou sua aparência de tal maneira que as pessoas dificilmente a reconhecem. (Temos uma responsabilidade maior que Noemi tinha de obedecermos, por temos o Espírito Santo habitando em nós - </text:span><text:a xlink:type="simple" xlink:href="http://mysword.info/b?r=1Co_6:20" text:style-name="Internet_20_link" text:visited-style-name="Visited_20_Internet_20_Link"><text:span text:style-name="T1">1 Co 6:20</text:span></text:a><text:span text:style-name="T1">). Portanto, podemos dizer que, para o crente, a mensagem do </text:span><text:a xlink:type="simple" xlink:href="http://mysword.info/b?r=Rut_1" text:style-name="Internet_20_link" text:visited-style-name="Visited_20_Internet_20_Link"><text:span text:style-name="T1">capítulo 1</text:span></text:a><text:span text:style-name="T1"> é &quot;decidir seguir a Cristo&quot;.</text:span></text:p><text:p text:style-name="P3"/><text:h text:style-name="P5" text:outline-level="2"><text:bookmark text:name="__RefHeading___Toc969_1280209449"/>#429</text:h><text:p text:style-name="P3"/><text:p text:style-name="P3"><text:span text:style-name="T1">Uma séria heresia é aquela que embora pareça defender a verdade, cria um partido em torno de si. Tito </text:span><text:a xlink:type="simple" xlink:href="http://mysword.info/b?r=Tit_3:10" text:style-name="Internet_20_link" text:visited-style-name="Visited_20_Internet_20_Link"><text:span text:style-name="T1">3:10</text:span></text:a><text:span text:style-name="T1">. Mas o Espírito Santo procura unir todos os crentes, e edificar a casa de Deus.</text:span></text:p><text:p text:style-name="P3"/><text:h text:style-name="P6" text:outline-level="2"><text:bookmark text:name="__RefHeading___Toc971_1280209449"/><text:a xlink:type="simple" xlink:href="http://mysword.info/b?r=Rut_2" text:style-name="Internet_20_link" text:visited-style-name="Visited_20_Internet_20_Link"><text:span text:style-name="T1">RUTE 2</text:span></text:a></text:h><text:p text:style-name="P3"/><text:p text:style-name="P4">Nós crentes poderíamos dizer que o significado deste capítulo é &quot;Encontrando-se com Cristo&quot;.</text:p><text:p text:style-name="P3"/><text:p text:style-name="P3"><text:a xlink:type="simple" xlink:href="http://mysword.info/b?r=Rut_2:1" text:style-name="Internet_20_link" text:visited-style-name="Visited_20_Internet_20_Link"><text:span text:style-name="T1">Rt 2:1</text:span></text:a><text:span text:style-name="T1"> Somos imediatamente apresentados a um homem... Boaz. Seu nome significa &quot;força&quot;. Ele é uma figura de Cristo. Ele é rico, e também é parente do marido morto de Noemi. Boaz não saiu perdendo por ter permanecido em Israel durante o tempo de fome. Nosso bendito Senhor Se fez Homem para poder ser um de nós... um Parente... nosso Redentor - </text:span><text:a xlink:type="simple" xlink:href="http://mysword.info/b?r=Php_2:7" text:style-name="Internet_20_link" text:visited-style-name="Visited_20_Internet_20_Link"><text:span text:style-name="T1">Fp 2:7</text:span></text:a><text:span text:style-name="T1">.</text:span></text:p><text:p text:style-name="P3"/><text:p text:style-name="P3"><text:a xlink:type="simple" xlink:href="http://mysword.info/b?r=Rut_2:2-17" text:style-name="Internet_20_link" text:visited-style-name="Visited_20_Internet_20_Link"><text:span text:style-name="T1">Rt 2:2-17</text:span></text:a><text:span text:style-name="T1"> Uma figura de nós (Rute) sendo encontrados pelo Senhor Jesus (Boaz).</text:span></text:p><text:p text:style-name="P3"/><text:p text:style-name="P3"><text:a xlink:type="simple" xlink:href="http://mysword.info/b?r=Rut_2:8" text:style-name="Internet_20_link" text:visited-style-name="Visited_20_Internet_20_Link"><text:span text:style-name="T1">Rt 2:8</text:span></text:a><text:span text:style-name="T1"> Mas quando ele encontra Rute, a primeira coisa que lhe diz é que não vá a outro campo. (O Senhor Jesus avisa a nós, crentes, que não nos misturemos com o mundo. Quando estamos perto dEle, somos protegidos, felizes e abençoados).</text:span></text:p><text:p text:style-name="P3"/><text:p text:style-name="P3"><text:a xlink:type="simple" xlink:href="http://mysword.info/b?r=Rut_2:14" text:style-name="Internet_20_link" text:visited-style-name="Visited_20_Internet_20_Link"><text:span text:style-name="T1">Rt 2:14</text:span></text:a><text:span text:style-name="T1"> Ela ENTRA na presença de Boaz para ter comunhão. Ela SAI para o serviço.</text:span></text:p><text:p text:style-name="P3"/><text:p text:style-name="P3"><text:a xlink:type="simple" xlink:href="http://mysword.info/b?r=Rut_2:17" text:style-name="Internet_20_link" text:visited-style-name="Visited_20_Internet_20_Link"><text:span text:style-name="T1">Rt 2:17</text:span></text:a><text:span text:style-name="T1"> Ela obedece e obtém uma boa colheita (cerca de 10 dias de comida para uma pessoa).</text:span></text:p><text:p text:style-name="P3"/><text:p text:style-name="P3"><text:a xlink:type="simple" xlink:href="http://mysword.info/b?r=Rut_2:18" text:style-name="Internet_20_link" text:visited-style-name="Visited_20_Internet_20_Link"><text:span text:style-name="T1">Rt 2:18</text:span></text:a><text:span text:style-name="T1"> O amor sempre dá.</text:span></text:p><text:p text:style-name="P3"/><text:p text:style-name="P3"><text:a xlink:type="simple" xlink:href="http://mysword.info/b?r=Rut_2:19-23" text:style-name="Internet_20_link" text:visited-style-name="Visited_20_Internet_20_Link"><text:span text:style-name="T1">Rt 2:19-23</text:span></text:a><text:span text:style-name="T1"> A obediência à Palavra de Deus produz bênção, unidade e gozo.</text:span></text:p><text:p text:style-name="P3"/><text:h text:style-name="P5" text:outline-level="2"><text:bookmark text:name="__RefHeading___Toc973_1280209449"/>#430</text:h><text:p text:style-name="P3"/><text:p text:style-name="P4">Os Coríntios se esqueceram de tudo o que dizia respeito à carne, ficando tão ocupados com o poder do Espírito.</text:p><text:p text:style-name="P3"/><text:h text:style-name="P6" text:outline-level="2"><text:bookmark text:name="__RefHeading___Toc975_1280209449"/><text:a xlink:type="simple" xlink:href="http://mysword.info/b?r=Rut_3" text:style-name="Internet_20_link" text:visited-style-name="Visited_20_Internet_20_Link"><text:span text:style-name="T1">RUTE 3</text:span></text:a></text:h><text:p text:style-name="P3"/><text:p text:style-name="P4">A chave para este capítulo é &quot;descanso&quot;, portanto, uma figura para nós do descanso que encontramos em Cristo.</text:p><text:p text:style-name="P3"/><text:p text:style-name="P3"><text:a xlink:type="simple" xlink:href="http://mysword.info/b?r=Rut_3:1-15" text:style-name="Internet_20_link" text:visited-style-name="Visited_20_Internet_20_Link"><text:span text:style-name="T1">Rt 3:1-15</text:span></text:a><text:span text:style-name="T1"> A obediência e submissão são duas grandes colunas das quais depende o descanso. Rute mostra ambas as coisas neste capítulo. Não há nenhuma idéia de imoralidade aqui. Boaz e todos os outros na cidade sabiam que Rute era uma mulher virtuosa. Ele quer uma mulher de valor para ter como esposa. (Nas Escrituras aprendemos que os crentes devem ser a noiva de Cristo. </text:span><text:a xlink:type="simple" xlink:href="http://mysword.info/b?r=Eph_5:25-32" text:style-name="Internet_20_link" text:visited-style-name="Visited_20_Internet_20_Link"><text:span text:style-name="T1">Ef 5:25-32</text:span></text:a><text:span text:style-name="T1">) Devemos nos manter imaculados deste mundo e puros para Ele).</text:span></text:p><text:p text:style-name="P3"/><text:p text:style-name="P3"><text:a xlink:type="simple" xlink:href="http://mysword.info/b?r=Rut_3:16-18" text:style-name="Internet_20_link" text:visited-style-name="Visited_20_Internet_20_Link"><text:span text:style-name="T1">Rt 3:16-18</text:span></text:a><text:span text:style-name="T1"> Aplique isto a você como crente.</text:span></text:p><text:p text:style-name="P3"/><text:h text:style-name="P5" text:outline-level="2"><text:bookmark text:name="__RefHeading___Toc977_1280209449"/>#431</text:h><text:p text:style-name="P3"/><text:p text:style-name="P4">Quando a verdade é apresentada, a menos que a vontade se submeta a ela, o resultado é ira.</text:p><text:p text:style-name="P3"/><text:h text:style-name="P6" text:outline-level="2"><text:bookmark text:name="__RefHeading___Toc979_1280209449"/><text:a xlink:type="simple" xlink:href="http://mysword.info/b?r=Rut_4" text:style-name="Internet_20_link" text:visited-style-name="Visited_20_Internet_20_Link"><text:span text:style-name="T1">RUTE 4</text:span></text:a></text:h><text:p text:style-name="P3"/><text:p text:style-name="P3"><text:a xlink:type="simple" xlink:href="http://mysword.info/b?r=Rut_4:1-12" text:style-name="Internet_20_link" text:visited-style-name="Visited_20_Internet_20_Link"><text:span text:style-name="T1">Rt 4:1-12</text:span></text:a><text:span text:style-name="T1"> Boaz era sem dúvida alguma um homem correto. De acordo com as Escrituras (</text:span><text:a xlink:type="simple" xlink:href="http://mysword.info/b?r=Lev_25:25-28" text:style-name="Internet_20_link" text:visited-style-name="Visited_20_Internet_20_Link"><text:span text:style-name="T1">Lv 25:25-28</text:span></text:a><text:span text:style-name="T1">) ele sabia que o parente mais próximo do finado marido de Rute tinha a responsabilidade de comprar de volta (redimir) a terra que antes lhe pertencia. Assim, Boaz encontra-se com sua parente mais próxima na cidade. Rute é uma figura de Israel, que entrará em grande bênção no futuro milênio. Todavia, podemos vê-la também como uma figura de um pecador perdido. O parente mais próximo pode ser uma figura da &quot;lei&quot;, que não podia redimir. Mas a lei precisava ter sua chance, o que ocorreu, embora jamais pudesse resolver o problema. Só Cristo pode nos redimir do pecado. Boaz pode tomar Rute por esposa.</text:span></text:p><text:p text:style-name="P3"/><text:p text:style-name="P3"><text:a xlink:type="simple" xlink:href="http://mysword.info/b?r=Rut_4:13-22" text:style-name="Internet_20_link" text:visited-style-name="Visited_20_Internet_20_Link"><text:span text:style-name="T1">Rt 4:13-22</text:span></text:a><text:span text:style-name="T1"> Mais tarde nasce um filho. Ele torna-se o ancestral do grande Rei Davi. Mas de Mateus </text:span><text:a xlink:type="simple" xlink:href="http://mysword.info/b?r=Mat_1" text:style-name="Internet_20_link" text:visited-style-name="Visited_20_Internet_20_Link"><text:span text:style-name="T1">capítulo 1</text:span></text:a><text:span text:style-name="T1">, podemos traçar esta linhagem até um que é maior que Davi, e desta forma podemos aprender que esta história representa mais que apenas uma história de amor terrenal, pois nos leva ao nascimento do Filho do Homem, o Senhor Jesus. A nação de Israel se regozijou em Davi, mas, nAquele que foi o maior Filho do grande Davi, todas as nações da Terra se regozijarão. (No milênio).</text:span></text:p><text:p text:style-name="P3"/></text:section></office:text></office:body></office:document-content>