<?xml version="1.0" encoding="UTF-8"?>
<office:document-content xmlns:office="urn:oasis:names:tc:opendocument:xmlns:office:1.0" xmlns:style="urn:oasis:names:tc:opendocument:xmlns:style:1.0" xmlns:text="urn:oasis:names:tc:opendocument:xmlns:text:1.0" xmlns:table="urn:oasis:names:tc:opendocument:xmlns:table:1.0" xmlns:draw="urn:oasis:names:tc:opendocument:xmlns:drawing:1.0" xmlns:fo="urn:oasis:names:tc:opendocument:xmlns:xsl-fo-compatible:1.0" xmlns:xlink="http://www.w3.org/1999/xlink" xmlns:dc="http://purl.org/dc/elements/1.1/" xmlns:meta="urn:oasis:names:tc:opendocument:xmlns:meta:1.0" xmlns:number="urn:oasis:names:tc:opendocument:xmlns:datastyle:1.0" xmlns:svg="urn:oasis:names:tc:opendocument:xmlns:svg-compatible:1.0" xmlns:chart="urn:oasis:names:tc:opendocument:xmlns:chart:1.0" xmlns:dr3d="urn:oasis:names:tc:opendocument:xmlns:dr3d:1.0" xmlns:math="http://www.w3.org/1998/Math/MathML" xmlns:form="urn:oasis:names:tc:opendocument:xmlns:form:1.0" xmlns:script="urn:oasis:names:tc:opendocument:xmlns:script:1.0" xmlns:ooo="http://openoffice.org/2004/office" xmlns:ooow="http://openoffice.org/2004/writer" xmlns:oooc="http://openoffice.org/2004/calc" xmlns:dom="http://www.w3.org/2001/xml-events" xmlns:xforms="http://www.w3.org/2002/xforms" xmlns:xsd="http://www.w3.org/2001/XMLSchema" xmlns:xsi="http://www.w3.org/2001/XMLSchema-instance" xmlns:rpt="http://openoffice.org/2005/report" xmlns:of="urn:oasis:names:tc:opendocument:xmlns:of:1.2" xmlns:xhtml="http://www.w3.org/1999/xhtml" xmlns:grddl="http://www.w3.org/2003/g/data-view#" xmlns:officeooo="http://openoffice.org/2009/office" xmlns:tableooo="http://openoffice.org/2009/table" xmlns:drawooo="http://openoffice.org/2010/draw" xmlns:calcext="urn:org:documentfoundation:names:experimental:calc:xmlns:calcext:1.0" xmlns:loext="urn:org:documentfoundation:names:experimental:office:xmlns:loext:1.0" xmlns:field="urn:openoffice:names:experimental:ooo-ms-interop:xmlns:field:1.0" xmlns:formx="urn:openoffice:names:experimental:ooxml-odf-interop:xmlns:form:1.0" xmlns:css3t="http://www.w3.org/TR/css3-text/" office:version="1.2"><office:scripts/><office:font-face-decls><style:font-face style:name="FreeSans1" svg:font-family="FreeSans"/><style:font-face style:name="Liberation Sans" svg:font-family="&apos;Liberation Sans&apos;, sans-serif"/><style:font-face style:name="Noto Sans CJK SC Regular1" svg:font-family="&apos;Noto Sans CJK SC Regular&apos;"/><style:font-face style:name="FreeSans2" svg:font-family="FreeSans" style:font-family-generic="swiss"/><style:font-face style:name="Liberation Serif" svg:font-family="&apos;Liberation Serif&apos;" style:font-family-generic="roman" style:font-pitch="variable"/><style:font-face style:name="Thorndale" svg:font-family="Thorndale" style:font-family-generic="roman" style:font-pitch="variable"/><style:font-face style:name="Albany" svg:font-family="Albany" style:font-family-generic="swiss" style:font-pitch="variable"/><style:font-face style:name="FreeSans" svg:font-family="FreeSans" style:font-family-generic="system" style:font-pitch="variable"/><style:font-face style:name="Noto Sans CJK SC Regular" svg:font-family="&apos;Noto Sans CJK SC Regular&apos;" style:font-family-generic="system" style:font-pitch="variable"/></office:font-face-decls><office:automatic-styles><style:style style:name="P1" style:family="paragraph" style:parent-style-name="Text_20_body" style:master-page-name="HTML"><style:paragraph-properties fo:margin-top="0cm" fo:margin-bottom="0cm" loext:contextual-spacing="false" fo:line-height="150%" fo:text-align="start" style:justify-single-word="false" style:page-number="auto"/></style:style><style:style style:name="P2" style:family="paragraph" style:parent-style-name="Text_20_body"><style:paragraph-properties fo:margin-top="0cm" fo:margin-bottom="0cm" loext:contextual-spacing="false" fo:line-height="150%" fo:text-align="start" style:justify-single-word="false"/></style:style><style:style style:name="P3" style:family="paragraph" style:parent-style-name="Text_20_body"><style:paragraph-properties fo:margin-top="0cm" fo:margin-bottom="0cm" loext:contextual-spacing="false" fo:line-height="150%" fo:text-align="justify" style:justify-single-word="false"/></style:style><style:style style:name="P4" style:family="paragraph" style:parent-style-name="Text_20_body"><style:paragraph-properties fo:margin-top="0cm" fo:margin-bottom="0cm" loext:contextual-spacing="false" fo:line-height="150%" fo:text-align="justify" style:justify-single-word="false"/><style:text-properties style:font-name="Liberation Sans" fo:font-size="12pt"/></style:style><style:style style:name="P5" style:family="paragraph" style:parent-style-name="Heading_20_2"><style:paragraph-properties fo:line-height="150%"/><style:text-properties style:font-name="Liberation Sans" fo:font-size="12pt"/></style:style><style:style style:name="P6" style:family="paragraph" style:parent-style-name="Heading_20_2"><style:paragraph-properties fo:line-height="150%"/></style:style><style:style style:name="P7" style:family="paragraph" style:parent-style-name="Heading_20_2"><style:paragraph-properties fo:line-height="150%" fo:break-before="page"/><style:text-properties style:font-name="Liberation Sans" fo:font-size="12pt"/></style:style><style:style style:name="T1" style:family="text"><style:text-properties style:font-name="Liberation Sans" fo:font-size="12pt"/></style:style><style:style style:name="T2" style:family="text"><style:text-properties style:font-name="Liberation Sans" fo:font-size="12pt" fo:font-weight="bold"/></style:style><style:style style:name="T3" style:family="text"><style:text-properties style:font-name="Liberation Sans" fo:font-size="12pt" fo:font-weight="normal"/></style:style><style:style style:name="T4" style:family="text"><style:text-properties fo:font-variant="normal" fo:text-transform="none"/></style:style><style:style style:name="T5" style:family="text"><style:text-properties fo:font-variant="normal" fo:text-transform="none" style:font-name="Liberation Sans" fo:font-size="12pt" fo:font-style="normal" fo:font-weight="normal"/></style:style><style:style style:name="T6" style:family="text"><style:text-properties fo:color="#000000"/></style:style><style:style style:name="T7" style:family="text"><style:text-properties fo:color="#000000" style:font-name="Liberation Sans" fo:font-size="12pt" fo:font-weight="normal"/></style:style><style:style style:name="T8" style:family="text"><style:text-properties fo:color="#000099" style:text-line-through-style="none" style:text-line-through-type="none" style:font-name="Liberation Sans" fo:font-size="12pt" style:text-underline-style="none" fo:font-weight="bold" style:text-blinking="false"/></style:style><style:style style:name="fr1" style:family="graphic" style:parent-style-name="Graphics"><style:graphic-properties style:wrap="right" style:number-wrapped-paragraphs="no-limit" style:wrap-contour="false" style:vertical-pos="top" style:vertical-rel="paragraph-content" style:horizontal-pos="left" style:horizontal-rel="paragraph" style:mirror="none" fo:clip="rect(0cm, 0cm, 0cm, 0cm)" draw:luminance="0%" draw:contrast="0%" draw:red="0%" draw:green="0%" draw:blue="0%" draw:gamma="100%" draw:color-inversion="false" draw:image-opacity="100%" draw:color-mode="standard"/></style:style><style:style style:name="Sect1" style:family="section"><style:section-properties style:writing-mode="lr-tb" style:editable="false"><style:columns fo:column-count="1" fo:column-gap="0cm"/></style:section-properties></style:style></office:automatic-styles><office:body><office:text><text:sequence-decls><text:sequence-decl text:display-outline-level="0" text:name="Illustration"/><text:sequence-decl text:display-outline-level="0" text:name="Table"/><text:sequence-decl text:display-outline-level="0" text:name="Text"/><text:sequence-decl text:display-outline-level="0" text:name="Drawing"/></text:sequence-decls><text:section text:style-name="Sect1" text:name="texto"><text:p text:style-name="P1"><draw:frame draw:style-name="fr1" draw:name="Figura1" text:anchor-type="paragraph" svg:width="17.013cm" svg:height="24.897cm" draw:z-index="0"><draw:image xlink:href="Pictures/1000020100000A5D00000F2F85E08D7EFF995072.png" xlink:type="simple" xlink:show="embed" xlink:actuate="onLoad"/></draw:frame><office:annotation><dc:date>2018-07-29T09:38:26.859016398</dc:date><text:p>HTML: &lt;meta name=&quot;created&quot; content=&quot;00:00:00&quot;&gt;</text:p></office:annotation><office:annotation><dc:date>2018-07-29T09:38:26.859044572</dc:date><text:p>HTML: &lt;meta name=&quot;changed&quot; content=&quot;2018-07-29T09:33:39.720359933&quot;&gt;</text:p></office:annotation><office:annotation><dc:date>2018-07-29T09:38:26.859064104</dc:date><text:p>HTML: &lt;meta name=&quot;created&quot; content=&quot;00:00:00&quot;&gt;</text:p></office:annotation><office:annotation><dc:date>2018-07-29T09:38:26.859084713</dc:date><text:p>HTML: &lt;meta name=&quot;changed&quot; content=&quot;2018-07-25T07:27:30.025133625&quot;&gt;</text:p></office:annotation><office:annotation><dc:date>2018-07-29T09:38:26.859103297</dc:date><text:p>HTML: &lt;meta name=&quot;created&quot; content=&quot;00:00:00&quot;&gt;</text:p></office:annotation><office:annotation><dc:date>2018-07-29T09:38:26.859123668</dc:date><text:p>HTML: &lt;meta name=&quot;changed&quot; content=&quot;2018-07-23T19:06:39.293956968&quot;&gt;</text:p></office:annotation><office:annotation><dc:date>2018-07-29T09:38:26.859142401</dc:date><text:p>HTML: &lt;meta name=&quot;created&quot; content=&quot;00:00:00&quot;&gt;</text:p></office:annotation><office:annotation><dc:date>2018-07-29T09:38:26.859162529</dc:date><text:p>HTML: &lt;meta name=&quot;changed&quot; content=&quot;2018-07-23T18:49:59.039689026&quot;&gt;</text:p></office:annotation></text:p><text:p text:style-name="P2"><text:span text:style-name="Strong_20_Emphasis"><text:span text:style-name="T5">Título: </text:span></text:span><text:span text:style-name="Strong_20_Emphasis"><text:span text:style-name="T5"><office:annotation><dc:date>2018-07-29T09:38:28.161323377</dc:date><text:p>HTML: &lt;meta name=&quot;created&quot; content=&quot;00:00:00&quot;&gt;</text:p></office:annotation></text:span></text:span><text:span text:style-name="Strong_20_Emphasis"><text:span text:style-name="T5"><office:annotation><dc:date>2018-07-29T09:38:28.161357279</dc:date><text:p>HTML: &lt;meta name=&quot;changed&quot; content=&quot;2018-06-14T22:55:38.007259856&quot;&gt;</text:p></office:annotation></text:span></text:span><text:span text:style-name="Strong_20_Emphasis"><text:span text:style-name="T5"><office:annotation><dc:date>2018-07-29T09:38:28.161367654</dc:date><text:p>HTML: &lt;meta name=&quot;created&quot; content=&quot;00:00:00&quot;&gt;</text:p></office:annotation></text:span></text:span><text:span text:style-name="Strong_20_Emphasis"><text:span text:style-name="T5"><office:annotation><dc:date>2018-07-29T09:38:28.161378914</dc:date><text:p>HTML: &lt;meta name=&quot;changed&quot; content=&quot;2018-06-14T20:52:51.033526204&quot;&gt;</text:p></office:annotation></text:span></text:span><text:span text:style-name="Strong_20_Emphasis"><text:span text:style-name="T5"><office:annotation><dc:date>2018-07-29T09:38:28.161388523</dc:date><text:p>HTML: &lt;meta name=&quot;created&quot; content=&quot;00:00:00&quot;&gt;</text:p></office:annotation></text:span></text:span><text:span text:style-name="Strong_20_Emphasis"><text:span text:style-name="T5"><office:annotation><dc:date>2018-07-29T09:38:28.161399615</dc:date><text:p>HTML: &lt;meta name=&quot;changed&quot; content=&quot;2018-06-14T17:27:12.577284577&quot;&gt;</text:p></office:annotation></text:span></text:span><text:span text:style-name="Strong_20_Emphasis"><text:span text:style-name="T5"><office:annotation><dc:date>2018-07-29T09:38:28.161409045</dc:date><text:p>HTML: &lt;meta name=&quot;created&quot; content=&quot;00:00:00&quot;&gt;</text:p></office:annotation></text:span></text:span><text:span text:style-name="Strong_20_Emphasis"><text:span text:style-name="T5"><office:annotation><dc:date>2018-07-29T09:38:28.161419487</dc:date><text:p>HTML: &lt;meta name=&quot;changed&quot; content=&quot;2018-06-14T12:58:12.332824081&quot;&gt;</text:p></office:annotation></text:span></text:span><text:span text:style-name="Strong_20_Emphasis"><text:span text:style-name="T5"><office:annotation><dc:date>2018-07-29T09:38:28.161428851</dc:date><text:p>HTML: &lt;meta name=&quot;created&quot; content=&quot;00:00:00&quot;&gt;</text:p></office:annotation></text:span></text:span><text:span text:style-name="Strong_20_Emphasis"><text:span text:style-name="T5"><office:annotation><dc:date>2018-07-29T09:38:28.161438973</dc:date><text:p>HTML: &lt;meta name=&quot;changed&quot; content=&quot;2018-06-14T07:07:38.845049501&quot;&gt;</text:p></office:annotation></text:span></text:span><text:span text:style-name="Strong_20_Emphasis"><text:span text:style-name="T5"><office:annotation><dc:date>2018-07-29T09:38:28.161448358</dc:date><text:p>HTML: &lt;meta name=&quot;created&quot; content=&quot;00:00:00&quot;&gt;</text:p></office:annotation></text:span></text:span><text:span text:style-name="Strong_20_Emphasis"><text:span text:style-name="T5"><office:annotation><dc:date>2018-07-29T09:38:28.161458430</dc:date><text:p>HTML: &lt;meta name=&quot;changed&quot; content=&quot;2018-06-13T22:59:08.975991996&quot;&gt;</text:p></office:annotation></text:span></text:span><text:span text:style-name="Strong_20_Emphasis"><text:span text:style-name="T5"><office:annotation><dc:date>2018-07-29T09:38:28.161467768</dc:date><text:p>HTML: &lt;meta name=&quot;created&quot; content=&quot;00:00:00&quot;&gt;</text:p></office:annotation></text:span></text:span><text:span text:style-name="Strong_20_Emphasis"><text:span text:style-name="T5"><office:annotation><dc:date>2018-07-29T09:38:28.161477898</dc:date><text:p>HTML: &lt;meta name=&quot;changed&quot; content=&quot;2018-06-13T20:26:03.305702553&quot;&gt;</text:p></office:annotation></text:span></text:span><text:span text:style-name="Strong_20_Emphasis"><text:span text:style-name="T5"><office:annotation><dc:date>2018-07-29T09:38:28.161487395</dc:date><text:p>HTML: &lt;meta name=&quot;created&quot; content=&quot;00:00:00&quot;&gt;</text:p></office:annotation></text:span></text:span><text:span text:style-name="Strong_20_Emphasis"><text:span text:style-name="T5"><office:annotation><dc:date>2018-07-29T09:38:28.161497489</dc:date><text:p>HTML: &lt;meta name=&quot;changed&quot; content=&quot;2018-06-12T12:28:00.714637591&quot;&gt;</text:p></office:annotation></text:span></text:span><text:span text:style-name="Strong_20_Emphasis"><text:span text:style-name="T5"><office:annotation><dc:date>2018-07-29T09:38:28.161506897</dc:date><text:p>HTML: &lt;meta name=&quot;created&quot; content=&quot;00:00:00&quot;&gt;</text:p></office:annotation></text:span></text:span><text:span text:style-name="Strong_20_Emphasis"><text:span text:style-name="T5"><office:annotation><dc:date>2018-07-29T09:38:28.161516973</dc:date><text:p>HTML: &lt;meta name=&quot;changed&quot; content=&quot;2018-06-11T22:59:09.625284365&quot;&gt;</text:p></office:annotation></text:span></text:span><text:span text:style-name="Strong_20_Emphasis"><text:span text:style-name="T5"><office:annotation><dc:date>2018-07-29T09:38:28.161527213</dc:date><text:p>HTML: &lt;meta name=&quot;created&quot; content=&quot;2018-06-11T22:51:04.642681485&quot;&gt;</text:p></office:annotation></text:span></text:span><text:span text:style-name="Strong_20_Emphasis"><text:span text:style-name="T5"><office:annotation><dc:date>2018-07-29T09:38:28.161537664</dc:date><text:p>HTML: &lt;meta name=&quot;changed&quot; content=&quot;2018-06-11T22:52:11.240135258&quot;&gt;</text:p></office:annotation></text:span></text:span><text:span text:style-name="Strong_20_Emphasis"><text:span text:style-name="T5">CHAPTER A DAY (ZACARIAS)<text:line-break/>Autor: NORMAN</text:span></text:span><text:span text:style-name="Strong_20_Emphasis"><text:span text:style-name="T4"> </text:span></text:span><text:span text:style-name="Strong_20_Emphasis"><text:span text:style-name="T5">BERRY </text:span></text:span><text:span text:style-name="Strong_20_Emphasis"><text:span text:style-name="T2"><text:line-break/><text:line-break/></text:span></text:span><text:span text:style-name="Strong_20_Emphasis"><text:span text:style-name="T7">Literaturas em formato</text:span></text:span><text:span text:style-name="Strong_20_Emphasis"><text:span text:style-name="T6"> </text:span></text:span><text:span text:style-name="Strong_20_Emphasis"><text:span text:style-name="T7">digital:<text:line-break/></text:span></text:span><text:a xlink:type="simple" xlink:href="http://www.acervodigitalcristao.com.br/" text:style-name="Internet_20_link" text:visited-style-name="Visited_20_Internet_20_Link"><text:span text:style-name="Strong_20_Emphasis"><text:span text:style-name="T2">www.acervodigitalcristao.com.br</text:span></text:span></text:a><text:span text:style-name="Strong_20_Emphasis"><text:span text:style-name="T8"><text:line-break/><text:line-break/></text:span></text:span><text:span text:style-name="Strong_20_Emphasis"><text:span text:style-name="T3">Literaturas em formato</text:span></text:span><text:span text:style-name="Strong_20_Emphasis"> </text:span><text:span text:style-name="Strong_20_Emphasis"><text:span text:style-name="T3">Impresso:<text:line-break/></text:span></text:span><text:a xlink:type="simple" xlink:href="http://www.verdadesvivas.com.br/" text:style-name="Internet_20_link" text:visited-style-name="Visited_20_Internet_20_Link"><text:span text:style-name="Strong_20_Emphasis"><text:span text:style-name="T2">www.verdadesvivas.com.br</text:span></text:span></text:a><text:span text:style-name="Strong_20_Emphasis"><text:span text:style-name="T8"><text:line-break/><text:line-break/></text:span></text:span><text:span text:style-name="Strong_20_Emphasis"><text:span text:style-name="T3">Evangelho em 03 Minutos:</text:span></text:span><text:span text:style-name="Strong_20_Emphasis"> </text:span><text:span text:style-name="Strong_20_Emphasis"><text:span text:style-name="T2"><text:line-break/></text:span></text:span><text:a xlink:type="simple" xlink:href="http://www.3minutos.net/" text:style-name="Internet_20_link" text:visited-style-name="Visited_20_Internet_20_Link"><text:span text:style-name="Strong_20_Emphasis"><text:span text:style-name="T2">www.3minutos.net</text:span></text:span></text:a><text:span text:style-name="Strong_20_Emphasis"><text:span text:style-name="T8"><text:line-break/><text:line-break/></text:span></text:span><text:span text:style-name="Strong_20_Emphasis"><text:span text:style-name="T3">O que respondi:<text:line-break/></text:span></text:span><text:a xlink:type="simple" xlink:href="http://www.respondi.com.br/" text:style-name="Internet_20_link" text:visited-style-name="Visited_20_Internet_20_Link"><text:span text:style-name="Strong_20_Emphasis"><text:span text:style-name="T2">www.respondi.com.br</text:span></text:span></text:a></text:p><text:h text:style-name="P7" text:outline-level="2"><text:bookmark text:name="__RefHeading___Toc103_1280209449"/>#1012</text:h><text:p text:style-name="P3"/><text:p text:style-name="P4">Quando um pecador hesita em ir a Cristo, Satanás opera em sua hesitação.</text:p><text:p text:style-name="P3"/><text:h text:style-name="P6" text:outline-level="2"><text:bookmark text:name="__RefHeading___Toc105_1280209449"/><text:a xlink:type="simple" xlink:href="http://mysword.info/b?r=Zec_1" text:style-name="Internet_20_link" text:visited-style-name="Visited_20_Internet_20_Link"><text:span text:style-name="T1">ZACARIAS 1</text:span></text:a></text:h><text:p text:style-name="P3"/><text:p text:style-name="P3"><text:span text:style-name="T1">Seu nome significa &quot;Lembrado por Jeová&quot;. Nada da própria vida de Zacarias é registrado. Sua época foi cerca de 519 A.C. Acabamos de ler o livro de Ageu, e estes dois homens aparentemente viveram na mesma época, conforme Esdras </text:span><text:a xlink:type="simple" xlink:href="http://mysword.info/b?r=Ezr_5:1" text:style-name="Internet_20_link" text:visited-style-name="Visited_20_Internet_20_Link"><text:span text:style-name="T1">5:1</text:span></text:a><text:span text:style-name="T1"> e </text:span><text:a xlink:type="simple" xlink:href="http://mysword.info/b?r=Ezr_6:14" text:style-name="Internet_20_link" text:visited-style-name="Visited_20_Internet_20_Link"><text:span text:style-name="T1">6:14</text:span></text:a><text:span text:style-name="T1">. Ageu está preocupado com a Casa, Zacarias com a cidade. Veremos tratar-se de um livro muito interessante, pois nos fala da primeira vinda do Senhor Jesus, a qual naquela ocasião ainda estava no futuro. Então ele vai mais além para nos falar de dias que ainda são futuros para nós, quando Israel será abençoado em sua terra. Eles receberam sua terra de volta em Maio de 1948. Portanto falta pouco!</text:span></text:p><text:p text:style-name="P3"/><text:p text:style-name="P3"><text:a xlink:type="simple" xlink:href="http://mysword.info/b?r=Zec_1:1-6" text:style-name="Internet_20_link" text:visited-style-name="Visited_20_Internet_20_Link"><text:span text:style-name="T1">Zc 1:1-6</text:span></text:a><text:span text:style-name="T1"> Um chamado para que o povo volte-se para o Senhor, não para que sejam como seus pais que se recusaram a ouvir os avisos de Deus por meio dos profetas. Eles admitiram que o castigo foi exatamente como Ele havia dito.</text:span></text:p><text:p text:style-name="P3"/><text:p text:style-name="P3"><text:a xlink:type="simple" xlink:href="http://mysword.info/b?r=Zec_1:7-17" text:style-name="Internet_20_link" text:visited-style-name="Visited_20_Internet_20_Link"><text:span text:style-name="T1">Zc 1:7-17</text:span></text:a><text:span text:style-name="T1"> A primeira mensagem de Zacarias. Um cavalo é um símbolo do poder de Deus no mundo, usando as nações para executar Seus objetivos. É possível que o cavalo vermelho represente a Pérsia (Irã hoje) a mesma cor daquele que o anjo montava, pois a Pérsia era que governava naquele tempo. O malhado poderia representar o próximo Império futuro - Grécia, e o cavalo branco seria o Império Romano (o último Império).</text:span></text:p><text:p text:style-name="P3"/><text:p text:style-name="P3"><text:a xlink:type="simple" xlink:href="http://mysword.info/b?r=Zec_1:15" text:style-name="Internet_20_link" text:visited-style-name="Visited_20_Internet_20_Link"><text:span text:style-name="T1">Zc 1:15</text:span></text:a><text:span text:style-name="T1"> Deus está irado com as nações pois viviam tranqüilas enquanto Israel era punido.</text:span></text:p><text:p text:style-name="P3"/><text:p text:style-name="P3"><text:a xlink:type="simple" xlink:href="http://mysword.info/b?r=Zec_1:16" text:style-name="Internet_20_link" text:visited-style-name="Visited_20_Internet_20_Link"><text:span text:style-name="T1">Zc 1:16</text:span></text:a><text:span text:style-name="T1"> Deus ainda irá mostrar misericórdia para Jerusalém, após toda a desobediência contra Ele. Misericórdia? Pois Cristo pagou por seus pecados.</text:span></text:p><text:p text:style-name="P3"/><text:p text:style-name="P3"><text:a xlink:type="simple" xlink:href="http://mysword.info/b?r=Zec_1:18-21" text:style-name="Internet_20_link" text:visited-style-name="Visited_20_Internet_20_Link"><text:span text:style-name="T1">Zc 1:18-21</text:span></text:a><text:span text:style-name="T1"> Os quatro Impérios do mundo representados por quatro chifres, foram os instrumentos de Deus para espalhar Israel por sua desobediência.</text:span></text:p><text:p text:style-name="P3"/><text:h text:style-name="P5" text:outline-level="2"><text:bookmark text:name="__RefHeading___Toc107_1280209449"/>#1013</text:h><text:p text:style-name="P3"/><text:p text:style-name="P4">Os mais ocupados nas coisas do Senhor lutam mais para manter seu próprio tempo pessoal com o Senhor. As necessidades urgentes e constantes exigências facilmente descartam nosso relacionamento fundamental com o Senhor.</text:p><text:p text:style-name="P3"/><text:h text:style-name="P6" text:outline-level="2"><text:bookmark text:name="__RefHeading___Toc109_1280209449"/><text:a xlink:type="simple" xlink:href="http://mysword.info/b?r=Zec_2" text:style-name="Internet_20_link" text:visited-style-name="Visited_20_Internet_20_Link"><text:span text:style-name="T1">ZACARIAS 2</text:span></text:a></text:h><text:p text:style-name="P3"/><text:p text:style-name="P4">Um homem com uma vara de medir. Jerusalém, apesar de pequena, seria feita grande e uma bênção (ainda no futuro). Sem muros.</text:p><text:p text:style-name="P3"/><text:p text:style-name="P3"><text:a xlink:type="simple" xlink:href="http://mysword.info/b?r=Zec_2:5" text:style-name="Internet_20_link" text:visited-style-name="Visited_20_Internet_20_Link"><text:span text:style-name="T1">Zc 2:5</text:span></text:a><text:span text:style-name="T1"> O Senhor seria um muro de fogo ao seu redor.</text:span></text:p><text:p text:style-name="P3"/><text:p text:style-name="P3"><text:a xlink:type="simple" xlink:href="http://mysword.info/b?r=Zec_2:8-13" text:style-name="Internet_20_link" text:visited-style-name="Visited_20_Internet_20_Link"><text:span text:style-name="T1">Zc 2:8-13</text:span></text:a><text:span text:style-name="T1"> &quot;A glória&quot; refere-se ao tempo quando o Senhor voltar em poder para estabelecer Seu reino glorioso e reinar sobre a terra, tendo Jerusalém e Israel como o centro.</text:span></text:p><text:p text:style-name="P3"/><text:h text:style-name="P5" text:outline-level="2"><text:bookmark text:name="__RefHeading___Toc111_1280209449"/>#1014</text:h><text:p text:style-name="P3"/><text:p text:style-name="P4">Não desperdice o amanhã por falhar em fazer a vontade de Deus hoje. Faça o amanhã melhor obedecendo hoje.</text:p><text:p text:style-name="P3"/><text:h text:style-name="P6" text:outline-level="2"><text:bookmark text:name="__RefHeading___Toc113_1280209449"/><text:a xlink:type="simple" xlink:href="http://mysword.info/b?r=Zec_3" text:style-name="Internet_20_link" text:visited-style-name="Visited_20_Internet_20_Link"><text:span text:style-name="T1">ZACARIAS 3</text:span></text:a></text:h><text:p text:style-name="P3"/><text:p text:style-name="P3"><text:span text:style-name="T1">Para Jerusalém ser abençoada, o povo precisava ser limpo. Josué, o sumo sacerdote, com seus vestidos imundos, ilustra isto. Satanás é derrotado. No </text:span><text:a xlink:type="simple" xlink:href="http://mysword.info/b?r=Zec_3:4" text:style-name="Internet_20_link" text:visited-style-name="Visited_20_Internet_20_Link"><text:span text:style-name="T1">vers. 4</text:span></text:a><text:span text:style-name="T1">, Josué é limpo, no </text:span><text:a xlink:type="simple" xlink:href="http://mysword.info/b?r=Zec_3:5" text:style-name="Internet_20_link" text:visited-style-name="Visited_20_Internet_20_Link"><text:span text:style-name="T1">vers. 5</text:span></text:a><text:span text:style-name="T1"> ele é vestido e depois coroado.</text:span></text:p><text:p text:style-name="P3"/><text:p text:style-name="P3"><text:a xlink:type="simple" xlink:href="http://mysword.info/b?r=Zec_3:7" text:style-name="Internet_20_link" text:visited-style-name="Visited_20_Internet_20_Link"><text:span text:style-name="T1">Zc 3:7</text:span></text:a><text:span text:style-name="T1"> O pequeno remanescente (os poucos fiéis do futuro) será provado até chegar aquele dia.</text:span></text:p><text:p text:style-name="P3"/><text:p text:style-name="P3"><text:a xlink:type="simple" xlink:href="http://mysword.info/b?r=Zec_3:8-10" text:style-name="Internet_20_link" text:visited-style-name="Visited_20_Internet_20_Link"><text:span text:style-name="T1">Zc 3:8-10</text:span></text:a><text:span text:style-name="T1"> Um vislumbre do milênio.</text:span></text:p><text:p text:style-name="P3"/><text:h text:style-name="P5" text:outline-level="2"><text:bookmark text:name="__RefHeading___Toc115_1280209449"/>#1015</text:h><text:p text:style-name="P3"/><text:p text:style-name="P4">Não é preciso fé para olhar para trás e dizer, &quot;Foi o Senhor&quot;. Mas para ver a silhueta em meio às sombras enevoadas do agitado mar de hoje e dizer, &quot;É o Senhor!&quot; exige fé e coragem.</text:p><text:p text:style-name="P3"/><text:h text:style-name="P6" text:outline-level="2"><text:bookmark text:name="__RefHeading___Toc117_1280209449"/><text:a xlink:type="simple" xlink:href="http://mysword.info/b?r=Zec_4" text:style-name="Internet_20_link" text:visited-style-name="Visited_20_Internet_20_Link"><text:span text:style-name="T1">ZACARIAS 4</text:span></text:a></text:h><text:p text:style-name="P3"/><text:p text:style-name="P3"><text:a xlink:type="simple" xlink:href="http://mysword.info/b?r=Zec_4:1-3" text:style-name="Internet_20_link" text:visited-style-name="Visited_20_Internet_20_Link"><text:span text:style-name="T1">Zc 4:1-3</text:span></text:a><text:span text:style-name="T1"> Mostrando que Seu reino, no milênio, será todo luz e perfeita ordem.</text:span></text:p><text:p text:style-name="P3"/><text:p text:style-name="P3"><text:a xlink:type="simple" xlink:href="http://mysword.info/b?r=Zec_4:6-10" text:style-name="Internet_20_link" text:visited-style-name="Visited_20_Internet_20_Link"><text:span text:style-name="T1">Zc 4:6-10</text:span></text:a><text:span text:style-name="T1"> Descreve as condições da época em que foi escrito, quando o remanescente, guiado por Zorobabel, retornou para Jerusalém. Zacarias o encoraja para que seja capaz de completar seu trabalho de reconstruir a casa de Deus.</text:span></text:p><text:p text:style-name="P3"/><text:p text:style-name="P3"><text:a xlink:type="simple" xlink:href="http://mysword.info/b?r=Zec_4:11-14" text:style-name="Internet_20_link" text:visited-style-name="Visited_20_Internet_20_Link"><text:span text:style-name="T1">Zc 4:11-14</text:span></text:a><text:span text:style-name="T1"> No futuro Cristo será tanto Rei como Sacerdote, e Seu poder será o Espírito Santo (o azeite). Isso se aplica também ao remanescente que retornava na forma de uma sombra do cumprimento real quando o Senhor voltar. (</text:span><text:a xlink:type="simple" xlink:href="http://mysword.info/b?r=Rev_11:4" text:style-name="Internet_20_link" text:visited-style-name="Visited_20_Internet_20_Link"><text:span text:style-name="T1">Ap 11:4</text:span></text:a><text:span text:style-name="T1">).</text:span></text:p><text:p text:style-name="P3"/><text:h text:style-name="P5" text:outline-level="2"><text:bookmark text:name="__RefHeading___Toc119_1280209449"/>#1016</text:h><text:p text:style-name="P3"/><text:p text:style-name="P4">Errar é uma coisa; amar o erro é algo totalmente diferente.</text:p><text:p text:style-name="P3"/><text:h text:style-name="P6" text:outline-level="2"><text:bookmark text:name="__RefHeading___Toc121_1280209449"/><text:a xlink:type="simple" xlink:href="http://mysword.info/b?r=Zec_5" text:style-name="Internet_20_link" text:visited-style-name="Visited_20_Internet_20_Link"><text:span text:style-name="T1">ZACARIAS 5</text:span></text:a></text:h><text:p text:style-name="P3"/><text:p text:style-name="P3"><text:a xlink:type="simple" xlink:href="http://mysword.info/b?r=Zec_5:1-4" text:style-name="Internet_20_link" text:visited-style-name="Visited_20_Internet_20_Link"><text:span text:style-name="T1">Zc 5:1-4</text:span></text:a><text:span text:style-name="T1"> Outra visão - Um grande rolo (livro) que voava (cerca de 9 X 4,5 metros) prefigura o juízo que irá buscar em todo canto e punir a hipocrisia ligada a roubos e a juramentos.</text:span></text:p><text:p text:style-name="P3"/><text:p text:style-name="P3"><text:a xlink:type="simple" xlink:href="http://mysword.info/b?r=Zec_5:5-11" text:style-name="Internet_20_link" text:visited-style-name="Visited_20_Internet_20_Link"><text:span text:style-name="T1">Zc 5:5-11</text:span></text:a><text:span text:style-name="T1"> Outra visão. A mulher é mantida no lugar por um peso. Uma figura da ímpia idolatria introduzida pela Babilônia na terra de Israel tempos antes. Agora parte para voltar ao seu lugar de origem. Sinar fica na Babilônia, onde os homens se opuseram a Deus. (Veja </text:span><text:a xlink:type="simple" xlink:href="http://mysword.info/b?r=Gen_11:2" text:style-name="Internet_20_link" text:visited-style-name="Visited_20_Internet_20_Link"><text:span text:style-name="T1">Gn 11:2</text:span></text:a><text:span text:style-name="T1"> e </text:span><text:a xlink:type="simple" xlink:href="http://mysword.info/b?r=Rev_17:5" text:style-name="Internet_20_link" text:visited-style-name="Visited_20_Internet_20_Link"><text:span text:style-name="T1">Ap 17:5</text:span></text:a><text:span text:style-name="T1">)</text:span></text:p><text:p text:style-name="P3"/><text:h text:style-name="P5" text:outline-level="2"><text:bookmark text:name="__RefHeading___Toc123_1280209449"/>#1017</text:h><text:p text:style-name="P3"/><text:p text:style-name="P4">O vigor de nossa vida espiritual estará em proporção exata ao lugar que a Palavra ocupa em nossa vida e pensamentos. - George Muller</text:p><text:p text:style-name="P3"/><text:h text:style-name="P6" text:outline-level="2"><text:bookmark text:name="__RefHeading___Toc125_1280209449"/><text:a xlink:type="simple" xlink:href="http://mysword.info/b?r=Zec_6" text:style-name="Internet_20_link" text:visited-style-name="Visited_20_Internet_20_Link"><text:span text:style-name="T1">ZACARIAS 6</text:span></text:a></text:h><text:p text:style-name="P3"/><text:p text:style-name="P3"><text:a xlink:type="simple" xlink:href="http://mysword.info/b?r=Zec_6:1-8" text:style-name="Internet_20_link" text:visited-style-name="Visited_20_Internet_20_Link"><text:span text:style-name="T1">Zc 6:1-8</text:span></text:a><text:span text:style-name="T1"> Os quatro cavalos provavelmente representam os quatro Impérios mundiais. O cavalo vermelho (Babilônia); o cavalo preto (Medos e Persas, existentes na época); o cavalo branco (Grécia); o cavalo malhado (Rm).</text:span></text:p><text:p text:style-name="P3"/><text:p text:style-name="P3"><text:a xlink:type="simple" xlink:href="http://mysword.info/b?r=Zec_6:9-15" text:style-name="Internet_20_link" text:visited-style-name="Visited_20_Internet_20_Link"><text:span text:style-name="T1">Zc 6:9-15</text:span></text:a><text:span text:style-name="T1"> Cristo como Renovo é mais uma vez apresentado. Ele irá edificar o templo do Senhor e depois Se sentará em Seu trono; e julgará como Rei e Sacerdote.</text:span></text:p><text:p text:style-name="P3"/><text:p text:style-name="P3"><text:a xlink:type="simple" xlink:href="http://mysword.info/b?r=Zec_6:13" text:style-name="Internet_20_link" text:visited-style-name="Visited_20_Internet_20_Link"><text:span text:style-name="T1">Zc 6:13</text:span></text:a><text:span text:style-name="T1"> Fala do Senhor em um tempo futuro como Rei e Sacerdote.</text:span></text:p><text:p text:style-name="P3"/><text:h text:style-name="P5" text:outline-level="2"><text:bookmark text:name="__RefHeading___Toc127_1280209449"/>#1018</text:h><text:p text:style-name="P3"/><text:p text:style-name="P4">Não podemos fugir de nós mesmos alterando nossas circunstâncias, apenas podemos alterar as circunstâncias se fugirmos de nós mesmos.</text:p><text:p text:style-name="P3"/><text:h text:style-name="P6" text:outline-level="2"><text:bookmark text:name="__RefHeading___Toc129_1280209449"/><text:a xlink:type="simple" xlink:href="http://mysword.info/b?r=Zec_7" text:style-name="Internet_20_link" text:visited-style-name="Visited_20_Internet_20_Link"><text:span text:style-name="T1">ZACARIAS 7</text:span></text:a></text:h><text:p text:style-name="P3"/><text:p text:style-name="P4">As coisas mudam deste capítulo em diante. O Senhor agora fala para a consciência do povo que havia voltado a Jerusalém. Ficará mais difícil de entender, portanto leia com calma.</text:p><text:p text:style-name="P3"/><text:p text:style-name="P3"><text:a xlink:type="simple" xlink:href="http://mysword.info/b?r=Zec_7:3" text:style-name="Internet_20_link" text:visited-style-name="Visited_20_Internet_20_Link"><text:span text:style-name="T1">Zc 7:3</text:span></text:a><text:span text:style-name="T1"> Refere-se a quando Jerusalém foi destruída setenta anos antes (</text:span><text:a xlink:type="simple" xlink:href="http://mysword.info/b?r=2Ki_25:8" text:style-name="Internet_20_link" text:visited-style-name="Visited_20_Internet_20_Link"><text:span text:style-name="T1">2 Rs 25:8</text:span></text:a><text:span text:style-name="T1">)</text:span></text:p><text:p text:style-name="P3"/><text:p text:style-name="P3"><text:a xlink:type="simple" xlink:href="http://mysword.info/b?r=Zec_7:5" text:style-name="Internet_20_link" text:visited-style-name="Visited_20_Internet_20_Link"><text:span text:style-name="T1">Zc 7:5</text:span></text:a><text:span text:style-name="T1"> O Senhor pergunta a eles se realmente jejuaram e lamentaram, na Babilônia, a condição destruída de Jerusalém.</text:span></text:p><text:p text:style-name="P3"/><text:p text:style-name="P3"><text:a xlink:type="simple" xlink:href="http://mysword.info/b?r=Zec_7:8-14" text:style-name="Internet_20_link" text:visited-style-name="Visited_20_Internet_20_Link"><text:span text:style-name="T1">Zc 7:8-14</text:span></text:a><text:span text:style-name="T1"> Deus lhes faz lembrar de que foram espalhados por causa de seus pecados. Mas será que ouviam?</text:span></text:p><text:p text:style-name="P3"/><text:h text:style-name="P5" text:outline-level="2"><text:bookmark text:name="__RefHeading___Toc131_1280209449"/>#1019</text:h><text:p text:style-name="P3"/><text:p text:style-name="P4">Há muitas coisas que o mundo chama de desapontamento; mas não existe uma palavra assim no dicionário da fé. Coisas que são desapontamentos para outros, para os crentes são notificações da vontade de Deus.</text:p><text:p text:style-name="P3"/><text:p text:style-name="P3"><text:a xlink:type="simple" xlink:href="http://mysword.info/b?r=Zec_8:1-8" text:style-name="Internet_20_link" text:visited-style-name="Visited_20_Internet_20_Link"><text:span text:style-name="T1">Zc 8:1-8</text:span></text:a><text:span text:style-name="T1"> Que misericórdia! Deus lhes diz que, apesar de sua voluntariosa desobediência, Ele iria agir em misericórdia para com eles (Rm 9?27). Isto só acontecerá no milênio.</text:span></text:p><text:p text:style-name="P3"/><text:p text:style-name="P3"><text:a xlink:type="simple" xlink:href="http://mysword.info/b?r=Zec_8:9-15" text:style-name="Internet_20_link" text:visited-style-name="Visited_20_Internet_20_Link"><text:span text:style-name="T1">Zc 8:9-15</text:span></text:a><text:span text:style-name="T1"> Maravilhosa figura de como Deus é gracioso!</text:span></text:p><text:p text:style-name="P3"/><text:p text:style-name="P3"><text:a xlink:type="simple" xlink:href="http://mysword.info/b?r=Zec_8:16-23" text:style-name="Internet_20_link" text:visited-style-name="Visited_20_Internet_20_Link"><text:span text:style-name="T1">Zc 8:16-23</text:span></text:a><text:span text:style-name="T1"> Durante a tribulação, muitos Judeus crentes pregarão o evangelho da reino vindouro por todo o mundo. Muitos Gentios ouvirão e crerão, e assim entrarão no milênio.</text:span></text:p><text:p text:style-name="P3"/><text:p text:style-name="P3"><text:a xlink:type="simple" xlink:href="http://mysword.info/b?r=Zec_8:19" text:style-name="Internet_20_link" text:visited-style-name="Visited_20_Internet_20_Link"><text:span text:style-name="T1">Zc 8:19</text:span></text:a><text:span text:style-name="T1"> Jejum e festas produziram alegria e gratidão... verdade e paz.</text:span></text:p><text:p text:style-name="P3"/><text:h text:style-name="P5" text:outline-level="2"><text:bookmark text:name="__RefHeading___Toc133_1280209449"/>#1020</text:h><text:p text:style-name="P3"/><text:p text:style-name="P4">É impossível, quando nos ocupamos conosco, testemunhar a outros do que Deus é.</text:p><text:p text:style-name="P3"/><text:h text:style-name="P6" text:outline-level="2"><text:bookmark text:name="__RefHeading___Toc135_1280209449"/><text:a xlink:type="simple" xlink:href="http://mysword.info/b?r=Zec_9" text:style-name="Internet_20_link" text:visited-style-name="Visited_20_Internet_20_Link"><text:span text:style-name="T1">ZACARIAS 9</text:span></text:a></text:h><text:p text:style-name="P3"/><text:p text:style-name="P3"><text:a xlink:type="simple" xlink:href="http://mysword.info/b?r=Zec_9:1-8" text:style-name="Internet_20_link" text:visited-style-name="Visited_20_Internet_20_Link"><text:span text:style-name="T1">Zc 9:1-8</text:span></text:a><text:span text:style-name="T1"> Deus irá punir severamente as nações em redor de Israel, de forma que isso permitirá que Israel expanda para no norte. Quando você escuta falar do Líbano nestes dias, lembre-se de que Tiro e Sidom são cidades situadas ali hoje.</text:span></text:p><text:p text:style-name="P3"/><text:p text:style-name="P3"><text:a xlink:type="simple" xlink:href="http://mysword.info/b?r=Zec_9:9" text:style-name="Internet_20_link" text:visited-style-name="Visited_20_Internet_20_Link"><text:span text:style-name="T1">Zc 9:9</text:span></text:a><text:span text:style-name="T1"> Este versículo está no Novo Testamento; veja se você consegue encontrá-lo. Está muito claro a Quem ele se refere!</text:span></text:p><text:p text:style-name="P3"/><text:p text:style-name="P3"><text:a xlink:type="simple" xlink:href="http://mysword.info/b?r=Zec_9:10-16" text:style-name="Internet_20_link" text:visited-style-name="Visited_20_Internet_20_Link"><text:span text:style-name="T1">Zc 9:10-16</text:span></text:a><text:span text:style-name="T1"> Mas a tribulação deve vir também para levar os ímpios, e então os crentes em Israel serão salvos.</text:span></text:p><text:p text:style-name="P3"/><text:h text:style-name="P5" text:outline-level="2"><text:bookmark text:name="__RefHeading___Toc137_1280209449"/>#1021</text:h><text:p text:style-name="P3"/><text:p text:style-name="P4">Revelação não é uma massa de teorias e princípios, mas o conhecimento da Sua vontade.</text:p><text:p text:style-name="P3"/><text:h text:style-name="P6" text:outline-level="2"><text:bookmark text:name="__RefHeading___Toc139_1280209449"/><text:a xlink:type="simple" xlink:href="http://mysword.info/b?r=Zec_10" text:style-name="Internet_20_link" text:visited-style-name="Visited_20_Internet_20_Link"><text:span text:style-name="T1">ZACARIAS 10</text:span></text:a></text:h><text:p text:style-name="P3"/><text:p text:style-name="P3"><text:a xlink:type="simple" xlink:href="http://mysword.info/b?r=Zec_10:1" text:style-name="Internet_20_link" text:visited-style-name="Visited_20_Internet_20_Link"><text:span text:style-name="T1">Zc 10:1</text:span></text:a><text:span text:style-name="T1"> Chuvas de bênçãos devem descer sobre Israel no milênio.</text:span></text:p><text:p text:style-name="P3"/><text:p text:style-name="P3"><text:a xlink:type="simple" xlink:href="http://mysword.info/b?r=Zec_10:2-3" text:style-name="Internet_20_link" text:visited-style-name="Visited_20_Internet_20_Link"><text:span text:style-name="T1">Zc 10:2-3</text:span></text:a><text:span text:style-name="T1"> Que benefício trouxeram todos aqueles ídolos?</text:span></text:p><text:p text:style-name="P3"/><text:p text:style-name="P3"><text:a xlink:type="simple" xlink:href="http://mysword.info/b?r=Zec_10:6" text:style-name="Internet_20_link" text:visited-style-name="Visited_20_Internet_20_Link"><text:span text:style-name="T1">Zc 10:6</text:span></text:a><text:span text:style-name="T1"> Deus dará aos Judeus grande força e todos os crentes serão reunidos em Israel.</text:span></text:p><text:p text:style-name="P3"/><text:p text:style-name="P3"><text:a xlink:type="simple" xlink:href="http://mysword.info/b?r=Zec_10:7-12" text:style-name="Internet_20_link" text:visited-style-name="Visited_20_Internet_20_Link"><text:span text:style-name="T1">Zc 10:7-12</text:span></text:a><text:span text:style-name="T1"> As dez tribos dispersas serão reunidas de todas as partes do mundo.</text:span></text:p><text:p text:style-name="P3"/><text:h text:style-name="P5" text:outline-level="2"><text:bookmark text:name="__RefHeading___Toc141_1280209449"/>#1022</text:h><text:p text:style-name="P3"/><text:p text:style-name="P4">Quando somos feridos ou mal compreendidos, ou maltratados, se quisermos honrar nosso bendito Senhor, devemos suportar isso com doce perdão e paciência.</text:p><text:p text:style-name="P3"/><text:h text:style-name="P6" text:outline-level="2"><text:bookmark text:name="__RefHeading___Toc143_1280209449"/><text:a xlink:type="simple" xlink:href="http://mysword.info/b?r=Zec_11" text:style-name="Internet_20_link" text:visited-style-name="Visited_20_Internet_20_Link"><text:span text:style-name="T1">ZACARIAS 11</text:span></text:a></text:h><text:p text:style-name="P3"/><text:p text:style-name="P3"><text:span text:style-name="T1">O </text:span><text:a xlink:type="simple" xlink:href="http://mysword.info/b?r=Zec_11" text:style-name="Internet_20_link" text:visited-style-name="Visited_20_Internet_20_Link"><text:span text:style-name="T1">capítulo 11</text:span></text:a><text:span text:style-name="T1"> está em grande contraste com o </text:span><text:a xlink:type="simple" xlink:href="http://mysword.info/b?r=Zec_10" text:style-name="Internet_20_link" text:visited-style-name="Visited_20_Internet_20_Link"><text:span text:style-name="T1">capítulo 10</text:span></text:a><text:span text:style-name="T1">.</text:span></text:p><text:p text:style-name="P3"/><text:p text:style-name="P3"><text:a xlink:type="simple" xlink:href="http://mysword.info/b?r=Zec_11:1-5" text:style-name="Internet_20_link" text:visited-style-name="Visited_20_Internet_20_Link"><text:span text:style-name="T1">Zc 11:1-5</text:span></text:a><text:span text:style-name="T1"> Aqui o povo de Israel está sob o controle dos Gentios. Seus próprios líderes (seus pastores, escribas, anciãos, sacerdotes) não tinham piedade deles, por isso o Senhor Se apieda deles.</text:span></text:p><text:p text:style-name="P3"/><text:p text:style-name="P3"><text:a xlink:type="simple" xlink:href="http://mysword.info/b?r=Zec_11:12-13" text:style-name="Internet_20_link" text:visited-style-name="Visited_20_Internet_20_Link"><text:span text:style-name="T1">Zc 11:12-13</text:span></text:a><text:span text:style-name="T1"> Você percebe como isso é parecido com Mateus </text:span><text:a xlink:type="simple" xlink:href="http://mysword.info/b?r=Mat_27:9-10" text:style-name="Internet_20_link" text:visited-style-name="Visited_20_Internet_20_Link"><text:span text:style-name="T1">27:9-10</text:span></text:a><text:span text:style-name="T1">? O Messias deles é avaliado em trinta peças de prata.</text:span></text:p><text:p text:style-name="P3"/><text:p text:style-name="P3"><text:a xlink:type="simple" xlink:href="http://mysword.info/b?r=Zec_11:7,10,14" text:style-name="Internet_20_link" text:visited-style-name="Visited_20_Internet_20_Link"><text:span text:style-name="T1">Zc 11:7,10,14</text:span></text:a><text:span text:style-name="T1"> Refere-se a Judá e Israel, por tanto tempo divididos em dois reinos.</text:span></text:p><text:p text:style-name="P3"/><text:p text:style-name="P3"><text:a xlink:type="simple" xlink:href="http://mysword.info/b?r=Zec_11:15-17" text:style-name="Internet_20_link" text:visited-style-name="Visited_20_Internet_20_Link"><text:span text:style-name="T1">Zc 11:15-17</text:span></text:a><text:span text:style-name="T1"> O verdadeiro Pastor (Cristo) tendo sido rejeitado, o Senhor fala aqui do Anticristo. Todas estas passagens não fazem qualquer referência ao nosso atual tempo da graça.</text:span></text:p><text:p text:style-name="P3"/><text:h text:style-name="P5" text:outline-level="2"><text:bookmark text:name="__RefHeading___Toc145_1280209449"/>#1023</text:h><text:p text:style-name="P3"/><text:p text:style-name="P4">Existe a tendência de se perder a dependência quando estamos desfrutando dos resultados da dependência.</text:p><text:p text:style-name="P3"/><text:h text:style-name="P6" text:outline-level="2"><text:bookmark text:name="__RefHeading___Toc147_1280209449"/><text:a xlink:type="simple" xlink:href="http://mysword.info/b?r=Zec_12" text:style-name="Internet_20_link" text:visited-style-name="Visited_20_Internet_20_Link"><text:span text:style-name="T1">ZACARIAS 12</text:span></text:a></text:h><text:p text:style-name="P3"/><text:p text:style-name="P4">As condições em Jerusalém durante o tempo que o Anticristo é aceito pela nação de Israel durante a tribulação.</text:p><text:p text:style-name="P3"/><text:p text:style-name="P3"><text:a xlink:type="simple" xlink:href="http://mysword.info/b?r=Zec_12:3-9" text:style-name="Internet_20_link" text:visited-style-name="Visited_20_Internet_20_Link"><text:span text:style-name="T1">Zc 12:3-9</text:span></text:a><text:span text:style-name="T1"> As nações ao redor de Israel o molestarão, mas mais tarde o remanescente crente receberá forças de Deus, e se voltará contra aquelas nações e as esmagará.</text:span></text:p><text:p text:style-name="P3"/><text:p text:style-name="P3"><text:a xlink:type="simple" xlink:href="http://mysword.info/b?r=Zec_12:8" text:style-name="Internet_20_link" text:visited-style-name="Visited_20_Internet_20_Link"><text:span text:style-name="T1">Zc 12:8</text:span></text:a><text:span text:style-name="T1"> O mais fraco ali ficará tão forte quanto Davi! Ele matou um leão e um urso com suas mãos.</text:span></text:p><text:p text:style-name="P3"/><text:p text:style-name="P3"><text:a xlink:type="simple" xlink:href="http://mysword.info/b?r=Zec_12:10-14" text:style-name="Internet_20_link" text:visited-style-name="Visited_20_Internet_20_Link"><text:span text:style-name="T1">Zc 12:10-14</text:span></text:a><text:span text:style-name="T1"> O remanescente crente em Judá entenderá que Aquele que crucificaram é o seu verdadeiro Messias. Seus corações serão traspassados de tristeza. Sua tristeza será individual e intensa.</text:span></text:p><text:p text:style-name="P3"/><text:p text:style-name="P3"><text:a xlink:type="simple" xlink:href="http://mysword.info/b?r=Zec_12:12" text:style-name="Internet_20_link" text:visited-style-name="Visited_20_Internet_20_Link"><text:span text:style-name="T1">Zc 12:12</text:span></text:a><text:span text:style-name="T1"> Todos se lamentarão, Rei (Davi), Profeta (Natã), e Sacerdote (Levi).</text:span></text:p><text:p text:style-name="P3"/><text:h text:style-name="P5" text:outline-level="2"><text:bookmark text:name="__RefHeading___Toc149_1280209449"/>#1024</text:h><text:p text:style-name="P3"/><text:p text:style-name="P4">O Cristão que compromete a Verdade hoje irá comprometer a Moral amanhã.</text:p><text:p text:style-name="P3"/><text:h text:style-name="P6" text:outline-level="2"><text:bookmark text:name="__RefHeading___Toc151_1280209449"/><text:a xlink:type="simple" xlink:href="http://mysword.info/b?r=Zec_13" text:style-name="Internet_20_link" text:visited-style-name="Visited_20_Internet_20_Link"><text:span text:style-name="T1">ZACARIAS 13</text:span></text:a></text:h><text:p text:style-name="P3"/><text:p text:style-name="P4">A cruz é mostrada aqui.</text:p><text:p text:style-name="P3"/><text:p text:style-name="P3"><text:a xlink:type="simple" xlink:href="http://mysword.info/b?r=Zec_13:2-4" text:style-name="Internet_20_link" text:visited-style-name="Visited_20_Internet_20_Link"><text:span text:style-name="T1">Zc 13:2-4</text:span></text:a><text:span text:style-name="T1"> Como resultado da cruz, todo o Israel será limpo. Todo incrédulo na terra será destruído (</text:span><text:a xlink:type="simple" xlink:href="http://mysword.info/b?r=Mat_25:31-46" text:style-name="Internet_20_link" text:visited-style-name="Visited_20_Internet_20_Link"><text:span text:style-name="T1">Mt 25:31-46</text:span></text:a><text:span text:style-name="T1">).</text:span></text:p><text:p text:style-name="P3"/><text:p text:style-name="P3"><text:a xlink:type="simple" xlink:href="http://mysword.info/b?r=Zec_13:6" text:style-name="Internet_20_link" text:visited-style-name="Visited_20_Internet_20_Link"><text:span text:style-name="T1">Zc 13:6</text:span></text:a><text:span text:style-name="T1"> Aqueles Israelitas que não conheceram a cruz farão essa pergunta.</text:span></text:p><text:p text:style-name="P3"/><text:p text:style-name="P3"><text:a xlink:type="simple" xlink:href="http://mysword.info/b?r=Zec_13:7" text:style-name="Internet_20_link" text:visited-style-name="Visited_20_Internet_20_Link"><text:span text:style-name="T1">Zc 13:7</text:span></text:a><text:span text:style-name="T1"> Deus proclama Jesus Cristo Seu Companheiro, mas Sua espada O fere! A nação estava dispersa, enquanto o remanescente crente era abençoado (</text:span><text:a xlink:type="simple" xlink:href="http://mysword.info/b?r=Mat_26:31" text:style-name="Internet_20_link" text:visited-style-name="Visited_20_Internet_20_Link"><text:span text:style-name="T1">Mt 26:31</text:span></text:a><text:span text:style-name="T1">).</text:span></text:p><text:p text:style-name="P3"/><text:p text:style-name="P3"><text:a xlink:type="simple" xlink:href="http://mysword.info/b?r=Zec_13:8-9" text:style-name="Internet_20_link" text:visited-style-name="Visited_20_Internet_20_Link"><text:span text:style-name="T1">Zc 13:8-9</text:span></text:a><text:span text:style-name="T1"> Judá será peneirado individualmente. Dois terços deles será formado por incrédulos.</text:span></text:p><text:p text:style-name="P3"/><text:h text:style-name="P5" text:outline-level="2"><text:bookmark text:name="__RefHeading___Toc153_1280209449"/>#1025</text:h><text:p text:style-name="P3"/><text:p text:style-name="P4">A habilidade de memorizar o que quer que seja depende de sua importância para nós.</text:p><text:p text:style-name="P3"/><text:h text:style-name="P6" text:outline-level="2"><text:bookmark text:name="__RefHeading___Toc155_1280209449"/><text:a xlink:type="simple" xlink:href="http://mysword.info/b?r=Zec_14" text:style-name="Internet_20_link" text:visited-style-name="Visited_20_Internet_20_Link"><text:span text:style-name="T1">ZACARIAS 14</text:span></text:a></text:h><text:p text:style-name="P3"/><text:p text:style-name="P3"><text:a xlink:type="simple" xlink:href="http://mysword.info/b?r=Zec_14:1-4" text:style-name="Internet_20_link" text:visited-style-name="Visited_20_Internet_20_Link"><text:span text:style-name="T1">Zc 14:1-4</text:span></text:a><text:span text:style-name="T1"> O Senhor surge de repente no final da tribulação. Isso é chamado de &quot;O dia do Senhor&quot;. Seus pés estarão sobre o Monte das Oliveiras, o lugar de onde Ele subiu ao céu (</text:span><text:a xlink:type="simple" xlink:href="http://mysword.info/b?r=Act_1:9-11" text:style-name="Internet_20_link" text:visited-style-name="Visited_20_Internet_20_Link"><text:span text:style-name="T1">At 1:9-11</text:span></text:a><text:span text:style-name="T1">).</text:span></text:p><text:p text:style-name="P3"/><text:p text:style-name="P3"><text:a xlink:type="simple" xlink:href="http://mysword.info/b?r=Zec_14:5" text:style-name="Internet_20_link" text:visited-style-name="Visited_20_Internet_20_Link"><text:span text:style-name="T1">Zc 14:5</text:span></text:a><text:span text:style-name="T1"> O Senhor destruirá as nações incrédulas do Ocidente. Não de uma vez, pois lemos em Daniel de como Ele irá tratar com um grupo de cada vez (a Rússia será a última - </text:span><text:a xlink:type="simple" xlink:href="http://mysword.info/b?r=Eze_38" text:style-name="Internet_20_link" text:visited-style-name="Visited_20_Internet_20_Link"><text:span text:style-name="T1">Ezequiel 38</text:span></text:a><text:span text:style-name="T1"> e 39). A última parte deste versículo é interessante. </text:span><text:a xlink:type="simple" xlink:href="http://mysword.info/b?r=1Th_4:14" text:style-name="Internet_20_link" text:visited-style-name="Visited_20_Internet_20_Link"><text:span text:style-name="T1">1Ts 4:14</text:span></text:a><text:span text:style-name="T1"> refere-se ao mesmo evento.</text:span></text:p><text:p text:style-name="P3"/><text:p text:style-name="P3"><text:a xlink:type="simple" xlink:href="http://mysword.info/b?r=Zec_14:6-7" text:style-name="Internet_20_link" text:visited-style-name="Visited_20_Internet_20_Link"><text:span text:style-name="T1">Zc 14:6-7</text:span></text:a><text:span text:style-name="T1"> Abra em Isaías </text:span><text:a xlink:type="simple" xlink:href="http://mysword.info/b?r=Isa_39:26" text:style-name="Internet_20_link" text:visited-style-name="Visited_20_Internet_20_Link"><text:span text:style-name="T1">39:26</text:span></text:a><text:span text:style-name="T1">. Parece estar se referindo ao mesmo tempo futuro quando o Senhor voltará com todos nós que cremos, para reinar sobre a terra. A luz aparentemente será muito mais intensa do que é agora.</text:span></text:p><text:p text:style-name="P3"/><text:p text:style-name="P3"><text:a xlink:type="simple" xlink:href="http://mysword.info/b?r=Zec_14:8" text:style-name="Internet_20_link" text:visited-style-name="Visited_20_Internet_20_Link"><text:span text:style-name="T1">Zc 14:8</text:span></text:a><text:span text:style-name="T1"> Dois rios brotarão de Jerusalém. (É a única capital no mundo que não tem um rio). Um fluirá para o Oeste até o Mediterrâneo, e o outro para o Leste, até o Mar Morto.</text:span></text:p><text:p text:style-name="P3"/><text:p text:style-name="P3"><text:a xlink:type="simple" xlink:href="http://mysword.info/b?r=Zec_14:9" text:style-name="Internet_20_link" text:visited-style-name="Visited_20_Internet_20_Link"><text:span text:style-name="T1">Zc 14:9</text:span></text:a><text:span text:style-name="T1"> É maravilhoso ler isto com calma.</text:span></text:p><text:p text:style-name="P3"/><text:p text:style-name="P3"><text:a xlink:type="simple" xlink:href="http://mysword.info/b?r=Zec_14:14" text:style-name="Internet_20_link" text:visited-style-name="Visited_20_Internet_20_Link"><text:span text:style-name="T1">Zc 14:14</text:span></text:a><text:span text:style-name="T1"> Pense só que dia será quando este versículo se cumprir.</text:span></text:p><text:p text:style-name="P3"/><text:p text:style-name="P3"><text:a xlink:type="simple" xlink:href="http://mysword.info/b?r=Zec_14:20-21" text:style-name="Internet_20_link" text:visited-style-name="Visited_20_Internet_20_Link"><text:span text:style-name="T1">Zc 14:20-21</text:span></text:a><text:span text:style-name="T1"> Ninguém desprezará aquele maravilhoso dia de &quot;SANTIDADE AO SENHOR&quot;.</text:span></text:p><text:p text:style-name="P3"/></text:section></office:text></office:body></office:document-content>