<?xml version="1.0" encoding="UTF-8"?>
<office:document-content xmlns:office="urn:oasis:names:tc:opendocument:xmlns:office:1.0" xmlns:style="urn:oasis:names:tc:opendocument:xmlns:style:1.0" xmlns:text="urn:oasis:names:tc:opendocument:xmlns:text:1.0" xmlns:table="urn:oasis:names:tc:opendocument:xmlns:table:1.0" xmlns:draw="urn:oasis:names:tc:opendocument:xmlns:drawing:1.0" xmlns:fo="urn:oasis:names:tc:opendocument:xmlns:xsl-fo-compatible:1.0" xmlns:xlink="http://www.w3.org/1999/xlink" xmlns:dc="http://purl.org/dc/elements/1.1/" xmlns:meta="urn:oasis:names:tc:opendocument:xmlns:meta:1.0" xmlns:number="urn:oasis:names:tc:opendocument:xmlns:datastyle:1.0" xmlns:svg="urn:oasis:names:tc:opendocument:xmlns:svg-compatible:1.0" xmlns:chart="urn:oasis:names:tc:opendocument:xmlns:chart:1.0" xmlns:dr3d="urn:oasis:names:tc:opendocument:xmlns:dr3d:1.0" xmlns:math="http://www.w3.org/1998/Math/MathML" xmlns:form="urn:oasis:names:tc:opendocument:xmlns:form:1.0" xmlns:script="urn:oasis:names:tc:opendocument:xmlns:script:1.0" xmlns:ooo="http://openoffice.org/2004/office" xmlns:ooow="http://openoffice.org/2004/writer" xmlns:oooc="http://openoffice.org/2004/calc" xmlns:dom="http://www.w3.org/2001/xml-events" xmlns:xforms="http://www.w3.org/2002/xforms" xmlns:xsd="http://www.w3.org/2001/XMLSchema" xmlns:xsi="http://www.w3.org/2001/XMLSchema-instance" xmlns:rpt="http://openoffice.org/2005/report" xmlns:of="urn:oasis:names:tc:opendocument:xmlns:of:1.2" xmlns:xhtml="http://www.w3.org/1999/xhtml" xmlns:grddl="http://www.w3.org/2003/g/data-view#" xmlns:officeooo="http://openoffice.org/2009/office" xmlns:tableooo="http://openoffice.org/2009/table" xmlns:drawooo="http://openoffice.org/2010/draw" xmlns:calcext="urn:org:documentfoundation:names:experimental:calc:xmlns:calcext:1.0" xmlns:loext="urn:org:documentfoundation:names:experimental:office:xmlns:loext:1.0" xmlns:field="urn:openoffice:names:experimental:ooo-ms-interop:xmlns:field:1.0" xmlns:formx="urn:openoffice:names:experimental:ooxml-odf-interop:xmlns:form:1.0" xmlns:css3t="http://www.w3.org/TR/css3-text/" office:version="1.2"><office:scripts/><office:font-face-decls><style:font-face style:name="FreeSans1" svg:font-family="FreeSans"/><style:font-face style:name="Liberation Sans" svg:font-family="&apos;Liberation Sans&apos;, sans-serif"/><style:font-face style:name="Noto Sans CJK SC Regular1" svg:font-family="&apos;Noto Sans CJK SC Regular&apos;"/><style:font-face style:name="FreeSans2" svg:font-family="FreeSans" style:font-family-generic="swiss"/><style:font-face style:name="Liberation Serif" svg:font-family="&apos;Liberation Serif&apos;" style:font-family-generic="roman" style:font-pitch="variable"/><style:font-face style:name="Thorndale" svg:font-family="Thorndale" style:font-family-generic="roman" style:font-pitch="variable"/><style:font-face style:name="Albany" svg:font-family="Albany" style:font-family-generic="swiss" style:font-pitch="variable"/><style:font-face style:name="FreeSans" svg:font-family="FreeSans" style:font-family-generic="system" style:font-pitch="variable"/><style:font-face style:name="Noto Sans CJK SC Regular" svg:font-family="&apos;Noto Sans CJK SC Regular&apos;" style:font-family-generic="system" style:font-pitch="variable"/></office:font-face-decls><office:automatic-styles><style:style style:name="P1" style:family="paragraph" style:parent-style-name="Heading_20_2"><style:paragraph-properties fo:line-height="150%"/><style:text-properties style:font-name="Liberation Sans" fo:font-size="12pt"/></style:style><style:style style:name="P2" style:family="paragraph" style:parent-style-name="Heading_20_2"><style:paragraph-properties fo:line-height="150%"/></style:style><style:style style:name="P3" style:family="paragraph" style:parent-style-name="Heading_20_2"><style:paragraph-properties fo:line-height="150%" fo:break-before="page"/><style:text-properties style:font-name="Liberation Sans" fo:font-size="12pt"/></style:style><style:style style:name="P4" style:family="paragraph" style:parent-style-name="Text_20_body" style:master-page-name="HTML"><style:paragraph-properties fo:margin-top="0cm" fo:margin-bottom="0cm" loext:contextual-spacing="false" fo:line-height="150%" fo:text-align="start" style:justify-single-word="false" style:page-number="auto"/></style:style><style:style style:name="P5" style:family="paragraph" style:parent-style-name="Text_20_body"><style:paragraph-properties fo:margin-top="0cm" fo:margin-bottom="0cm" loext:contextual-spacing="false" fo:line-height="150%" fo:text-align="start" style:justify-single-word="false"/></style:style><style:style style:name="P6" style:family="paragraph" style:parent-style-name="Text_20_body"><style:paragraph-properties fo:margin-top="0cm" fo:margin-bottom="0cm" loext:contextual-spacing="false" fo:line-height="150%" fo:text-align="justify" style:justify-single-word="false"/></style:style><style:style style:name="P7" style:family="paragraph" style:parent-style-name="Text_20_body"><style:paragraph-properties fo:margin-top="0cm" fo:margin-bottom="0cm" loext:contextual-spacing="false" fo:line-height="150%" fo:text-align="justify" style:justify-single-word="false"/><style:text-properties style:font-name="Liberation Sans" fo:font-size="12pt"/></style:style><style:style style:name="T1" style:family="text"><style:text-properties style:font-name="Liberation Sans" fo:font-size="12pt"/></style:style><style:style style:name="T2" style:family="text"><style:text-properties style:font-name="Liberation Sans" fo:font-size="12pt" fo:font-weight="bold"/></style:style><style:style style:name="T3" style:family="text"><style:text-properties style:font-name="Liberation Sans" fo:font-size="12pt" fo:font-weight="normal"/></style:style><style:style style:name="T4" style:family="text"><style:text-properties fo:font-variant="normal" fo:text-transform="none"/></style:style><style:style style:name="T5" style:family="text"><style:text-properties fo:font-variant="normal" fo:text-transform="none" style:font-name="Liberation Sans" fo:font-size="12pt" fo:font-style="normal" fo:font-weight="normal"/></style:style><style:style style:name="T6" style:family="text"><style:text-properties fo:color="#000000"/></style:style><style:style style:name="T7" style:family="text"><style:text-properties fo:color="#000000" style:font-name="Liberation Sans" fo:font-size="12pt" fo:font-weight="normal"/></style:style><style:style style:name="T8" style:family="text"><style:text-properties fo:color="#000099" style:text-line-through-style="none" style:text-line-through-type="none" style:font-name="Liberation Sans" fo:font-size="12pt" style:text-underline-style="none" fo:font-weight="bold" style:text-blinking="false"/></style:style><style:style style:name="fr1" style:family="graphic" style:parent-style-name="Graphics"><style:graphic-properties style:wrap="right" style:number-wrapped-paragraphs="no-limit" style:wrap-contour="false" style:vertical-pos="top" style:vertical-rel="paragraph-content" style:horizontal-pos="left" style:horizontal-rel="paragraph" style:mirror="none" fo:clip="rect(0cm, 0cm, 0cm, 0cm)" draw:luminance="0%" draw:contrast="0%" draw:red="0%" draw:green="0%" draw:blue="0%" draw:gamma="100%" draw:color-inversion="false" draw:image-opacity="100%" draw:color-mode="standard"/></style:style><style:style style:name="Sect1" style:family="section"><style:section-properties style:writing-mode="lr-tb" style:editable="false"><style:columns fo:column-count="1" fo:column-gap="0cm"/></style:section-properties></style:style></office:automatic-styles><office:body><office:text><text:sequence-decls><text:sequence-decl text:display-outline-level="0" text:name="Illustration"/><text:sequence-decl text:display-outline-level="0" text:name="Table"/><text:sequence-decl text:display-outline-level="0" text:name="Text"/><text:sequence-decl text:display-outline-level="0" text:name="Drawing"/></text:sequence-decls><text:section text:style-name="Sect1" text:name="texto"><text:p text:style-name="P4"><draw:frame draw:style-name="fr1" draw:name="Figura1" text:anchor-type="paragraph" svg:width="17.013cm" svg:height="24.897cm" draw:z-index="0"><draw:image xlink:href="Pictures/1000020100000A5D00000F2F22BA8DE382DF6297.png" xlink:type="simple" xlink:show="embed" xlink:actuate="onLoad"/></draw:frame><office:annotation><dc:date>2018-07-29T09:38:16.821618665</dc:date><text:p>HTML: &lt;meta name=&quot;created&quot; content=&quot;00:00:00&quot;&gt;</text:p></office:annotation><office:annotation><dc:date>2018-07-29T09:38:16.821657610</dc:date><text:p>HTML: &lt;meta name=&quot;changed&quot; content=&quot;2018-07-29T09:34:29.481388465&quot;&gt;</text:p></office:annotation><office:annotation><dc:date>2018-07-29T09:38:16.821671871</dc:date><text:p>HTML: &lt;meta name=&quot;created&quot; content=&quot;00:00:00&quot;&gt;</text:p></office:annotation><office:annotation><dc:date>2018-07-29T09:38:16.821683946</dc:date><text:p>HTML: &lt;meta name=&quot;changed&quot; content=&quot;2018-07-29T09:09:48.381186590&quot;&gt;</text:p></office:annotation><office:annotation><dc:date>2018-07-29T09:38:16.821698259</dc:date><text:p>HTML: &lt;meta name=&quot;created&quot; content=&quot;00:00:00&quot;&gt;</text:p></office:annotation><office:annotation><dc:date>2018-07-29T09:38:16.821714121</dc:date><text:p>HTML: &lt;meta name=&quot;changed&quot; content=&quot;2018-07-25T07:28:23.423683643&quot;&gt;</text:p></office:annotation><office:annotation><dc:date>2018-07-29T09:38:16.821727205</dc:date><text:p>HTML: &lt;meta name=&quot;created&quot; content=&quot;00:00:00&quot;&gt;</text:p></office:annotation><office:annotation><dc:date>2018-07-29T09:38:16.821741568</dc:date><text:p>HTML: &lt;meta name=&quot;changed&quot; content=&quot;2018-07-23T19:07:16.325860644&quot;&gt;</text:p></office:annotation><office:annotation><dc:date>2018-07-29T09:38:16.821753580</dc:date><text:p>HTML: &lt;meta name=&quot;created&quot; content=&quot;00:00:00&quot;&gt;</text:p></office:annotation><office:annotation><dc:date>2018-07-29T09:38:16.821767359</dc:date><text:p>HTML: &lt;meta name=&quot;changed&quot; content=&quot;2018-07-23T18:50:10.377134077&quot;&gt;</text:p></office:annotation></text:p><text:p text:style-name="P5"><text:span text:style-name="Strong_20_Emphasis"><text:span text:style-name="T5">Título: </text:span></text:span><text:span text:style-name="Strong_20_Emphasis"><text:span text:style-name="T5"><office:annotation><dc:date>2018-07-29T09:38:18.073839471</dc:date><text:p>HTML: &lt;meta name=&quot;created&quot; content=&quot;00:00:00&quot;&gt;</text:p></office:annotation></text:span></text:span><text:span text:style-name="Strong_20_Emphasis"><text:span text:style-name="T5"><office:annotation><dc:date>2018-07-29T09:38:18.073852599</dc:date><text:p>HTML: &lt;meta name=&quot;changed&quot; content=&quot;2018-06-14T22:55:38.007259856&quot;&gt;</text:p></office:annotation></text:span></text:span><text:span text:style-name="Strong_20_Emphasis"><text:span text:style-name="T5"><office:annotation><dc:date>2018-07-29T09:38:18.073862365</dc:date><text:p>HTML: &lt;meta name=&quot;created&quot; content=&quot;00:00:00&quot;&gt;</text:p></office:annotation></text:span></text:span><text:span text:style-name="Strong_20_Emphasis"><text:span text:style-name="T5"><office:annotation><dc:date>2018-07-29T09:38:18.073874198</dc:date><text:p>HTML: &lt;meta name=&quot;changed&quot; content=&quot;2018-06-14T20:52:51.033526204&quot;&gt;</text:p></office:annotation></text:span></text:span><text:span text:style-name="Strong_20_Emphasis"><text:span text:style-name="T5"><office:annotation><dc:date>2018-07-29T09:38:18.073883772</dc:date><text:p>HTML: &lt;meta name=&quot;created&quot; content=&quot;00:00:00&quot;&gt;</text:p></office:annotation></text:span></text:span><text:span text:style-name="Strong_20_Emphasis"><text:span text:style-name="T5"><office:annotation><dc:date>2018-07-29T09:38:18.073894109</dc:date><text:p>HTML: &lt;meta name=&quot;changed&quot; content=&quot;2018-06-14T17:27:12.577284577&quot;&gt;</text:p></office:annotation></text:span></text:span><text:span text:style-name="Strong_20_Emphasis"><text:span text:style-name="T5"><office:annotation><dc:date>2018-07-29T09:38:18.073903483</dc:date><text:p>HTML: &lt;meta name=&quot;created&quot; content=&quot;00:00:00&quot;&gt;</text:p></office:annotation></text:span></text:span><text:span text:style-name="Strong_20_Emphasis"><text:span text:style-name="T5"><office:annotation><dc:date>2018-07-29T09:38:18.073913816</dc:date><text:p>HTML: &lt;meta name=&quot;changed&quot; content=&quot;2018-06-14T12:58:12.332824081&quot;&gt;</text:p></office:annotation></text:span></text:span><text:span text:style-name="Strong_20_Emphasis"><text:span text:style-name="T5"><office:annotation><dc:date>2018-07-29T09:38:18.073923281</dc:date><text:p>HTML: &lt;meta name=&quot;created&quot; content=&quot;00:00:00&quot;&gt;</text:p></office:annotation></text:span></text:span><text:span text:style-name="Strong_20_Emphasis"><text:span text:style-name="T5"><office:annotation><dc:date>2018-07-29T09:38:18.073933461</dc:date><text:p>HTML: &lt;meta name=&quot;changed&quot; content=&quot;2018-06-14T07:07:38.845049501&quot;&gt;</text:p></office:annotation></text:span></text:span><text:span text:style-name="Strong_20_Emphasis"><text:span text:style-name="T5"><office:annotation><dc:date>2018-07-29T09:38:18.073942711</dc:date><text:p>HTML: &lt;meta name=&quot;created&quot; content=&quot;00:00:00&quot;&gt;</text:p></office:annotation></text:span></text:span><text:span text:style-name="Strong_20_Emphasis"><text:span text:style-name="T5"><office:annotation><dc:date>2018-07-29T09:38:18.073952727</dc:date><text:p>HTML: &lt;meta name=&quot;changed&quot; content=&quot;2018-06-13T22:59:08.975991996&quot;&gt;</text:p></office:annotation></text:span></text:span><text:span text:style-name="Strong_20_Emphasis"><text:span text:style-name="T5"><office:annotation><dc:date>2018-07-29T09:38:18.073962102</dc:date><text:p>HTML: &lt;meta name=&quot;created&quot; content=&quot;00:00:00&quot;&gt;</text:p></office:annotation></text:span></text:span><text:span text:style-name="Strong_20_Emphasis"><text:span text:style-name="T5"><office:annotation><dc:date>2018-07-29T09:38:18.073972047</dc:date><text:p>HTML: &lt;meta name=&quot;changed&quot; content=&quot;2018-06-13T20:26:03.305702553&quot;&gt;</text:p></office:annotation></text:span></text:span><text:span text:style-name="Strong_20_Emphasis"><text:span text:style-name="T5"><office:annotation><dc:date>2018-07-29T09:38:18.073981397</dc:date><text:p>HTML: &lt;meta name=&quot;created&quot; content=&quot;00:00:00&quot;&gt;</text:p></office:annotation></text:span></text:span><text:span text:style-name="Strong_20_Emphasis"><text:span text:style-name="T5"><office:annotation><dc:date>2018-07-29T09:38:18.073991765</dc:date><text:p>HTML: &lt;meta name=&quot;changed&quot; content=&quot;2018-06-12T12:28:00.714637591&quot;&gt;</text:p></office:annotation></text:span></text:span><text:span text:style-name="Strong_20_Emphasis"><text:span text:style-name="T5"><office:annotation><dc:date>2018-07-29T09:38:18.074001191</dc:date><text:p>HTML: &lt;meta name=&quot;created&quot; content=&quot;00:00:00&quot;&gt;</text:p></office:annotation></text:span></text:span><text:span text:style-name="Strong_20_Emphasis"><text:span text:style-name="T5"><office:annotation><dc:date>2018-07-29T09:38:18.074011477</dc:date><text:p>HTML: &lt;meta name=&quot;changed&quot; content=&quot;2018-06-11T22:59:09.625284365&quot;&gt;</text:p></office:annotation></text:span></text:span><text:span text:style-name="Strong_20_Emphasis"><text:span text:style-name="T5"><office:annotation><dc:date>2018-07-29T09:38:18.074021655</dc:date><text:p>HTML: &lt;meta name=&quot;created&quot; content=&quot;2018-06-11T22:51:04.642681485&quot;&gt;</text:p></office:annotation></text:span></text:span><text:span text:style-name="Strong_20_Emphasis"><text:span text:style-name="T5"><office:annotation><dc:date>2018-07-29T09:38:18.074031862</dc:date><text:p>HTML: &lt;meta name=&quot;changed&quot; content=&quot;2018-06-11T22:52:11.240135258&quot;&gt;</text:p></office:annotation></text:span></text:span><text:span text:style-name="Strong_20_Emphasis"><text:span text:style-name="T5">CHAPTER A DAY (ROMANOS)<text:line-break/>Autor: NORMAN</text:span></text:span><text:span text:style-name="Strong_20_Emphasis"><text:span text:style-name="T4"> </text:span></text:span><text:span text:style-name="Strong_20_Emphasis"><text:span text:style-name="T5">BERRY </text:span></text:span><text:span text:style-name="Strong_20_Emphasis"><text:span text:style-name="T2"><text:line-break/><text:line-break/></text:span></text:span><text:span text:style-name="Strong_20_Emphasis"><text:span text:style-name="T7">Literaturas em formato</text:span></text:span><text:span text:style-name="Strong_20_Emphasis"><text:span text:style-name="T6"> </text:span></text:span><text:span text:style-name="Strong_20_Emphasis"><text:span text:style-name="T7">digital:<text:line-break/></text:span></text:span><text:a xlink:type="simple" xlink:href="http://www.acervodigitalcristao.com.br/" text:style-name="Internet_20_link" text:visited-style-name="Visited_20_Internet_20_Link"><text:span text:style-name="Strong_20_Emphasis"><text:span text:style-name="T2">www.acervodigitalcristao.com.br</text:span></text:span></text:a><text:span text:style-name="Strong_20_Emphasis"><text:span text:style-name="T8"><text:line-break/><text:line-break/></text:span></text:span><text:span text:style-name="Strong_20_Emphasis"><text:span text:style-name="T3">Literaturas em formato</text:span></text:span><text:span text:style-name="Strong_20_Emphasis"> </text:span><text:span text:style-name="Strong_20_Emphasis"><text:span text:style-name="T3">Impresso:<text:line-break/></text:span></text:span><text:a xlink:type="simple" xlink:href="http://www.verdadesvivas.com.br/" text:style-name="Internet_20_link" text:visited-style-name="Visited_20_Internet_20_Link"><text:span text:style-name="Strong_20_Emphasis"><text:span text:style-name="T2">www.verdadesvivas.com.br</text:span></text:span></text:a><text:span text:style-name="Strong_20_Emphasis"><text:span text:style-name="T8"><text:line-break/><text:line-break/></text:span></text:span><text:span text:style-name="Strong_20_Emphasis"><text:span text:style-name="T3">Evangelho em 03 Minutos:</text:span></text:span><text:span text:style-name="Strong_20_Emphasis"> </text:span><text:span text:style-name="Strong_20_Emphasis"><text:span text:style-name="T2"><text:line-break/></text:span></text:span><text:a xlink:type="simple" xlink:href="http://www.3minutos.net/" text:style-name="Internet_20_link" text:visited-style-name="Visited_20_Internet_20_Link"><text:span text:style-name="Strong_20_Emphasis"><text:span text:style-name="T2">www.3minutos.net</text:span></text:span></text:a><text:span text:style-name="Strong_20_Emphasis"><text:span text:style-name="T8"><text:line-break/><text:line-break/></text:span></text:span><text:span text:style-name="Strong_20_Emphasis"><text:span text:style-name="T3">O que respondi:<text:line-break/></text:span></text:span><text:a xlink:type="simple" xlink:href="http://www.respondi.com.br/" text:style-name="Internet_20_link" text:visited-style-name="Visited_20_Internet_20_Link"><text:span text:style-name="Strong_20_Emphasis"><text:span text:style-name="T2">www.respondi.com.br</text:span></text:span></text:a></text:p><text:h text:style-name="P3" text:outline-level="2"><text:bookmark text:name="__RefHeading___Toc1083_1280209449"/>#053</text:h><text:p text:style-name="P6"/><text:p text:style-name="P7">Toda a vida de nosso bendito Senhor como Homem se resume nas palavras, &quot;Ele Se Humilhou&quot;. Ele começou Sua vida aqui em uma manjedoura e terminou na cruz, e ao longo do caminho não teve onde repousar Sua cabeça.</text:p><text:p text:style-name="P6"/><text:h text:style-name="P2" text:outline-level="2"><text:bookmark text:name="__RefHeading___Toc1085_1280209449"/><text:a xlink:type="simple" xlink:href="https://mysword.info/b?r=Rom_1" text:style-name="Internet_20_link" text:visited-style-name="Visited_20_Internet_20_Link"><text:span text:style-name="T1">ROMANOS 1</text:span></text:a></text:h><text:p text:style-name="P6"/><text:p text:style-name="P6"><text:span text:style-name="T1">Agora nos ocupamos de um livro do Novo Testamento que, em certos aspectos, equipara-se a Gênesis. Naquele livro tivemos a primeira criação - a criação física. Em Romanos lemos da nova criação - Cristianismo - a obra completa de Cristo. Romanos nos apresenta a verdade fundamental da posição de todo crente, assim como Gênesis nos apresenta a verdade fundamental da primeira criação. Gênesis nos fala das origens de nosso nascimento físico. Romanos nos apresenta a origem de nosso nascimento espiritual. O Senhor Jesus que é o Criador do primeiro, é o Consumador do segundo. Em Jo </text:span><text:a xlink:type="simple" xlink:href="http://mysword.info/b?r=Joh_3:6-7" text:style-name="Internet_20_link" text:visited-style-name="Visited_20_Internet_20_Link"><text:span text:style-name="T1">3:6-7</text:span></text:a><text:span text:style-name="T1"> ambos são apresentados juntos. Em Gênesis, um homem desobedeceu até a morte (</text:span><text:a xlink:type="simple" xlink:href="http://mysword.info/b?r=Rom_5:19" text:style-name="Internet_20_link" text:visited-style-name="Visited_20_Internet_20_Link"><text:span text:style-name="T1">Rm 5:19</text:span></text:a><text:span text:style-name="T1">); em Romanos, um Homem obedeceu até a morte (o mesmo versículo). Na primeira criação a desobediência a Deus é a própria natureza do homem caído; na segunda criação, a obediência é a própria natureza de uma pessoa redimida (</text:span><text:a xlink:type="simple" xlink:href="https://mysword.info/b?r=1Pe_1:2" text:style-name="Internet_20_link" text:visited-style-name="Visited_20_Internet_20_Link"><text:span text:style-name="T1">1 Pd 1:2</text:span></text:a><text:span text:style-name="T1">).</text:span></text:p><text:p text:style-name="P6"/><text:p text:style-name="P6"><text:a xlink:type="simple" xlink:href="http://mysword.info/b?r=Rom_1:3" text:style-name="Internet_20_link" text:visited-style-name="Visited_20_Internet_20_Link"><text:span text:style-name="T1">Rm 1:3</text:span></text:a><text:span text:style-name="T1"> As boas novas de Deus (o evangelho) dizem respeito a Seu Filho, Jesus Cristo nosso Senhor.</text:span></text:p><text:p text:style-name="P6"/><text:p text:style-name="P6"><text:a xlink:type="simple" xlink:href="http://mysword.info/b?r=Rom_1:5" text:style-name="Internet_20_link" text:visited-style-name="Visited_20_Internet_20_Link"><text:span text:style-name="T1">Rm 1:5</text:span></text:a><text:span text:style-name="T1"> Obediência vem de Cristo, O qual foi totalmente obediente a Deus Pai. Leia a primeira parte de Jo </text:span><text:a xlink:type="simple" xlink:href="http://mysword.info/b?r=Joh_8:29" text:style-name="Internet_20_link" text:visited-style-name="Visited_20_Internet_20_Link"><text:span text:style-name="T1">8:29</text:span></text:a><text:span text:style-name="T1">. Se não estivermos obedecendo a Palavra de Deus, não estamos vivendo a vida certa que Deus planejou para nós.</text:span></text:p><text:p text:style-name="P6"/><text:p text:style-name="P6"><text:a xlink:type="simple" xlink:href="http://mysword.info/b?r=Rom_1:7" text:style-name="Internet_20_link" text:visited-style-name="Visited_20_Internet_20_Link"><text:span text:style-name="T1">Rm 1:7</text:span></text:a><text:span text:style-name="T1"> Todo crente é um santo, embora seja um santo infeliz se não estiver obedecendo a Palavra de Deus.</text:span></text:p><text:p text:style-name="P6"/><text:p text:style-name="P6"><text:a xlink:type="simple" xlink:href="http://mysword.info/b?r=Rom_1:17-18" text:style-name="Internet_20_link" text:visited-style-name="Visited_20_Internet_20_Link"><text:span text:style-name="T1">Rm 1:17-18</text:span></text:a><text:span text:style-name="T1"> &quot;Justiça&quot; significa o modo como Deus torna um pecador perfeito aos olhos de Deus. A ira de Deus contra o pecado foi toda gasta na cruz para qualquer um que aceite a Cristo como Salvador. Com Deus não restou mais nada além de amor para com aqueles que crêem nEle! Quando um juiz absolve um homem, o torna legalmente justo, mas não transforma aquele homem em uma pessoa diferente. Quando Deus aceita um pecador Ele transforma aquela pessoa. Ele a justifica. Ele a coloca em uma posição completamente nova. Ele a vê sem pecado em si mesma. Ele a vê em Cristo.</text:span></text:p><text:p text:style-name="P6"/><text:p text:style-name="P6"><text:a xlink:type="simple" xlink:href="http://mysword.info/b?r=Rom_1:18-32" text:style-name="Internet_20_link" text:visited-style-name="Visited_20_Internet_20_Link"><text:span text:style-name="T1">Rm 1:18-32</text:span></text:a><text:span text:style-name="T1"> Por outro lado, Deus está irado com todos aqueles que rejeitam a Sua justiça. Todas as pessoas do mundo são mencionadas. O pecado arruinou a todos.</text:span></text:p><text:p text:style-name="P6"/><text:p text:style-name="P6"><text:a xlink:type="simple" xlink:href="http://mysword.info/b?r=Rom_1:19-20" text:style-name="Internet_20_link" text:visited-style-name="Visited_20_Internet_20_Link"><text:span text:style-name="T1">Rm 1:19-20</text:span></text:a><text:span text:style-name="T1"> Ninguém pode dizer que Deus não seja justo nisso tudo. Uma pessoa que nunca tenha escutado o evangelho não será responsabilizada por isso. Mas será tida por responsável por aquilo que Deus lhe tiver falado através da natureza. As pessoas são inescusáveis. Do </text:span><text:a xlink:type="simple" xlink:href="https://mysword.info/b?r=Rom_1:19-32" text:style-name="Internet_20_link" text:visited-style-name="Visited_20_Internet_20_Link"><text:span text:style-name="T1">versículo 19</text:span></text:a><text:span text:style-name="T1"> ao 2:16 Deus está falando das terras pagãs (os Gentios).</text:span></text:p><text:p text:style-name="P6"/><text:h text:style-name="P1" text:outline-level="2"><text:bookmark text:name="__RefHeading___Toc1087_1280209449"/>#054</text:h><text:p text:style-name="P6"/><text:p text:style-name="P7">JESUS é uma VÍTIMA, perfeitamente capaz de nos purificar... Um SACERDOTE perfeitamente capaz de interceder por nós... um PROFETA perfeitamente capaz de nos instruir... um GUIA perfeitamente capaz de nos transportar seguros para a glória.</text:p><text:p text:style-name="P6"/><text:h text:style-name="P2" text:outline-level="2"><text:bookmark text:name="__RefHeading___Toc1089_1280209449"/><text:a xlink:type="simple" xlink:href="https://mysword.info/b?r=Rom_2" text:style-name="Internet_20_link" text:visited-style-name="Visited_20_Internet_20_Link"><text:span text:style-name="T1">ROMANOS 2</text:span></text:a></text:h><text:p text:style-name="P6"/><text:p text:style-name="P6"><text:a xlink:type="simple" xlink:href="http://mysword.info/b?r=Rom_2:1-16" text:style-name="Internet_20_link" text:visited-style-name="Visited_20_Internet_20_Link"><text:span text:style-name="T1">Rm 2:1-16</text:span></text:a><text:span text:style-name="T1"> Os Gentios cultos ou educados.</text:span></text:p><text:p text:style-name="P6"/><text:p text:style-name="P6"><text:a xlink:type="simple" xlink:href="http://mysword.info/b?r=Rom_2:2" text:style-name="Internet_20_link" text:visited-style-name="Visited_20_Internet_20_Link"><text:span text:style-name="T1">Rm 2:2</text:span></text:a><text:span text:style-name="T1"> Deus julga em conformidade com a verdade. No </text:span><text:a xlink:type="simple" xlink:href="http://mysword.info/b?r=Rom_2:2" text:style-name="Internet_20_link" text:visited-style-name="Visited_20_Internet_20_Link"><text:span text:style-name="T1">vers. 6</text:span></text:a><text:span text:style-name="T1"> de acordo com as obras (o que fizeram).</text:span></text:p><text:p text:style-name="P6"/><text:p text:style-name="P6"><text:a xlink:type="simple" xlink:href="http://mysword.info/b?r=Rom_2:11" text:style-name="Internet_20_link" text:visited-style-name="Visited_20_Internet_20_Link"><text:span text:style-name="T1">Rm 2:11</text:span></text:a><text:span text:style-name="T1"> Sem favorecer uma pessoa em detrimento de outra. </text:span><text:a xlink:type="simple" xlink:href="https://mysword.info/b?r=Rom_2:16" text:style-name="Internet_20_link" text:visited-style-name="Visited_20_Internet_20_Link"><text:span text:style-name="T1">Vers. 16</text:span></text:a><text:span text:style-name="T1"> - em conformidade com o evangelho que Paulo pregava. O capítulo todo mostra que quanto mais luz uma pessoa tem, maior o castigo se ela não aceitar o dom de Deus. As pessoas dizem &quot;sim, mas e os pagãos?&quot;. Este capítulo coloca as coisas nos seus devidos lugares. Devíamos dizer a uma pessoa assim, &quot;mas e você?&quot;</text:span></text:p><text:p text:style-name="P6"/><text:p text:style-name="P6"><text:a xlink:type="simple" xlink:href="https://mysword.info/b?r=Rom_2:17-29" text:style-name="Internet_20_link" text:visited-style-name="Visited_20_Internet_20_Link"><text:span text:style-name="T1">Rm 2:17</text:span></text:a><text:span text:style-name="T1">-final Os Judeus - eles eram muito mais responsáveis porque Deus lhes havia dado a lei, a Sua palavra.</text:span></text:p><text:p text:style-name="P6"/><text:h text:style-name="P1" text:outline-level="2"><text:bookmark text:name="__RefHeading___Toc1091_1280209449"/>#055</text:h><text:p text:style-name="P6"/><text:p text:style-name="P7">Com freqüência levamos as coisas até as mãos do Senhor, mas não até o Seu coração que move Suas mãos.</text:p><text:p text:style-name="P6"/><text:h text:style-name="P2" text:outline-level="2"><text:bookmark text:name="__RefHeading___Toc1093_1280209449"/><text:a xlink:type="simple" xlink:href="https://mysword.info/b?r=Rom_3" text:style-name="Internet_20_link" text:visited-style-name="Visited_20_Internet_20_Link"><text:span text:style-name="T1">ROMANOS 3</text:span></text:a></text:h><text:p text:style-name="P6"/><text:p text:style-name="P6"><text:span text:style-name="T1">O assunto do pecado continua. Deus está provando que o pecado está em todos. Todos pecaram (</text:span><text:a xlink:type="simple" xlink:href="https://mysword.info/b?r=Rom_3:23" text:style-name="Internet_20_link" text:visited-style-name="Visited_20_Internet_20_Link"><text:span text:style-name="T1">vers. 23</text:span></text:a><text:span text:style-name="T1">) seja Judeu ou Gentio - não há diferença (</text:span><text:a xlink:type="simple" xlink:href="https://mysword.info/b?r=Rom_3:22" text:style-name="Internet_20_link" text:visited-style-name="Visited_20_Internet_20_Link"><text:span text:style-name="T1">vers. 22</text:span></text:a><text:span text:style-name="T1">).</text:span></text:p><text:p text:style-name="P6"/><text:p text:style-name="P6"><text:a xlink:type="simple" xlink:href="http://mysword.info/b?r=Rom_3:10-18" text:style-name="Internet_20_link" text:visited-style-name="Visited_20_Internet_20_Link"><text:span text:style-name="T1">Rm 3:10-18</text:span></text:a><text:span text:style-name="T1"> Tirados de sete diferentes passagens do Antigo Testamento, estes versículos provam que toda a raça humana, em todas as épocas, se apresenta como culpada diante de um Deus santo. (Paulo deve ter lido cuidadosamente o Antigo Testamento).</text:span></text:p><text:p text:style-name="P6"/><text:p text:style-name="P6"><text:a xlink:type="simple" xlink:href="http://mysword.info/b?r=Rom_3:21-" text:style-name="Internet_20_link" text:visited-style-name="Visited_20_Internet_20_Link"><text:span text:style-name="T1">Rm 3:21-</text:span></text:a><text:span text:style-name="T1">final Um grande &quot;MAS&quot;, e Deus mostra aqui o grande contraste. Ele nos dá uma Pessoa - Seu Filho amado - para nos adquirir de volta - (nos redimir) para Ele.</text:span></text:p><text:p text:style-name="P6"/><text:p text:style-name="P6"><text:a xlink:type="simple" xlink:href="http://mysword.info/b?r=Rom_3:9" text:style-name="Internet_20_link" text:visited-style-name="Visited_20_Internet_20_Link"><text:span text:style-name="T1">Rm 3:9</text:span></text:a><text:span text:style-name="T1"> Todos estão debaixo do pecado, mas o Senhor Jesus foi feito pecado por nós, </text:span><text:a xlink:type="simple" xlink:href="http://mysword.info/b?r=2Co_5:21" text:style-name="Internet_20_link" text:visited-style-name="Visited_20_Internet_20_Link"><text:span text:style-name="T1">2 Co 5:21</text:span></text:a><text:span text:style-name="T1">. Veja também 1 Pd </text:span><text:a xlink:type="simple" xlink:href="http://mysword.info/b?r=1Pe_2:24" text:style-name="Internet_20_link" text:visited-style-name="Visited_20_Internet_20_Link"><text:span text:style-name="T1">2:24</text:span></text:a><text:span text:style-name="T1">. Que grande foi o preço para eliminar o pecado!</text:span></text:p><text:p text:style-name="P6"/><text:h text:style-name="P1" text:outline-level="2"><text:bookmark text:name="__RefHeading___Toc1095_1280209449"/>#056</text:h><text:p text:style-name="P6"/><text:p text:style-name="P7">Quanto mais perto eu estiver do coração de Cristo, maior calor terá o meu próprio coração... para com Ele... e para com os outros!</text:p><text:p text:style-name="P6"/><text:h text:style-name="P2" text:outline-level="2"><text:bookmark text:name="__RefHeading___Toc1097_1280209449"/><text:a xlink:type="simple" xlink:href="https://mysword.info/b?r=Rom_4" text:style-name="Internet_20_link" text:visited-style-name="Visited_20_Internet_20_Link"><text:span text:style-name="T1">ROMANOS 4</text:span></text:a></text:h><text:p text:style-name="P6"/><text:p text:style-name="P7">Hoje uma outra palavra começa a ser usada com grande destaque, &quot;fé&quot;, que significa &quot;crer, acreditar&quot;. Mas sempre (no Novo Testamento) relacionada a Deus, ou Cristo ou a coisas espirituais. Os pecadores só podem ser limpos de seus pecados pela fé. Nunca por obras.</text:p><text:p text:style-name="P6"/><text:p text:style-name="P6"><text:a xlink:type="simple" xlink:href="http://mysword.info/b?r=Rom_4:1" text:style-name="Internet_20_link" text:visited-style-name="Visited_20_Internet_20_Link"><text:span text:style-name="T1">Rm 4:1</text:span></text:a><text:span text:style-name="T1"> Abraão é apresentado como o maior exemplo de fé. Ele creu em Deus.</text:span></text:p><text:p text:style-name="P6"/><text:p text:style-name="P6"><text:a xlink:type="simple" xlink:href="http://mysword.info/b?r=Rom_4:2-8" text:style-name="Internet_20_link" text:visited-style-name="Visited_20_Internet_20_Link"><text:span text:style-name="T1">Rm 4:2-8</text:span></text:a><text:span text:style-name="T1"> A fé em Deus é algo totalmente diferente do fazer boas obras. Estas jamais podem salvar uma pessoa.</text:span></text:p><text:p text:style-name="P6"/><text:p text:style-name="P6"><text:a xlink:type="simple" xlink:href="http://mysword.info/b?r=Rom_4:9-22" text:style-name="Internet_20_link" text:visited-style-name="Visited_20_Internet_20_Link"><text:span text:style-name="T1">Rm 4:9-22</text:span></text:a><text:span text:style-name="T1"> Abraão recebeu, de Deus, promessas de bênção antes que houvesse uma nação Judaica (portanto estas promessas não dependem da lei, mas da fé - de crer em Deus.</text:span></text:p><text:p text:style-name="P6"/><text:p text:style-name="P6"><text:a xlink:type="simple" xlink:href="http://mysword.info/b?r=Rom_4:23-25" text:style-name="Internet_20_link" text:visited-style-name="Visited_20_Internet_20_Link"><text:span text:style-name="T1">Rm 4:23-25</text:span></text:a><text:span text:style-name="T1"> O mesmo se refere a nós. Somente a fé (crer) na obra de de Cristo salva nossa alma.</text:span></text:p><text:p text:style-name="P6"/><text:h text:style-name="P1" text:outline-level="2"><text:bookmark text:name="__RefHeading___Toc1099_1280209449"/>#057</text:h><text:p text:style-name="P6"/><text:p text:style-name="P7">Se eu estiver procurando por gozo, nunca vou encontrá-lo, mas se estou desejoso de conhecer melhor a Cristo, encontrarei gozo, paz e contentamento.</text:p><text:p text:style-name="P6"/><text:h text:style-name="P2" text:outline-level="2"><text:bookmark text:name="__RefHeading___Toc1101_1280209449"/><text:a xlink:type="simple" xlink:href="https://mysword.info/b?r=Rom_5" text:style-name="Internet_20_link" text:visited-style-name="Visited_20_Internet_20_Link"><text:span text:style-name="T1">ROMANOS 5</text:span></text:a></text:h><text:p text:style-name="P6"/><text:p text:style-name="P6"><text:a xlink:type="simple" xlink:href="http://mysword.info/b?r=Rom_5:1-2" text:style-name="Internet_20_link" text:visited-style-name="Visited_20_Internet_20_Link"><text:span text:style-name="T1">Rm 5:1-2</text:span></text:a><text:span text:style-name="T1"> &quot;Portanto&quot; - que linda palavra! Que paz invade nosso coração. Através de Cristo, nós, pecadores perdoados, somos elevados e introduzidos bem na glória de Deus.</text:span></text:p><text:p text:style-name="P6"/><text:p text:style-name="P6"><text:a xlink:type="simple" xlink:href="http://mysword.info/b?r=Rom_5:1-11" text:style-name="Internet_20_link" text:visited-style-name="Visited_20_Internet_20_Link"><text:span text:style-name="T1">Rm 5:1-11</text:span></text:a><text:span text:style-name="T1"> Nunca diga a um pecador para fazer sua paz com Deus (ou &quot;fazer as pazes&quot;). A paz foi feita na cruz do Calvário (</text:span><text:a xlink:type="simple" xlink:href="http://mysword.info/b?r=col_1:20" text:style-name="Internet_20_link" text:visited-style-name="Visited_20_Internet_20_Link"><text:span text:style-name="T1">Cl 1:20</text:span></text:a><text:span text:style-name="T1">). A paz se torna nossa pela fé.</text:span></text:p><text:p text:style-name="P6"/><text:p text:style-name="P6"><text:a xlink:type="simple" xlink:href="http://mysword.info/b?r=Rom_5:10" text:style-name="Internet_20_link" text:visited-style-name="Visited_20_Internet_20_Link"><text:span text:style-name="T1">Rm 5:10</text:span></text:a><text:span text:style-name="T1"> Repare nos dois aspectos da Salvação que vem de Deus. Em um aspecto (o passado), ela veio através da morte do Senhor Jesus. No outro aspecto (o presente) ela é por intermédio da vida do Senhor Jesus agora. Até o final do </text:span><text:a xlink:type="simple" xlink:href="https://mysword.info/b?r=Rom_5" text:style-name="Internet_20_link" text:visited-style-name="Visited_20_Internet_20_Link"><text:span text:style-name="T1">versículo 11</text:span></text:a><text:span text:style-name="T1"> o assunto tem sido os &quot;pecados&quot; (e não o &quot;pecado&quot;). Mas a partir do </text:span><text:a xlink:type="simple" xlink:href="https://mysword.info/b?r=Rom_5" text:style-name="Internet_20_link" text:visited-style-name="Visited_20_Internet_20_Link"><text:span text:style-name="T1">versículo 12</text:span></text:a><text:span text:style-name="T1"> é falado do &quot;pecado&quot;. O &quot;pecado&quot; é a natureza caída; os &quot;pecados&quot; são os Atos desta natureza. O &quot;pecado&quot; é a raiz; os &quot;pecados&quot; compõem o fruto.</text:span></text:p><text:p text:style-name="P6"/><text:p text:style-name="P6"><text:a xlink:type="simple" xlink:href="http://mysword.info/b?r=Rom_5:12-21" text:style-name="Internet_20_link" text:visited-style-name="Visited_20_Internet_20_Link"><text:span text:style-name="T1">Rm 5:12-21</text:span></text:a><text:span text:style-name="T1"> Adão era uma figura da velha vida. Cristo é a nova vida. Cada um é cabeça de uma família. Todos nós nascemos uma vez dentro da família de Adão. Devemos nascer de novo na família de Cristo. &quot;Pecado&quot;, &quot;transgressão&quot;, &quot;desobediência&quot;, &quot;condenação&quot; e &quot;morte&quot; aparecem em contraste (em oposição) a &quot;justiça&quot;, &quot;justificação&quot; e &quot;obediência&quot;. Estamos todos em uma ou outra posição.</text:span></text:p><text:p text:style-name="P6"/><text:p text:style-name="P6"><text:a xlink:type="simple" xlink:href="http://mysword.info/b?r=Rom_5:21" text:style-name="Internet_20_link" text:visited-style-name="Visited_20_Internet_20_Link"><text:span text:style-name="T1">Rm 5:21</text:span></text:a><text:span text:style-name="T1"> O pecado é como um rei. Como um senhor de escravos. Éramos escravos. O pecado é um poder fora de nós. É um inimigo. O mundo hoje, separado de Cristo, está sob o poder ou controle do pecado. Cristo teve que descer e vencer o pecado em seu próprio território (</text:span><text:a xlink:type="simple" xlink:href="http://mysword.info/b?r=Rom_8:3" text:style-name="Internet_20_link" text:visited-style-name="Visited_20_Internet_20_Link"><text:span text:style-name="T1">Rm 8:3</text:span></text:a><text:span text:style-name="T1">). Se você está em Cristo (se é um crente nEle) você entrou nesta vitória, e está liberto desse terrível poder do pecado - (</text:span><text:a xlink:type="simple" xlink:href="http://mysword.info/b?r=Rom_6:18" text:style-name="Internet_20_link" text:visited-style-name="Visited_20_Internet_20_Link"><text:span text:style-name="T1">Rm 6:18</text:span></text:a><text:span text:style-name="T1">; </text:span><text:a xlink:type="simple" xlink:href="http://mysword.info/b?r=Rom_7:24-25" text:style-name="Internet_20_link" text:visited-style-name="Visited_20_Internet_20_Link"><text:span text:style-name="T1">7:24-25</text:span></text:a><text:span text:style-name="T1">). Mas agora a &quot;graça&quot; é o rei. A graça reina! Todavia ainda não estamos livres da presença do pecado. Este assunto será tratado amanhã. O </text:span><text:a xlink:type="simple" xlink:href="https://mysword.info/b?r=Rom_5" text:style-name="Internet_20_link" text:visited-style-name="Visited_20_Internet_20_Link"><text:span text:style-name="T1">capítulo 5</text:span></text:a><text:span text:style-name="T1"> nos fala do que temos por intermédio de Cristo. O </text:span><text:a xlink:type="simple" xlink:href="https://mysword.info/b?r=Rom_6" text:style-name="Internet_20_link" text:visited-style-name="Visited_20_Internet_20_Link"><text:span text:style-name="T1">capítulo 6</text:span></text:a><text:span text:style-name="T1"> do que somos em Cristo.</text:span></text:p><text:p text:style-name="P6"/><text:h text:style-name="P1" text:outline-level="2"><text:bookmark text:name="__RefHeading___Toc1103_1280209449"/>#058</text:h><text:p text:style-name="P6"/><text:p text:style-name="P7">Sua santidade fez dEle um estranho em um mundo poluído; Sua graça O manteve sempre ativo neste mundo necessitado.</text:p><text:p text:style-name="P6"/><text:h text:style-name="P2" text:outline-level="2"><text:bookmark text:name="__RefHeading___Toc1105_1280209449"/><text:a xlink:type="simple" xlink:href="https://mysword.info/b?r=Rom_6" text:style-name="Internet_20_link" text:visited-style-name="Visited_20_Internet_20_Link"><text:span text:style-name="T1">ROMANOS 6</text:span></text:a></text:h><text:p text:style-name="P6"/><text:p text:style-name="P6"><text:span text:style-name="T1">Nesta vida, o pecado está sempre tentando voltar a controlar o crente. E agora vamos aprender como tratar dessa séria situação. É descrito como um conflito. Alguns poderiam dizer que se uma pessoa estivesse nesta maravilhosa posição de salvação, o pecado já não importaria, mas importa, como nos diz o </text:span><text:a xlink:type="simple" xlink:href="https://mysword.info/b?r=Rom_6:12" text:style-name="Internet_20_link" text:visited-style-name="Visited_20_Internet_20_Link"><text:span text:style-name="T1">versículo 12</text:span></text:a><text:span text:style-name="T1">.</text:span></text:p><text:p text:style-name="P6"/><text:p text:style-name="P6"><text:a xlink:type="simple" xlink:href="http://mysword.info/b?r=Rom_6:1" text:style-name="Internet_20_link" text:visited-style-name="Visited_20_Internet_20_Link"><text:span text:style-name="T1">Rm 6:1</text:span></text:a><text:span text:style-name="T1"> Ele repete aqui o que outros haviam dito tentando acusá-lo de erro (</text:span><text:a xlink:type="simple" xlink:href="http://mysword.info/b?r=Rom_3:8" text:style-name="Internet_20_link" text:visited-style-name="Visited_20_Internet_20_Link"><text:span text:style-name="T1">Rm 3:8</text:span></text:a><text:span text:style-name="T1">). Portanto Paulo explica cuidadosamente este assunto tão importante.</text:span></text:p><text:p text:style-name="P6"/><text:p text:style-name="P6"><text:a xlink:type="simple" xlink:href="http://mysword.info/b?r=Rom_6:1-14" text:style-name="Internet_20_link" text:visited-style-name="Visited_20_Internet_20_Link"><text:span text:style-name="T1">Rm 6:1-14</text:span></text:a><text:span text:style-name="T1"> O crente morreu com Cristo, e possui uma nova vida em Jesus Cristo. A Palavra de Deus diz que estas coisas são fatos consumados. O </text:span><text:a xlink:type="simple" xlink:href="https://mysword.info/b?r=Rom_6:11" text:style-name="Internet_20_link" text:visited-style-name="Visited_20_Internet_20_Link"><text:span text:style-name="T1">versículo 11</text:span></text:a><text:span text:style-name="T1"> nos diz para acreditarmos nisto. Se a vida de um verdadeiro cristão não demonstra que ele crê nisto, ele pode não perder sua salvação, mas não irá desfrutar de crescimento em sua alma. Se ele crê no que Deus diz, então não irá alimentar aquela velha natureza.</text:span></text:p><text:p text:style-name="P6"/><text:p text:style-name="P6"><text:a xlink:type="simple" xlink:href="http://mysword.info/b?r=Rom_6:15-23" text:style-name="Internet_20_link" text:visited-style-name="Visited_20_Internet_20_Link"><text:span text:style-name="T1">Rm 6:15-23</text:span></text:a><text:span text:style-name="T1"> Os crentes são servos de Deus. Um novo Mestre tomou o lugar do pecado. O pecado era um mestre na velha vida, e exigia uma vida vergonhosa. Será que você entende que nestes versículos se encontra o segredo do poder para se viver uma vida pura?</text:span></text:p><text:p text:style-name="P6"/><text:p text:style-name="P6"><text:a xlink:type="simple" xlink:href="http://mysword.info/b?r=Rom_6:23" text:style-name="Internet_20_link" text:visited-style-name="Visited_20_Internet_20_Link"><text:span text:style-name="T1">Rm 6:23</text:span></text:a><text:span text:style-name="T1"> O pecado recebe salário - a morte. Mas a alternativa é um presente - a vida eterna - por meio de Jesus Cristo nosso Senhor. No </text:span><text:a xlink:type="simple" xlink:href="https://mysword.info/b?r=Rom_5" text:style-name="Internet_20_link" text:visited-style-name="Visited_20_Internet_20_Link"><text:span text:style-name="T1">capítulo 5</text:span></text:a><text:span text:style-name="T1"> há duas cabeças de famílias (Adão e Cristo). No </text:span><text:a xlink:type="simple" xlink:href="https://mysword.info/b?r=Rom_6" text:style-name="Internet_20_link" text:visited-style-name="Visited_20_Internet_20_Link"><text:span text:style-name="T1">capítulo 6</text:span></text:a><text:span text:style-name="T1"> há dois mestres e no </text:span><text:a xlink:type="simple" xlink:href="https://mysword.info/b?r=Rom_7" text:style-name="Internet_20_link" text:visited-style-name="Visited_20_Internet_20_Link"><text:span text:style-name="T1">capítulo 7</text:span></text:a><text:span text:style-name="T1"> há dois maridos.</text:span></text:p><text:p text:style-name="P6"/><text:h text:style-name="P1" text:outline-level="2"><text:bookmark text:name="__RefHeading___Toc1107_1280209449"/>#059 </text:h><text:p text:style-name="P6"/><text:p text:style-name="P7">Estou em Cristo nas alturas... Cristo está em mim aqui... é isto o que constitui o poder para minha vida.</text:p><text:p text:style-name="P6"/><text:h text:style-name="P2" text:outline-level="2"><text:bookmark text:name="__RefHeading___Toc1109_1280209449"/><text:a xlink:type="simple" xlink:href="https://mysword.info/b?r=Rom_7:1-6" text:style-name="Internet_20_link" text:visited-style-name="Visited_20_Internet_20_Link"><text:span text:style-name="T1">ROMANOS 7 vers. 1-6</text:span></text:a></text:h><text:p text:style-name="P6"/><text:p text:style-name="P6"><text:a xlink:type="simple" xlink:href="http://mysword.info/b?r=Rom_7:1-6" text:style-name="Internet_20_link" text:visited-style-name="Visited_20_Internet_20_Link"><text:span text:style-name="T1">Rm 7:1-6</text:span></text:a><text:span text:style-name="T1"> Paulo usa a figura de uma mulher casada com um homem. Se ele morresse, ela estava livre para se casar com outro. (O marido é uma figura da lei, a esposa é uma figura de uma pessoa). A lei só tem poder sobre o crente enquanto ele vive e a lei não pode morrer; então como pode esta união ser quebrada? O crente morre! Portanto a lei (o antigo marido) já não tem poder sobre aquele que está morto. Uma pessoa que aceita a Cristo como seu Salvador já morreu com Cristo (</text:span><text:a xlink:type="simple" xlink:href="http://mysword.info/b?r=Rom_6:8" text:style-name="Internet_20_link" text:visited-style-name="Visited_20_Internet_20_Link"><text:span text:style-name="T1">6:8</text:span></text:a><text:span text:style-name="T1">). Mas Cristo ressuscitou de entre os mortos, nós crentes estamos agora unidos a Ele. Não podemos ter dois maridos ao mesmo tempo. Hoje vamos ler apenas estes 6 versículos. A maior parte dos crente nunca os entende. Existe muito ensino errado sobre o que eles significam. Não espere entender lendo rapidamente. Leia e releia, até você assimilá-los! O crente é o que morre!</text:span></text:p><text:p text:style-name="P6"/><text:h text:style-name="P1" text:outline-level="2"><text:bookmark text:name="__RefHeading___Toc1111_1280209449"/>#060</text:h><text:p text:style-name="P6"/><text:p text:style-name="P7">Não posso ter Cristo como o centro de minha vida se Ele não for o centro de meus pensamentos.</text:p><text:p text:style-name="P6"/><text:h text:style-name="P2" text:outline-level="2"><text:bookmark text:name="__RefHeading___Toc1113_1280209449"/><text:a xlink:type="simple" xlink:href="https://mysword.info/b?r=Rom_7:7-25" text:style-name="Internet_20_link" text:visited-style-name="Visited_20_Internet_20_Link"><text:span text:style-name="T1">ROMANOS 7 vers. 7-25</text:span></text:a></text:h><text:p text:style-name="P6"/><text:p text:style-name="P6"><text:a xlink:type="simple" xlink:href="http://mysword.info/b?r=Rom_7:7-25" text:style-name="Internet_20_link" text:visited-style-name="Visited_20_Internet_20_Link"><text:span text:style-name="T1">Rm 7:7-25</text:span></text:a><text:span text:style-name="T1"> Em </text:span><text:a xlink:type="simple" xlink:href="http://mysword.info/b?r=Php_3:6" text:style-name="Internet_20_link" text:visited-style-name="Visited_20_Internet_20_Link"><text:span text:style-name="T1">Fp 3:6</text:span></text:a><text:span text:style-name="T1"> Paulo havia dito que, naquilo que dizia respeito à lei, ele era irrepreensível. Aquilo foi antes de ele se tornar um homem salvo. Mas aqui, como um homem salvo, ele está pensando no pecado de um modo diferente. Ele descobriu que queria fazer o bem, mas não tinha o poder para fazê-lo. Ele descobriu que em sua velha vida (velha natureza) ele era completamente mau (</text:span><text:a xlink:type="simple" xlink:href="http://mysword.info/b?r=Rom_7:18" text:style-name="Internet_20_link" text:visited-style-name="Visited_20_Internet_20_Link"><text:span text:style-name="T1">vers. 18</text:span></text:a><text:span text:style-name="T1">). Aqui Paulo tinha a idéia errada de que sua nova natureza poderia vencer a velha natureza e mantê-la subjugada.</text:span></text:p><text:p text:style-name="P6"/><text:p text:style-name="P6"><text:a xlink:type="simple" xlink:href="http://mysword.info/b?r=Rom_7:24" text:style-name="Internet_20_link" text:visited-style-name="Visited_20_Internet_20_Link"><text:span text:style-name="T1">Rm 7:24</text:span></text:a><text:span text:style-name="T1"> Mas isso não era possível. Ele clama por auxílio. Ele entende que precisa de um poder que está fora de si mesmo. Somente Deus podia fazer isso por ele.</text:span></text:p><text:p text:style-name="P6"/><text:p text:style-name="P6"><text:a xlink:type="simple" xlink:href="http://mysword.info/b?r=Rom_7:25" text:style-name="Internet_20_link" text:visited-style-name="Visited_20_Internet_20_Link"><text:span text:style-name="T1">Rm 7:25</text:span></text:a><text:span text:style-name="T1"> Mas há outro clamor. Desta vez vindo de seu coração. Desta vez um brado de alívio e triunfo, e ele sabe que foi ouvido. Ele agradece Àquele que veio em seu socorro, a Deus que lhe havia dado a vitória por meio de Jesus Cristo nosso Senhor. Nada é mais importante para nós como crentes do que aprender isto para nós mesmos. Não saia destes dois capítulos (</text:span><text:a xlink:type="simple" xlink:href="https://mysword.info/b?r=Rom_6" text:style-name="Internet_20_link" text:visited-style-name="Visited_20_Internet_20_Link"><text:span text:style-name="T1">6</text:span></text:a><text:span text:style-name="T1"> e </text:span><text:a xlink:type="simple" xlink:href="https://mysword.info/b?r=Rom_7" text:style-name="Internet_20_link" text:visited-style-name="Visited_20_Internet_20_Link"><text:span text:style-name="T1">7</text:span></text:a><text:span text:style-name="T1">) até enxergar isto. A carne, por melhor e mais refinada que seja, irá nos arrastar para a derrota e para a rendição ao pecado. Mas quando nos rendemos a Cristo, Ele tem a vitória, e todo o crédito (a glória) vai para Ele.</text:span></text:p><text:p text:style-name="P6"/><text:h text:style-name="P1" text:outline-level="2"><text:bookmark text:name="__RefHeading___Toc1115_1280209449"/>#061</text:h><text:p text:style-name="P6"/><text:p text:style-name="P7">O Sacerdote, Cristo, vai a Deus por nós... e nós vamos ao Sacerdote.</text:p><text:p text:style-name="P6"/><text:h text:style-name="P2" text:outline-level="2"><text:bookmark text:name="__RefHeading___Toc1117_1280209449"/><text:a xlink:type="simple" xlink:href="https://mysword.info/b?r=Rom_8:1-17" text:style-name="Internet_20_link" text:visited-style-name="Visited_20_Internet_20_Link"><text:span text:style-name="T1">ROMANOS 8, vers. 1-17</text:span></text:a></text:h><text:p text:style-name="P6"/><text:p text:style-name="P6"><text:span text:style-name="T1">O </text:span><text:a xlink:type="simple" xlink:href="https://mysword.info/b?r=Rom_7" text:style-name="Internet_20_link" text:visited-style-name="Visited_20_Internet_20_Link"><text:span text:style-name="T1">capítulo 7</text:span></text:a><text:span text:style-name="T1"> foi todo de fraqueza e derrota e todo acerca do &quot;Eu, mim, ou meu&quot; (mencionado 47 vezes na versão inglesa), enquanto Cristo foi mencionado duas vezes. O Espírito Santo nem chega a ser mencionado. Este capítulo está saturado do Espírito. O Espírito Santo é mencionado 18 vezes, Cristo 13 vezes e &quot;eu, me ou meu&quot; três vezes! (referências ao original em inglês). A lei não poderia libertar o homem do poder do pecado. Mas Deus fez isto enviando Seu Filho ao mundo para morrer na cruz. Pela morte de Jesus, Satanás, o pecado e a morte foram vencidos.</text:span></text:p><text:p text:style-name="P6"/><text:p text:style-name="P6"><text:a xlink:type="simple" xlink:href="http://mysword.info/b?r=Rom_8:1-4" text:style-name="Internet_20_link" text:visited-style-name="Visited_20_Internet_20_Link"><text:span text:style-name="T1">Rm 8:1-4</text:span></text:a><text:span text:style-name="T1"> A base da obra do Espírito está na cruz de Cristo. E este deve ser nosso tema de louvor na eternidade. O Espírito de Deus quer que pensemos em Cristo cada vez mais.</text:span></text:p><text:p text:style-name="P6"/><text:p text:style-name="P6"><text:a xlink:type="simple" xlink:href="http://mysword.info/b?r=Rom_8:5-13" text:style-name="Internet_20_link" text:visited-style-name="Visited_20_Internet_20_Link"><text:span text:style-name="T1">Rm 8:5-13</text:span></text:a><text:span text:style-name="T1"> O Espírito aparece em contraste com a carne. Aqueles que são do Senhor devem viver de modo diferente daqueles que não conhecem o Senhor. A carne luta contra nossa nova vida o tempo todo, mas a vida em Cristo nos leva a novos interesses e temos um objetivo na vida... agradar ao Senhor. A nova vida só quer fazer isto. A carne nunca compreende isto porque não compreende Deus.</text:span></text:p><text:p text:style-name="P6"/><text:p text:style-name="P6"><text:a xlink:type="simple" xlink:href="http://mysword.info/b?r=Rom_8:14-17" text:style-name="Internet_20_link" text:visited-style-name="Visited_20_Internet_20_Link"><text:span text:style-name="T1">Rm 8:14-17</text:span></text:a><text:span text:style-name="T1"> O Espírito nos torna seguros de que somos filhos de Deus.</text:span></text:p><text:p text:style-name="P6"/><text:h text:style-name="P1" text:outline-level="2"><text:bookmark text:name="__RefHeading___Toc1119_1280209449"/>#062</text:h><text:p text:style-name="P6"/><text:p text:style-name="P6"><text:span text:style-name="T1">Somos em Cristo uma herança de glória (</text:span><text:a xlink:type="simple" xlink:href="http://mysword.info/b?r=Rom_8:17" text:style-name="Internet_20_link" text:visited-style-name="Visited_20_Internet_20_Link"><text:span text:style-name="T1">Rm 8:17</text:span></text:a><text:span text:style-name="T1">), a esperança da glória (</text:span><text:a xlink:type="simple" xlink:href="http://mysword.info/b?r=col_1:27" text:style-name="Internet_20_link" text:visited-style-name="Visited_20_Internet_20_Link"><text:span text:style-name="T1">Cl 1:27</text:span></text:a><text:span text:style-name="T1">).</text:span></text:p><text:p text:style-name="P6"/><text:h text:style-name="P2" text:outline-level="2"><text:bookmark text:name="__RefHeading___Toc1121_1280209449"/><text:a xlink:type="simple" xlink:href="https://mysword.info/b?r=Rom_8:18-39" text:style-name="Internet_20_link" text:visited-style-name="Visited_20_Internet_20_Link"><text:span text:style-name="T1">ROMANOS 8, Vers. 18-final</text:span></text:a></text:h><text:p text:style-name="P6"/><text:p text:style-name="P6"><text:a xlink:type="simple" xlink:href="http://mysword.info/b?r=Rom_8:18-25" text:style-name="Internet_20_link" text:visited-style-name="Visited_20_Internet_20_Link"><text:span text:style-name="T1">Rm 8:18-25</text:span></text:a><text:span text:style-name="T1"> O Espírito nos assegura da glória vindoura. Se estivermos desfrutando deste fato, então os problemas presentes pelos quais passamos não nos incomodarão.</text:span></text:p><text:p text:style-name="P6"/><text:p text:style-name="P6"><text:a xlink:type="simple" xlink:href="http://mysword.info/b?r=Rom_8:26-27" text:style-name="Internet_20_link" text:visited-style-name="Visited_20_Internet_20_Link"><text:span text:style-name="T1">Rm 8:26-27</text:span></text:a><text:span text:style-name="T1"> O Espírito Santo intercede (ora) por nós. Às vezes não sabemos como orar e apenas gememos. O Espírito Santo transforma esses gemidos em palavras diante de Deus!</text:span></text:p><text:p text:style-name="P6"/><text:p text:style-name="P6"><text:a xlink:type="simple" xlink:href="http://mysword.info/b?r=Rom_8:28-30" text:style-name="Internet_20_link" text:visited-style-name="Visited_20_Internet_20_Link"><text:span text:style-name="T1">Rm 8:28-30</text:span></text:a><text:span text:style-name="T1"> O Espírito Santo executa o plano de Deus. Estes versículos se aplicam a todos os crentes. Pois todos os crentes amam a Deus. E Deus está gradualmente guiando todos os crentes em conformidade com Seus propósitos. Se entendemos que Seu amor para conosco nunca muda, estamos bem no caminho de entendermos estas outras coisas.</text:span></text:p><text:p text:style-name="P6"/><text:p text:style-name="P6"><text:a xlink:type="simple" xlink:href="http://mysword.info/b?r=Rom_8:31-39" text:style-name="Internet_20_link" text:visited-style-name="Visited_20_Internet_20_Link"><text:span text:style-name="T1">Rm 8:31-39</text:span></text:a><text:span text:style-name="T1"> Que arrebatamento de adoração e ações de graças. Com este capítulo terminam os grandes ensinos sobre a salvação. Se você tiver tempo, valeria a pena ler estes oito capítulos junto com estes esboços. Estes capítulos são o fundamento do Cristianismo.</text:span></text:p><text:p text:style-name="P6"/><text:h text:style-name="P1" text:outline-level="2"><text:bookmark text:name="__RefHeading___Toc1123_1280209449"/>#063 </text:h><text:p text:style-name="P6"/><text:p text:style-name="P7">Se não conheço a Cristo, de nada importa conhecer todas as outras coisas... mas se conheço a Cristo, de nada importa se eu não conhecer todas as outras coisas.</text:p><text:p text:style-name="P6"/><text:h text:style-name="P2" text:outline-level="2"><text:bookmark text:name="__RefHeading___Toc1125_1280209449"/><text:a xlink:type="simple" xlink:href="https://mysword.info/b?r=Rom_9" text:style-name="Internet_20_link" text:visited-style-name="Visited_20_Internet_20_Link"><text:span text:style-name="T1">ROMANOS 9</text:span></text:a></text:h><text:p text:style-name="P6"/><text:p text:style-name="P6"><text:span text:style-name="T1">Deus fala agora dos Judeus. Israel era originalmente para ter sido o grupo missionário aos Gentios (</text:span><text:a xlink:type="simple" xlink:href="http://mysword.info/b?r=Isa_42:6" text:style-name="Internet_20_link" text:visited-style-name="Visited_20_Internet_20_Link"><text:span text:style-name="T1">Is 42:6</text:span></text:a><text:span text:style-name="T1">). E quando o há muito prometido Messias (Jesus) veio, Israel O crucificou! Paulo divide este assunto todo em três partes. </text:span><text:a xlink:type="simple" xlink:href="https://mysword.info/b?r=Rom_9" text:style-name="Internet_20_link" text:visited-style-name="Visited_20_Internet_20_Link"><text:span text:style-name="T1">Capítulo 9</text:span></text:a><text:span text:style-name="T1"> - primeira parte. Israel foi escolhido no passado para ser ricamente abençoado. Não foi por serem bons que foram escolhidos. Eles falharam totalmente - mataram Aquele que veio ao mundo para abençoá-los! </text:span><text:a xlink:type="simple" xlink:href="https://mysword.info/b?r=Isa_10" text:style-name="Internet_20_link" text:visited-style-name="Visited_20_Internet_20_Link"><text:span text:style-name="T1">Capítulo 10</text:span></text:a><text:span text:style-name="T1"> - Israel no presente. A nação é deixada de lado. </text:span><text:a xlink:type="simple" xlink:href="https://mysword.info/b?r=Rom_11" text:style-name="Internet_20_link" text:visited-style-name="Visited_20_Internet_20_Link"><text:span text:style-name="T1">Capítulo 11</text:span></text:a><text:span text:style-name="T1"> - no futuro (após a igreja ter sido levada para o céu), Deus irá voltar a reunir Israel. Assim o passado, presente e futuro estão nos </text:span><text:a xlink:type="simple" xlink:href="https://mysword.info/b?r=Rom_9" text:style-name="Internet_20_link" text:visited-style-name="Visited_20_Internet_20_Link"><text:span text:style-name="T1">capítulos 9</text:span></text:a><text:span text:style-name="T1">, </text:span><text:a xlink:type="simple" xlink:href="https://mysword.info/b?r=Rom_10" text:style-name="Internet_20_link" text:visited-style-name="Visited_20_Internet_20_Link"><text:span text:style-name="T1">10</text:span></text:a><text:span text:style-name="T1"> e </text:span><text:a xlink:type="simple" xlink:href="https://mysword.info/b?r=Rom_11" text:style-name="Internet_20_link" text:visited-style-name="Visited_20_Internet_20_Link"><text:span text:style-name="T1">11</text:span></text:a><text:span text:style-name="T1">.</text:span></text:p><text:p text:style-name="P6"/><text:p text:style-name="P6"><text:a xlink:type="simple" xlink:href="http://mysword.info/b?r=Rom_9:1-5" text:style-name="Internet_20_link" text:visited-style-name="Visited_20_Internet_20_Link"><text:span text:style-name="T1">Rm 9:1-5</text:span></text:a><text:span text:style-name="T1"> Paulo está com o coração partido porque a maioria dos Judeus está fora do lugar de bênção. Eles rejeitaram o Salvador, e não aceitam que alguém O siga. Repare nestes versículos como Paulo fala à semelhança do Senhor... ele andava tão perto do Senhor!</text:span></text:p><text:p text:style-name="P6"/><text:p text:style-name="P6"><text:a xlink:type="simple" xlink:href="http://mysword.info/b?r=Rom_9:6-13" text:style-name="Internet_20_link" text:visited-style-name="Visited_20_Internet_20_Link"><text:span text:style-name="T1">Rm 9:6-13</text:span></text:a><text:span text:style-name="T1"> No princípio da história de Israel, Deus escolheu um ramo de uma família para Seus propósitos especiais. O comportamento daquela pessoa não tinha nada a ver com o fato de ter sido escolhida. Os Judeus estavam argumentando que Deus tinha o dever de abençoá-los (</text:span><text:a xlink:type="simple" xlink:href="http://mysword.info/b?r=Luk_3:8" text:style-name="Internet_20_link" text:visited-style-name="Visited_20_Internet_20_Link"><text:span text:style-name="T1">Lc 3:8</text:span></text:a><text:span text:style-name="T1">, </text:span><text:a xlink:type="simple" xlink:href="http://mysword.info/b?r=Joh_8:33,39" text:style-name="Internet_20_link" text:visited-style-name="Visited_20_Internet_20_Link"><text:span text:style-name="T1">Jo 8:33,39</text:span></text:a><text:span text:style-name="T1">). Deste modo ele aponta para o fato de que apenas uma pessoa havia sido escolhida em uma família (</text:span><text:a xlink:type="simple" xlink:href="https://mysword.info/b?r=Rom_9:7" text:style-name="Internet_20_link" text:visited-style-name="Visited_20_Internet_20_Link"><text:span text:style-name="T1">vers. 7</text:span></text:a><text:span text:style-name="T1">). Deus não esperou para ver como Jacó seria antes de escolhê-lo (</text:span><text:a xlink:type="simple" xlink:href="http://mysword.info/b?r=Gen_25:23" text:style-name="Internet_20_link" text:visited-style-name="Visited_20_Internet_20_Link"><text:span text:style-name="T1">Gn 25:23</text:span></text:a><text:span text:style-name="T1">, </text:span><text:a xlink:type="simple" xlink:href="http://mysword.info/b?r=Mal_1:2" text:style-name="Internet_20_link" text:visited-style-name="Visited_20_Internet_20_Link"><text:span text:style-name="T1">Ml 1:2</text:span></text:a><text:span text:style-name="T1">).</text:span></text:p><text:p text:style-name="P6"/><text:p text:style-name="P6"><text:a xlink:type="simple" xlink:href="http://mysword.info/b?r=Rom_9:14-29" text:style-name="Internet_20_link" text:visited-style-name="Visited_20_Internet_20_Link"><text:span text:style-name="T1">Rm 9:14-29</text:span></text:a><text:span text:style-name="T1"> Ninguém pode dizer a Deus o que fazer. Paulo diz que Deus não pode ser chamado de injusto. Ele dá 3 razões.</text:span></text:p><text:p text:style-name="P6"/><text:p text:style-name="P6"><text:a xlink:type="simple" xlink:href="http://mysword.info/b?r=Rom_9:15-18" text:style-name="Internet_20_link" text:visited-style-name="Visited_20_Internet_20_Link"><text:span text:style-name="T1">Rm 9:15-18</text:span></text:a><text:span text:style-name="T1"> As Escrituras mostram que Deus é livre para fazer o que quiser.</text:span></text:p><text:p text:style-name="P6"/><text:p text:style-name="P6"><text:a xlink:type="simple" xlink:href="http://mysword.info/b?r=Rom_9:19-24" text:style-name="Internet_20_link" text:visited-style-name="Visited_20_Internet_20_Link"><text:span text:style-name="T1">Rm 9:19-24</text:span></text:a><text:span text:style-name="T1"> Seria o mesmo que se considerar igual a Deus, ao invés de uma de Suas criaturas.</text:span></text:p><text:p text:style-name="P6"/><text:p text:style-name="P6"><text:a xlink:type="simple" xlink:href="http://mysword.info/b?r=Rom_9:25-29" text:style-name="Internet_20_link" text:visited-style-name="Visited_20_Internet_20_Link"><text:span text:style-name="T1">Rm 9:25-29</text:span></text:a><text:span text:style-name="T1"> As próprias passagens do Antigo Testamento provam que Deus iria ter um pequeno remanescente (grupo) de Judeus crentes e que Seu amor e graça alcançariam os Gentios.</text:span></text:p><text:p text:style-name="P6"/><text:p text:style-name="P6"><text:a xlink:type="simple" xlink:href="http://mysword.info/b?r=Rom_9:30-33" text:style-name="Internet_20_link" text:visited-style-name="Visited_20_Internet_20_Link"><text:span text:style-name="T1">Rm 9:30-33</text:span></text:a><text:span text:style-name="T1"> Era conhecido das passagens do Antigo Testamento o fato de que Israel falharia miseravelmente e seria deixado de lado por Deus. Deus pode fazer o que quiser e se Ele os colocou de lado e introduziu os gentios na bênção, Ele jamais os abandonará. (Veremos isto no </text:span><text:a xlink:type="simple" xlink:href="https://mysword.info/b?r=Rom_11" text:style-name="Internet_20_link" text:visited-style-name="Visited_20_Internet_20_Link"><text:span text:style-name="T1">capítulo 11</text:span></text:a><text:span text:style-name="T1">). Os Gentios que crerem serão salvos. Os Judeus tentaram ganhar suas bênçãos através de suas próprias obras e perderam tudo. A própria Rocha em que tropeçaram era Aquele, o Único, que poderia tê-los salvo. Aquela Rocha era o Senhor Jesus Cristo.</text:span></text:p><text:p text:style-name="P6"/><text:h text:style-name="P1" text:outline-level="2"><text:bookmark text:name="__RefHeading___Toc1127_1280209449"/>#064</text:h><text:p text:style-name="P6"/><text:p text:style-name="P7">O crente entende que o bendito Filho de Deus tornou-Se um homem para poder ser julgado, sofrer e morrer pelo que crê.</text:p><text:p text:style-name="P6"/><text:h text:style-name="P2" text:outline-level="2"><text:bookmark text:name="__RefHeading___Toc1129_1280209449"/><text:a xlink:type="simple" xlink:href="https://mysword.info/b?r=Rom_10" text:style-name="Internet_20_link" text:visited-style-name="Visited_20_Internet_20_Link"><text:span text:style-name="T1">ROMANOS 10</text:span></text:a></text:h><text:p text:style-name="P6"/><text:p text:style-name="P6"><text:span text:style-name="T1">Paulo havia sido um Fariseu, e conhecia tudo a respeito da lei. Todavia, assim que foi salvo e passou a ser habitado pelo Espírito Santo (simultâneo - </text:span><text:a xlink:type="simple" xlink:href="http://mysword.info/b?r=Eph_1:13" text:style-name="Internet_20_link" text:visited-style-name="Visited_20_Internet_20_Link"><text:span text:style-name="T1">Ef 1:13</text:span></text:a><text:span text:style-name="T1">), ele passou a conhecer a completa rejeição dos Judeus para com Deus. (1) Eles rejeitaram Jeová; (2) rejeitaram o Cristo de Deus, que veio como o Messias e (3) rejeitaram a Deus, o Espírito Santo (</text:span><text:a xlink:type="simple" xlink:href="http://mysword.info/b?r=Act_7/" text:style-name="Internet_20_link" text:visited-style-name="Visited_20_Internet_20_Link"><text:span text:style-name="T1">At 7</text:span></text:a><text:span text:style-name="T1">).</text:span></text:p><text:p text:style-name="P6"/><text:p text:style-name="P6"><text:a xlink:type="simple" xlink:href="http://mysword.info/b?r=Rom_10:1-4" text:style-name="Internet_20_link" text:visited-style-name="Visited_20_Internet_20_Link"><text:span text:style-name="T1">Rm 10:1-4</text:span></text:a><text:span text:style-name="T1"> Os Judeus tinham um zelo (energia para servir) por Deus, mas não da maneira correta. Eles queriam estabelecer sua própria justiça. E pense só em quanta gente hoje está tentando fazer o melhor que pode.</text:span></text:p><text:p text:style-name="P6"/><text:p text:style-name="P6"><text:a xlink:type="simple" xlink:href="http://mysword.info/b?r=Rom_10:5-13" text:style-name="Internet_20_link" text:visited-style-name="Visited_20_Internet_20_Link"><text:span text:style-name="T1">Rm 10:5-13</text:span></text:a><text:span text:style-name="T1"> O evangelho é facilmente recebido e está aberto a todos.</text:span></text:p><text:p text:style-name="P6"/><text:p text:style-name="P6"><text:a xlink:type="simple" xlink:href="http://mysword.info/b?r=Rom_10:6-7" text:style-name="Internet_20_link" text:visited-style-name="Visited_20_Internet_20_Link"><text:span text:style-name="T1">Rm 10:6-7</text:span></text:a><text:span text:style-name="T1"> Ninguém precisa pensar que seja necessário percorrer uma longa distância (para o céu) ou descer ao abismo para receber a Cristo. A salvação está perto, pronta para qualquer um.</text:span></text:p><text:p text:style-name="P6"/><text:p text:style-name="P6"><text:a xlink:type="simple" xlink:href="http://mysword.info/b?r=Rom_10:8-13" text:style-name="Internet_20_link" text:visited-style-name="Visited_20_Internet_20_Link"><text:span text:style-name="T1">Rm 10:8-13</text:span></text:a><text:span text:style-name="T1"> Os lábios para falar, o coração para crer, isto é tudo o que é necessário de nossa parte.</text:span></text:p><text:p text:style-name="P6"/><text:p text:style-name="P6"><text:a xlink:type="simple" xlink:href="http://mysword.info/b?r=Rom_10:14-21" text:style-name="Internet_20_link" text:visited-style-name="Visited_20_Internet_20_Link"><text:span text:style-name="T1">Rm 10:14-21</text:span></text:a><text:span text:style-name="T1"> Deus deu aos Judeus todas as oportunidades, e fez tudo o que era possível. Existem quatro elos em uma corrente entre Deus e eles... os apóstolos.. a pregação... o ouvir... e a fé (crer). Mas eles quebraram a corrente, eles não iriam crer.</text:span></text:p><text:p text:style-name="P6"/><text:h text:style-name="P1" text:outline-level="2"><text:bookmark text:name="__RefHeading___Toc1131_1280209449"/>#065</text:h><text:p text:style-name="P6"/><text:p text:style-name="P7">O primeiro homem foi expulso do paraíso por causa do pecado; mas agora um Homem veio do paraíso ao mundo, para pagar pelo pecado, e Ele vai nos levar com Ele para o paraíso para sempre.</text:p><text:p text:style-name="P6"/><text:h text:style-name="P2" text:outline-level="2"><text:bookmark text:name="__RefHeading___Toc1133_1280209449"/><text:a xlink:type="simple" xlink:href="https://mysword.info/b?r=Rom_11" text:style-name="Internet_20_link" text:visited-style-name="Visited_20_Internet_20_Link"><text:span text:style-name="T1">ROMANOS 11</text:span></text:a></text:h><text:p text:style-name="P6"/><text:p text:style-name="P7">Paulo aqui olha para o futuro. Ele indaga se Deus parou de tratar com Israel de uma vez por todas. Não, eles serão abençoados no final! Após o Senhor levar a igreja (nós os crentes) para o céu, então Ele vai voltar a tratar com Israel.</text:p><text:p text:style-name="P6"/><text:p text:style-name="P6"><text:a xlink:type="simple" xlink:href="http://mysword.info/b?r=Rom_11:1-5" text:style-name="Internet_20_link" text:visited-style-name="Visited_20_Internet_20_Link"><text:span text:style-name="T1">Rm 11:1-5</text:span></text:a><text:span text:style-name="T1"> Lembre-se de que Elias pensou que fosse o único em seus dias que permanecera fiel a Deus. E o Senhor precisou dizer a ele que 7.000 outros não tinham se curvado à adoração de ídolos. Deus sempre tem os Seus fiéis ou um remanescente.</text:span></text:p><text:p text:style-name="P6"/><text:p text:style-name="P6"><text:a xlink:type="simple" xlink:href="http://mysword.info/b?r=Rom_11:6" text:style-name="Internet_20_link" text:visited-style-name="Visited_20_Internet_20_Link"><text:span text:style-name="T1">Rm 11:6</text:span></text:a><text:span text:style-name="T1"> A graça é o oposto das obras.</text:span></text:p><text:p text:style-name="P6"/><text:p text:style-name="P6"><text:a xlink:type="simple" xlink:href="http://mysword.info/b?r=Rom_11:11-35" text:style-name="Internet_20_link" text:visited-style-name="Visited_20_Internet_20_Link"><text:span text:style-name="T1">Rm 11:11-35</text:span></text:a><text:span text:style-name="T1"> Através da rejeição do Messias, Deus deixou os Judeus e passou a oferecer Sua salvação a todo o mundo. Quando o Senhor Jesus voltar para nós, então Deus começará a trabalhar em alguns Judeus outra vez, e irá abrir seus olhos agora cegos.</text:span></text:p><text:p text:style-name="P6"/><text:p text:style-name="P6"><text:a xlink:type="simple" xlink:href="http://mysword.info/b?r=Rom_11:12-16" text:style-name="Internet_20_link" text:visited-style-name="Visited_20_Internet_20_Link"><text:span text:style-name="T1">Rm 11:12-16</text:span></text:a><text:span text:style-name="T1"> Israel rejeitou o Salvador e através dessa rejeição muitas coisas boas chegaram aos Gentios. Quão grande e glorioso dia será aquele quando Israel voltar a Deus!</text:span></text:p><text:p text:style-name="P6"/><text:p text:style-name="P6"><text:a xlink:type="simple" xlink:href="http://mysword.info/b?r=Rom_11:17-33" text:style-name="Internet_20_link" text:visited-style-name="Visited_20_Internet_20_Link"><text:span text:style-name="T1">Rm 11:17-33</text:span></text:a><text:span text:style-name="T1"> Israel foi o ramo natural de uma árvore. Por causa de sua incredulidade foi cortado, e outros ramos (os Gentios) foram enxertados. Mas aqui os novos ramos são avisados de que se não permanecerem fiéis serão cortados e então será fácil enxertar outra vez os ramos naturais. E é exatamente o que vai acontecer. Depois que nós crentes formos levados para o céu, os Judeus serão outra vez abençoados no milênio.</text:span></text:p><text:p text:style-name="P6"/><text:p text:style-name="P6"><text:a xlink:type="simple" xlink:href="http://mysword.info/b?r=Rom_11:33" text:style-name="Internet_20_link" text:visited-style-name="Visited_20_Internet_20_Link"><text:span text:style-name="T1">Rm 11:33</text:span></text:a><text:span text:style-name="T1"> Paulo rompe em louvor a Deus por haver concebido um plano tão glorioso.</text:span></text:p><text:p text:style-name="P6"/><text:h text:style-name="P1" text:outline-level="2"><text:bookmark text:name="__RefHeading___Toc1135_1280209449"/>#066</text:h><text:p text:style-name="P6"/><text:p text:style-name="P7">Seremos tão semelhantes ao segundo Homem como temos sido semelhantes ao primeiro.</text:p><text:p text:style-name="P6"/><text:h text:style-name="P2" text:outline-level="2"><text:bookmark text:name="__RefHeading___Toc1137_1280209449"/><text:a xlink:type="simple" xlink:href="https://mysword.info/b?r=Rom_12" text:style-name="Internet_20_link" text:visited-style-name="Visited_20_Internet_20_Link"><text:span text:style-name="T1">ROMANOS 12</text:span></text:a></text:h><text:p text:style-name="P6"/><text:p text:style-name="P7">Os últimos cinco capítulos carregam diferentes instruções para os crentes. Este capítulo diz ao crente como ele deve viver, trabalhar e amar. Para cada instrução na Bíblia em como viver, existe sempre uma doutrina clara quanto ao fundamento disto. O evangelho tem dois lados, o lado do crer e o lado do proceder. Todavia, ambos andam juntos, pois nosso proceder mostra o que cremos.</text:p><text:p text:style-name="P6"/><text:p text:style-name="P6"><text:a xlink:type="simple" xlink:href="http://mysword.info/b?r=Rom_12:1" text:style-name="Internet_20_link" text:visited-style-name="Visited_20_Internet_20_Link"><text:span text:style-name="T1">Rm 12:1</text:span></text:a><text:span text:style-name="T1"> Uma vida devotada a Deus é a vida natural para cada crente.</text:span></text:p><text:p text:style-name="P6"/><text:p text:style-name="P6"><text:a xlink:type="simple" xlink:href="http://mysword.info/b?r=Rom_12:2" text:style-name="Internet_20_link" text:visited-style-name="Visited_20_Internet_20_Link"><text:span text:style-name="T1">Rm 12:2</text:span></text:a><text:span text:style-name="T1"> Não devemos seguir o modo de falar, os hábitos ou os costumes do mundo, mas sermos transformados em um viver para Cristo, para então provarmos a boa, aceitável e perfeita vontade de Deus. Não devemos viver para agradar a nós mesmos, mas ao Senhor.</text:span></text:p><text:p text:style-name="P6"/><text:p text:style-name="P6"/><text:p text:style-name="P6"><text:a xlink:type="simple" xlink:href="http://mysword.info/b?r=Rom_12:3-8" text:style-name="Internet_20_link" text:visited-style-name="Visited_20_Internet_20_Link"><text:span text:style-name="T1">Rm 12:3-8</text:span></text:a><text:span text:style-name="T1"> Nós crentes precisamos estar juntos em uma comunhão pois somos um &quot;corpo&quot;. Você está vivendo isto?</text:span></text:p><text:p text:style-name="P6"/><text:p text:style-name="P6"><text:a xlink:type="simple" xlink:href="http://mysword.info/b?r=Rom_12:9-21" text:style-name="Internet_20_link" text:visited-style-name="Visited_20_Internet_20_Link"><text:span text:style-name="T1">Rm 12:9-21</text:span></text:a><text:span text:style-name="T1"> O amor é, para o crente, um amor genuíno. É um amor que aprende do amor de Deus em Cristo e dele obtém sua força. &quot;O amor seja não fingido&quot; o que significa sem engano ou dissimulação. Quão verdadeiro estão sendo estes versículos a nosso respeito?</text:span></text:p><text:p text:style-name="P6"/><text:h text:style-name="P1" text:outline-level="2"><text:bookmark text:name="__RefHeading___Toc1139_1280209449"/>#067</text:h><text:p text:style-name="P6"/><text:p text:style-name="P7">Não podemos receber a Deus em graça e salvação sem que haja uma resposta de gratidão e gozo em nosso espírito.</text:p><text:p text:style-name="P6"/><text:h text:style-name="P2" text:outline-level="2"><text:bookmark text:name="__RefHeading___Toc1141_1280209449"/><text:a xlink:type="simple" xlink:href="https://mysword.info/b?r=Rom_13" text:style-name="Internet_20_link" text:visited-style-name="Visited_20_Internet_20_Link"><text:span text:style-name="T1">ROMANOS 13</text:span></text:a></text:h><text:p text:style-name="P6"/><text:p text:style-name="P7">Ontem lemos de como o crente se comporta para com outros crentes... hoje, para com os incrédulos.</text:p><text:p text:style-name="P6"/><text:p text:style-name="P6"><text:a xlink:type="simple" xlink:href="http://mysword.info/b?r=Rom_13:1-7" text:style-name="Internet_20_link" text:visited-style-name="Visited_20_Internet_20_Link"><text:span text:style-name="T1">Rm 13:1-7</text:span></text:a><text:span text:style-name="T1"> Sempre que existe uma eleição, é o homem certo que sempre ganha, por esta razão o crente não vota. Parece difícil entender que não faz diferença sob qual governo nos encontramos, ou que tipo de leis possam ser feitas. Quer gostemos ou não, devemos obedecê-las. (Evidentemente não será o caso se elas forem contrárias à Palavra de Deus). Satanás é o deus deste mundo (</text:span><text:a xlink:type="simple" xlink:href="http://mysword.info/b?r=2Co_4:4" text:style-name="Internet_20_link" text:visited-style-name="Visited_20_Internet_20_Link"><text:span text:style-name="T1">2 Co 4:4</text:span></text:a><text:span text:style-name="T1">), ainda que seja Deus Quem governe tudo. Estamos no mundo, mas não pertencemos a ele. Se você desobedecer o governo estará desobedecendo a Deus. Leia estes versículos outra vez... é Deus falando para você e para mim.</text:span></text:p><text:p text:style-name="P6"/><text:p text:style-name="P6"><text:a xlink:type="simple" xlink:href="http://mysword.info/b?r=Rom_13:8-14" text:style-name="Internet_20_link" text:visited-style-name="Visited_20_Internet_20_Link"><text:span text:style-name="T1">Rm 13:8-14</text:span></text:a><text:span text:style-name="T1"> Há duas razões para a piedade. A primeira é o amor (8-10), a segunda é porque o Senhor logo virá (11-14). O dia do Senhor vem após o dia da tribulação. Está se aproximando.</text:span></text:p><text:p text:style-name="P6"/><text:h text:style-name="P1" text:outline-level="2"><text:bookmark text:name="__RefHeading___Toc1143_1280209449"/>#068</text:h><text:p text:style-name="P6"/><text:p text:style-name="P7">A NOVA NATUREZA é a capacidade... o ESPÍRITO SANTO é o poder... quando sou dependente e obediente.</text:p><text:p text:style-name="P6"/><text:h text:style-name="P2" text:outline-level="2"><text:bookmark text:name="__RefHeading___Toc1145_1280209449"/><text:a xlink:type="simple" xlink:href="https://mysword.info/b?r=Rom_14" text:style-name="Internet_20_link" text:visited-style-name="Visited_20_Internet_20_Link"><text:span text:style-name="T1">ROMANOS 14</text:span></text:a></text:h><text:p text:style-name="P6"/><text:p text:style-name="P7">O modo como os crentes devem se comportar para com todos, mas tendo sempre o Senhor em mente. As opiniões pessoais são, com frequência, as razões do comportamento de uma pessoa, mas não é isto o que Deus está nos dizendo aqui.</text:p><text:p text:style-name="P6"/><text:p text:style-name="P6"><text:a xlink:type="simple" xlink:href="http://mysword.info/b?r=Rom_14:13-23" text:style-name="Internet_20_link" text:visited-style-name="Visited_20_Internet_20_Link"><text:span text:style-name="T1">Rm 14:13-23</text:span></text:a><text:span text:style-name="T1"> As pessoas costumam olhar para aqueles que não agem do modo como elas pensam que eles deveriam agir. Os crentes não devem ser controlados pelo que pensam, mas pela Palavra de Deus. Devemos estar conscientes do efeito que exercemos sobre outros pelo modo como agimos; e o que é mais importante, que somos responsáveis para com o Senhor. Alguns que haviam sido Gentios antes de terem sido salvos podiam ter sido idólatras. As pessoas mais pobres podiam estar comprando no açougue carne que havia sido oferecida a ídolos. Surgiu a questão quanto a ser correto para um crente comer tal tipo de carne. Uma pessoa que tivesse acabado de conhecer ao Senhor Jesus como Salvador não saberia muito sobre o Senhor ou sobre as Escrituras. Um crente mais velho não deveria ofender a consciência do mais novo ao comer esse tipo de carne, mesmo que pudesse comê-la com boa consciência.</text:span></text:p><text:p text:style-name="P6"/><text:h text:style-name="P1" text:outline-level="2"><text:bookmark text:name="__RefHeading___Toc1147_1280209449"/>#069</text:h><text:p text:style-name="P6"/><text:p text:style-name="P7">A justificação é obra de Cristo; a santificação é obra do Espírito Santo.</text:p><text:p text:style-name="P6"/><text:h text:style-name="P2" text:outline-level="2"><text:bookmark text:name="__RefHeading___Toc1149_1280209449"/><text:a xlink:type="simple" xlink:href="https://mysword.info/b?r=Rom_15" text:style-name="Internet_20_link" text:visited-style-name="Visited_20_Internet_20_Link"><text:span text:style-name="T1">ROMANOS 15</text:span></text:a></text:h><text:p text:style-name="P6"/><text:p text:style-name="P6"><text:a xlink:type="simple" xlink:href="http://mysword.info/b?r=Rom_15:1-7" text:style-name="Internet_20_link" text:visited-style-name="Visited_20_Internet_20_Link"><text:span text:style-name="T1">Rm 15:1-7</text:span></text:a><text:span text:style-name="T1"> Paulo havia aprendido que a obediência não é para agradar a si mesmo. Esta é uma das coisas mais importantes para se entender. Paulo coloca o Homem perfeito diante de nós como um exemplo. Apenas um crente em Cristo tem o poder para viver a vida cristã em conformidade com a Bíblia. Lembre-se de que Paulo não estava apenas dizendo a eles como deveriam agir, mas estava lhes mostrando.</text:span></text:p><text:p text:style-name="P6"/><text:p text:style-name="P6"><text:a xlink:type="simple" xlink:href="http://mysword.info/b?r=Rom_15:8-13" text:style-name="Internet_20_link" text:visited-style-name="Visited_20_Internet_20_Link"><text:span text:style-name="T1">Rm 15:8-13</text:span></text:a><text:span text:style-name="T1"> Os crentes que tinham sido Judeus podiam pensar que sabiam mais do que os crentes que tinham sido Gentios. E os crentes Gentios podiam estar pensando que os crentes Judeus estavam presos a uma porção de tradições, as quais vinham dos dias do Antigo Testamento. Paulo leva ambos a olharem para Cristo.</text:span></text:p><text:p text:style-name="P6"/><text:p text:style-name="P6"><text:a xlink:type="simple" xlink:href="http://mysword.info/b?r=Rom_15:13" text:style-name="Internet_20_link" text:visited-style-name="Visited_20_Internet_20_Link"><text:span text:style-name="T1">Rm 15:13</text:span></text:a><text:span text:style-name="T1"> Que belas palavras para unir todos os crentes em um só desejo de agradar somente a Deus.</text:span></text:p><text:p text:style-name="P6"/><text:p text:style-name="P6"><text:a xlink:type="simple" xlink:href="http://mysword.info/b?r=Rom_15:17-21" text:style-name="Internet_20_link" text:visited-style-name="Visited_20_Internet_20_Link"><text:span text:style-name="T1">Rm 15:17-21</text:span></text:a><text:span text:style-name="T1"> Paulo relembra seu trabalho missionário e não quer o crédito pelo trabalho missionário de outros. Mas aponta para a obra de Cristo feita por intermédio de si.</text:span></text:p><text:p text:style-name="P6"/><text:p text:style-name="P6"><text:a xlink:type="simple" xlink:href="http://mysword.info/b?r=Rom_15:22-32" text:style-name="Internet_20_link" text:visited-style-name="Visited_20_Internet_20_Link"><text:span text:style-name="T1">Rm 15:22-32</text:span></text:a><text:span text:style-name="T1"> Paulo traça seus planos futuros. Este capítulo tem vários pontos muito belos. Aqui estão alguns deles. Deus é o Deus de paciência (</text:span><text:a xlink:type="simple" xlink:href="https://mysword.info/b?r=Rom_15:5" text:style-name="Internet_20_link" text:visited-style-name="Visited_20_Internet_20_Link"><text:span text:style-name="T1">vers. 5</text:span></text:a><text:span text:style-name="T1">), o Deus de consolação (encorajamento, </text:span><text:a xlink:type="simple" xlink:href="http://mysword.info/b?r=Rom_15:5" text:style-name="Internet_20_link" text:visited-style-name="Visited_20_Internet_20_Link"><text:span text:style-name="T1">vers. 5</text:span></text:a><text:span text:style-name="T1">), o Deus de paz (</text:span><text:a xlink:type="simple" xlink:href="https://mysword.info/b?r=Rom_15:33" text:style-name="Internet_20_link" text:visited-style-name="Visited_20_Internet_20_Link"><text:span text:style-name="T1">vers. 33</text:span></text:a><text:span text:style-name="T1">). Então temos a glória de Deus, a verdade de Deus, o evangelho de Deus, o Espírito de Deus, e a vontade de Deus. Veja se você pode encontrar as cinco coisas. Se tiver tempo, procure por (A) referências ao Espírito Santo, (B) referências à esperança, (C) referências a Cristo, (D) referências a muitas coisas com as quais podemos ser preenchidos. Como membros do um só corpo, repare que devemos (1) auxiliar, (2) agradar, (3) receber, (4) admoestar (avisar outros), (5) ministrar (servir), e (6) orar uns pelos outros.</text:span></text:p><text:p text:style-name="P6"/><text:h text:style-name="P1" text:outline-level="2"><text:bookmark text:name="__RefHeading___Toc1151_1280209449"/>#070</text:h><text:p text:style-name="P6"/><text:p text:style-name="P7">O Espírito Santo é o poder que nos desliga de tudo o que é contrário a Deus... e nos leva àquilo que é invisível... a Cristo.</text:p><text:p text:style-name="P6"/><text:h text:style-name="P2" text:outline-level="2"><text:bookmark text:name="__RefHeading___Toc1153_1280209449"/><text:a xlink:type="simple" xlink:href="https://mysword.info/b?r=Rom_16" text:style-name="Internet_20_link" text:visited-style-name="Visited_20_Internet_20_Link"><text:span text:style-name="T1">ROMANOS 16</text:span></text:a></text:h><text:p text:style-name="P6"/><text:p text:style-name="P7">Paulo amava a todos os irmãos e sabia o que muitos estavam fazendo. Ele era rico em amizades. E é por esta razão que se recorda de tantos, mesmo que só por nome (em poucos casos). Os homens e mulheres que igualmente muito o ajudaram. Sempre que coubesse algum louvor, Paulo nunca deixava de fazê-lo. Não seria também um belo modo de agirmos para com outros crentes?</text:p><text:p text:style-name="P6"/><text:p text:style-name="P6"><text:a xlink:type="simple" xlink:href="http://mysword.info/b?r=Rom_16:17-18" text:style-name="Internet_20_link" text:visited-style-name="Visited_20_Internet_20_Link"><text:span text:style-name="T1">Rm 16:17-18</text:span></text:a><text:span text:style-name="T1"> Paulo não estava querendo ganhar popularidade bajulando a todos. Ele tem algumas palavras duras para aqueles que causavam divisões - criando denominações. Hoje muitos crentes são tolerantes para com aqueles que causam divisões e ofensas que são contrárias à doutrina que aprenderam. Repare no que deveria ser feito com pessoas assim.</text:span></text:p><text:p text:style-name="P6"/><text:p text:style-name="P6"><text:a xlink:type="simple" xlink:href="http://mysword.info/b?r=Rom_16:25-27" text:style-name="Internet_20_link" text:visited-style-name="Visited_20_Internet_20_Link"><text:span text:style-name="T1">Rm 16:25-27</text:span></text:a><text:span text:style-name="T1"> Que belo final para esta poderosa Epístola. Possamos receber graça de Deus para vivermos em conformidade com estas palavras. Então andaremos no gozo da bênção desta expressão final de louvor a Deus.</text:span></text:p><text:p text:style-name="P6"/></text:section></office:text></office:body></office:document-content>