<?xml version="1.0" encoding="UTF-8"?>
<office:document-content xmlns:office="urn:oasis:names:tc:opendocument:xmlns:office:1.0" xmlns:style="urn:oasis:names:tc:opendocument:xmlns:style:1.0" xmlns:text="urn:oasis:names:tc:opendocument:xmlns:text:1.0" xmlns:table="urn:oasis:names:tc:opendocument:xmlns:table:1.0" xmlns:draw="urn:oasis:names:tc:opendocument:xmlns:drawing:1.0" xmlns:fo="urn:oasis:names:tc:opendocument:xmlns:xsl-fo-compatible:1.0" xmlns:xlink="http://www.w3.org/1999/xlink" xmlns:dc="http://purl.org/dc/elements/1.1/" xmlns:meta="urn:oasis:names:tc:opendocument:xmlns:meta:1.0" xmlns:number="urn:oasis:names:tc:opendocument:xmlns:datastyle:1.0" xmlns:svg="urn:oasis:names:tc:opendocument:xmlns:svg-compatible:1.0" xmlns:chart="urn:oasis:names:tc:opendocument:xmlns:chart:1.0" xmlns:dr3d="urn:oasis:names:tc:opendocument:xmlns:dr3d:1.0" xmlns:math="http://www.w3.org/1998/Math/MathML" xmlns:form="urn:oasis:names:tc:opendocument:xmlns:form:1.0" xmlns:script="urn:oasis:names:tc:opendocument:xmlns:script:1.0" xmlns:ooo="http://openoffice.org/2004/office" xmlns:ooow="http://openoffice.org/2004/writer" xmlns:oooc="http://openoffice.org/2004/calc" xmlns:dom="http://www.w3.org/2001/xml-events" xmlns:xforms="http://www.w3.org/2002/xforms" xmlns:xsd="http://www.w3.org/2001/XMLSchema" xmlns:xsi="http://www.w3.org/2001/XMLSchema-instance" xmlns:rpt="http://openoffice.org/2005/report" xmlns:of="urn:oasis:names:tc:opendocument:xmlns:of:1.2" xmlns:xhtml="http://www.w3.org/1999/xhtml" xmlns:grddl="http://www.w3.org/2003/g/data-view#" xmlns:officeooo="http://openoffice.org/2009/office" xmlns:tableooo="http://openoffice.org/2009/table" xmlns:drawooo="http://openoffice.org/2010/draw" xmlns:calcext="urn:org:documentfoundation:names:experimental:calc:xmlns:calcext:1.0" xmlns:loext="urn:org:documentfoundation:names:experimental:office:xmlns:loext:1.0" xmlns:field="urn:openoffice:names:experimental:ooo-ms-interop:xmlns:field:1.0" xmlns:formx="urn:openoffice:names:experimental:ooxml-odf-interop:xmlns:form:1.0" xmlns:css3t="http://www.w3.org/TR/css3-text/" office:version="1.2"><office:scripts/><office:font-face-decls><style:font-face style:name="FreeSans1" svg:font-family="FreeSans"/><style:font-face style:name="Liberation Sans" svg:font-family="&apos;Liberation Sans&apos;, sans-serif"/><style:font-face style:name="Noto Sans CJK SC Regular1" svg:font-family="&apos;Noto Sans CJK SC Regular&apos;"/><style:font-face style:name="FreeSans2" svg:font-family="FreeSans" style:font-family-generic="swiss"/><style:font-face style:name="Liberation Serif" svg:font-family="&apos;Liberation Serif&apos;" style:font-family-generic="roman" style:font-pitch="variable"/><style:font-face style:name="Thorndale" svg:font-family="Thorndale" style:font-family-generic="roman" style:font-pitch="variable"/><style:font-face style:name="Albany" svg:font-family="Albany" style:font-family-generic="swiss" style:font-pitch="variable"/><style:font-face style:name="FreeSans" svg:font-family="FreeSans" style:font-family-generic="system" style:font-pitch="variable"/><style:font-face style:name="Noto Sans CJK SC Regular" svg:font-family="&apos;Noto Sans CJK SC Regular&apos;" style:font-family-generic="system" style:font-pitch="variable"/></office:font-face-decls><office:automatic-styles><style:style style:name="P1" style:family="paragraph" style:parent-style-name="Heading_20_2"><style:paragraph-properties fo:line-height="150%"/></style:style><style:style style:name="P2" style:family="paragraph" style:parent-style-name="Heading_20_2"><style:paragraph-properties fo:line-height="150%"/><style:text-properties style:font-name="Liberation Sans" fo:font-size="12pt"/></style:style><style:style style:name="P3" style:family="paragraph" style:parent-style-name="Heading_20_2"><style:paragraph-properties fo:line-height="150%" fo:break-before="page"/><style:text-properties style:font-name="Liberation Sans" fo:font-size="12pt"/></style:style><style:style style:name="P4" style:family="paragraph" style:parent-style-name="Text_20_body" style:master-page-name="HTML"><style:paragraph-properties fo:margin-top="0cm" fo:margin-bottom="0cm" loext:contextual-spacing="false" fo:line-height="150%" fo:text-align="start" style:justify-single-word="false" style:page-number="auto"/></style:style><style:style style:name="P5" style:family="paragraph" style:parent-style-name="Text_20_body"><style:paragraph-properties fo:margin-top="0cm" fo:margin-bottom="0cm" loext:contextual-spacing="false" fo:line-height="150%" fo:text-align="justify" style:justify-single-word="false"/></style:style><style:style style:name="P6" style:family="paragraph" style:parent-style-name="Text_20_body"><style:paragraph-properties fo:margin-top="0cm" fo:margin-bottom="0cm" loext:contextual-spacing="false" fo:line-height="150%" fo:text-align="justify" style:justify-single-word="false"/><style:text-properties style:font-name="Liberation Sans" fo:font-size="12pt"/></style:style><style:style style:name="P7" style:family="paragraph" style:parent-style-name="Text_20_body"><style:paragraph-properties fo:margin-top="0cm" fo:margin-bottom="0cm" loext:contextual-spacing="false" fo:line-height="150%" fo:text-align="start" style:justify-single-word="false" fo:break-before="page"/></style:style><style:style style:name="T1" style:family="text"><style:text-properties style:font-name="Liberation Sans" fo:font-size="12pt"/></style:style><style:style style:name="T2" style:family="text"><style:text-properties style:font-name="Liberation Sans" fo:font-size="12pt" fo:font-weight="bold"/></style:style><style:style style:name="T3" style:family="text"><style:text-properties style:font-name="Liberation Sans" fo:font-size="12pt" fo:font-weight="normal"/></style:style><style:style style:name="T4" style:family="text"><style:text-properties fo:font-variant="normal" fo:text-transform="none"/></style:style><style:style style:name="T5" style:family="text"><style:text-properties fo:font-variant="normal" fo:text-transform="none" style:font-name="Liberation Sans" fo:font-size="12pt" fo:font-style="normal" fo:font-weight="normal"/></style:style><style:style style:name="T6" style:family="text"><style:text-properties fo:color="#000000"/></style:style><style:style style:name="T7" style:family="text"><style:text-properties fo:color="#000000" style:font-name="Liberation Sans" fo:font-size="12pt" fo:font-weight="normal"/></style:style><style:style style:name="T8" style:family="text"><style:text-properties fo:color="#000099" style:text-line-through-style="none" style:text-line-through-type="none" style:font-name="Liberation Sans" fo:font-size="12pt" style:text-underline-style="none" fo:font-weight="bold" style:text-blinking="false"/></style:style><style:style style:name="fr1" style:family="graphic" style:parent-style-name="Graphics"><style:graphic-properties style:wrap="right" style:number-wrapped-paragraphs="no-limit" style:wrap-contour="false" style:vertical-pos="top" style:vertical-rel="paragraph-content" style:horizontal-pos="left" style:horizontal-rel="paragraph" style:mirror="none" fo:clip="rect(0cm, 0cm, 0cm, 0cm)" draw:luminance="0%" draw:contrast="0%" draw:red="0%" draw:green="0%" draw:blue="0%" draw:gamma="100%" draw:color-inversion="false" draw:image-opacity="100%" draw:color-mode="standard"/></style:style><style:style style:name="Sect1" style:family="section"><style:section-properties style:writing-mode="lr-tb" style:editable="false"><style:columns fo:column-count="1" fo:column-gap="0cm"/></style:section-properties></style:style></office:automatic-styles><office:body><office:text text:use-soft-page-breaks="true"><text:sequence-decls><text:sequence-decl text:display-outline-level="0" text:name="Illustration"/><text:sequence-decl text:display-outline-level="0" text:name="Table"/><text:sequence-decl text:display-outline-level="0" text:name="Text"/><text:sequence-decl text:display-outline-level="0" text:name="Drawing"/></text:sequence-decls><text:section text:style-name="Sect1" text:name="texto"><text:p text:style-name="P4"><draw:frame draw:style-name="fr1" draw:name="Figura1" text:anchor-type="paragraph" svg:width="17.013cm" svg:height="24.897cm" draw:z-index="0"><draw:image xlink:href="Pictures/1000020100000A5D00000F2F2E58654128407E91.png" xlink:type="simple" xlink:show="embed" xlink:actuate="onLoad"/></draw:frame><office:annotation><dc:date>2018-07-29T09:36:53.575718409</dc:date><text:p>HTML: &lt;meta name=&quot;created&quot; content=&quot;00:00:00&quot;&gt;</text:p></office:annotation><office:annotation><dc:date>2018-07-29T09:36:53.575740708</dc:date><text:p>HTML: &lt;meta name=&quot;changed&quot; content=&quot;2018-07-29T09:15:05.560260059&quot;&gt;</text:p></office:annotation><office:annotation><dc:date>2018-07-29T09:36:53.575756206</dc:date><text:p>HTML: &lt;meta name=&quot;created&quot; content=&quot;00:00:00&quot;&gt;</text:p></office:annotation><office:annotation><dc:date>2018-07-29T09:36:53.575772360</dc:date><text:p>HTML: &lt;meta name=&quot;changed&quot; content=&quot;2018-07-29T07:52:53.300057669&quot;&gt;</text:p></office:annotation><office:annotation><dc:date>2018-07-29T09:36:53.575786896</dc:date><text:p>HTML: &lt;meta name=&quot;created&quot; content=&quot;00:00:00&quot;&gt;</text:p></office:annotation><office:annotation><dc:date>2018-07-29T09:36:53.575802366</dc:date><text:p>HTML: &lt;meta name=&quot;changed&quot; content=&quot;2018-07-24T06:47:10.335112583&quot;&gt;</text:p></office:annotation><office:annotation><dc:date>2018-07-29T09:36:53.575816523</dc:date><text:p>HTML: &lt;meta name=&quot;created&quot; content=&quot;00:00:00&quot;&gt;</text:p></office:annotation><office:annotation><dc:date>2018-07-29T09:36:53.575831796</dc:date><text:p>HTML: &lt;meta name=&quot;changed&quot; content=&quot;2018-07-23T18:34:41.004831341&quot;&gt;</text:p></office:annotation><office:annotation><dc:date>2018-07-29T09:36:53.575845894</dc:date><text:p>HTML: &lt;meta name=&quot;created&quot; content=&quot;00:00:00&quot;&gt;</text:p></office:annotation><office:annotation><dc:date>2018-07-29T09:36:53.575861003</dc:date><text:p>HTML: &lt;meta name=&quot;changed&quot; content=&quot;2018-07-23T18:31:50.868372603&quot;&gt;</text:p></office:annotation></text:p><text:p text:style-name="P7"><text:span text:style-name="Strong_20_Emphasis"><text:span text:style-name="T5"><office:annotation><dc:date>2018-07-29T09:36:54.888620006</dc:date><text:p>HTML: &lt;meta name=&quot;created&quot; content=&quot;00:00:00&quot;&gt;</text:p></office:annotation></text:span></text:span><text:span text:style-name="Strong_20_Emphasis"><text:span text:style-name="T5"><office:annotation><dc:date>2018-07-29T09:36:54.888632785</dc:date><text:p>HTML: &lt;meta name=&quot;changed&quot; content=&quot;2018-07-23T17:28:58.415519994&quot;&gt;</text:p></office:annotation></text:span></text:span><text:span text:style-name="Strong_20_Emphasis"><text:span text:style-name="T5"><office:annotation><dc:date>2018-07-29T09:36:54.888642485</dc:date><text:p>HTML: &lt;meta name=&quot;created&quot; content=&quot;00:00:00&quot;&gt;</text:p></office:annotation></text:span></text:span><text:span text:style-name="Strong_20_Emphasis"><text:span text:style-name="T5"><office:annotation><dc:date>2018-07-29T09:36:54.888652506</dc:date><text:p>HTML: &lt;meta name=&quot;changed&quot; content=&quot;2018-07-01T22:25:49.174026780&quot;&gt;</text:p></office:annotation></text:span></text:span><text:span text:style-name="Strong_20_Emphasis"><text:span text:style-name="T5"><office:annotation><dc:date>2018-07-29T09:36:54.888661240</dc:date><text:p>HTML: &lt;meta name=&quot;created&quot; content=&quot;00:00:00&quot;&gt;</text:p></office:annotation></text:span></text:span><text:span text:style-name="Strong_20_Emphasis"><text:span text:style-name="T5"><office:annotation><dc:date>2018-07-29T09:36:54.888671119</dc:date><text:p>HTML: &lt;meta name=&quot;changed&quot; content=&quot;2018-07-01T22:13:16.001692095&quot;&gt;</text:p></office:annotation></text:span></text:span><text:span text:style-name="Strong_20_Emphasis"><text:span text:style-name="T5"><office:annotation><dc:date>2018-07-29T09:36:54.888679554</dc:date><text:p>HTML: &lt;meta name=&quot;created&quot; content=&quot;00:00:00&quot;&gt;</text:p></office:annotation></text:span></text:span><text:span text:style-name="Strong_20_Emphasis"><text:span text:style-name="T5"><office:annotation><dc:date>2018-07-29T09:36:54.888688169</dc:date><text:p>HTML: &lt;meta name=&quot;changed&quot; content=&quot;00:00:00&quot;&gt;</text:p></office:annotation></text:span></text:span><text:span text:style-name="Strong_20_Emphasis"><text:span text:style-name="T5"><office:annotation><dc:date>2018-07-29T09:36:54.888696770</dc:date><text:p>HTML: &lt;meta name=&quot;created&quot; content=&quot;00:00:00&quot;&gt;</text:p></office:annotation></text:span></text:span><text:span text:style-name="Strong_20_Emphasis"><text:span text:style-name="T5"><office:annotation><dc:date>2018-07-29T09:36:54.888706482</dc:date><text:p>HTML: &lt;meta name=&quot;changed&quot; content=&quot;2018-06-29T22:40:27.905434121&quot;&gt;</text:p></office:annotation></text:span></text:span><text:span text:style-name="Strong_20_Emphasis"><text:span text:style-name="T5"><office:annotation><dc:date>2018-07-29T09:36:54.888715183</dc:date><text:p>HTML: &lt;meta name=&quot;created&quot; content=&quot;00:00:00&quot;&gt;</text:p></office:annotation></text:span></text:span><text:span text:style-name="Strong_20_Emphasis"><text:span text:style-name="T5"><office:annotation><dc:date>2018-07-29T09:36:54.888724564</dc:date><text:p>HTML: &lt;meta name=&quot;changed&quot; content=&quot;2018-06-29T22:19:54.818236607&quot;&gt;</text:p></office:annotation></text:span></text:span><text:span text:style-name="Strong_20_Emphasis"><text:span text:style-name="T5"><office:annotation><dc:date>2018-07-29T09:36:54.888733231</dc:date><text:p>HTML: &lt;meta name=&quot;created&quot; content=&quot;00:00:00&quot;&gt;</text:p></office:annotation></text:span></text:span><text:span text:style-name="Strong_20_Emphasis"><text:span text:style-name="T5"><office:annotation><dc:date>2018-07-29T09:36:54.888742561</dc:date><text:p>HTML: &lt;meta name=&quot;changed&quot; content=&quot;2018-06-29T16:48:09.289221502&quot;&gt;</text:p></office:annotation></text:span></text:span><text:span text:style-name="Strong_20_Emphasis"><text:span text:style-name="T5"><office:annotation><dc:date>2018-07-29T09:36:54.888750956</dc:date><text:p>HTML: &lt;meta name=&quot;created&quot; content=&quot;00:00:00&quot;&gt;</text:p></office:annotation></text:span></text:span><text:span text:style-name="Strong_20_Emphasis"><text:span text:style-name="T5"><office:annotation><dc:date>2018-07-29T09:36:54.888760321</dc:date><text:p>HTML: &lt;meta name=&quot;changed&quot; content=&quot;2018-06-28T13:04:28.492733451&quot;&gt;</text:p></office:annotation></text:span></text:span><text:span text:style-name="Strong_20_Emphasis"><text:span text:style-name="T5"><office:annotation><dc:date>2018-07-29T09:36:54.888768943</dc:date><text:p>HTML: &lt;meta name=&quot;created&quot; content=&quot;00:00:00&quot;&gt;</text:p></office:annotation></text:span></text:span><text:span text:style-name="Strong_20_Emphasis"><text:span text:style-name="T5"><office:annotation><dc:date>2018-07-29T09:36:54.888778803</dc:date><text:p>HTML: &lt;meta name=&quot;changed&quot; content=&quot;2018-06-26T16:14:44.639882738&quot;&gt;</text:p></office:annotation></text:span></text:span><text:span text:style-name="Strong_20_Emphasis"><text:span text:style-name="T5"><office:annotation><dc:date>2018-07-29T09:36:54.888787348</dc:date><text:p>HTML: &lt;meta name=&quot;created&quot; content=&quot;00:00:00&quot;&gt;</text:p></office:annotation></text:span></text:span><text:span text:style-name="Strong_20_Emphasis"><text:span text:style-name="T5"><office:annotation><dc:date>2018-07-29T09:36:54.888796474</dc:date><text:p>HTML: &lt;meta name=&quot;changed&quot; content=&quot;2018-06-26T00:07:28.897913089&quot;&gt;</text:p></office:annotation></text:span></text:span><text:span text:style-name="Strong_20_Emphasis"><text:span text:style-name="T5"><office:annotation><dc:date>2018-07-29T09:36:54.888804956</dc:date><text:p>HTML: &lt;meta name=&quot;created&quot; content=&quot;00:00:00&quot;&gt;</text:p></office:annotation></text:span></text:span><text:span text:style-name="Strong_20_Emphasis"><text:span text:style-name="T5"><office:annotation><dc:date>2018-07-29T09:36:54.888814237</dc:date><text:p>HTML: &lt;meta name=&quot;changed&quot; content=&quot;2018-06-25T20:14:42.039332923&quot;&gt;</text:p></office:annotation></text:span></text:span><text:span text:style-name="Strong_20_Emphasis"><text:span text:style-name="T5"><office:annotation><dc:date>2018-07-29T09:36:54.888822764</dc:date><text:p>HTML: &lt;meta name=&quot;created&quot; content=&quot;00:00:00&quot;&gt;</text:p></office:annotation></text:span></text:span><text:span text:style-name="Strong_20_Emphasis"><text:span text:style-name="T5"><office:annotation><dc:date>2018-07-29T09:36:54.888832186</dc:date><text:p>HTML: &lt;meta name=&quot;changed&quot; content=&quot;2018-06-24T22:32:07.411315002&quot;&gt;</text:p></office:annotation></text:span></text:span><text:span text:style-name="Strong_20_Emphasis"><text:span text:style-name="T5"><office:annotation><dc:date>2018-07-29T09:36:54.888840864</dc:date><text:p>HTML: &lt;meta name=&quot;created&quot; content=&quot;00:00:00&quot;&gt;</text:p></office:annotation></text:span></text:span><text:span text:style-name="Strong_20_Emphasis"><text:span text:style-name="T5"><office:annotation><dc:date>2018-07-29T09:36:54.888850021</dc:date><text:p>HTML: &lt;meta name=&quot;changed&quot; content=&quot;2018-06-24T15:42:01.493043692&quot;&gt;</text:p></office:annotation></text:span></text:span><text:span text:style-name="Strong_20_Emphasis"><text:span text:style-name="T5"><office:annotation><dc:date>2018-07-29T09:36:54.888858636</dc:date><text:p>HTML: &lt;meta name=&quot;created&quot; content=&quot;00:00:00&quot;&gt;</text:p></office:annotation></text:span></text:span><text:span text:style-name="Strong_20_Emphasis"><text:span text:style-name="T5"><office:annotation><dc:date>2018-07-29T09:36:54.888867922</dc:date><text:p>HTML: &lt;meta name=&quot;changed&quot; content=&quot;2018-06-24T09:30:05.416727667&quot;&gt;</text:p></office:annotation></text:span></text:span><text:span text:style-name="Strong_20_Emphasis"><text:span text:style-name="T5"><office:annotation><dc:date>2018-07-29T09:36:54.888876581</dc:date><text:p>HTML: &lt;meta name=&quot;created&quot; content=&quot;00:00:00&quot;&gt;</text:p></office:annotation></text:span></text:span><text:span text:style-name="Strong_20_Emphasis"><text:span text:style-name="T5"><office:annotation><dc:date>2018-07-29T09:36:54.888886757</dc:date><text:p>HTML: &lt;meta name=&quot;changed&quot; content=&quot;2018-06-23T16:36:03.100363804&quot;&gt;</text:p></office:annotation></text:span></text:span><text:span text:style-name="Strong_20_Emphasis"><text:span text:style-name="T5"><office:annotation><dc:date>2018-07-29T09:36:54.888895176</dc:date><text:p>HTML: &lt;meta name=&quot;created&quot; content=&quot;00:00:00&quot;&gt;</text:p></office:annotation></text:span></text:span><text:span text:style-name="Strong_20_Emphasis"><text:span text:style-name="T5"><office:annotation><dc:date>2018-07-29T09:36:54.888904471</dc:date><text:p>HTML: &lt;meta name=&quot;changed&quot; content=&quot;2018-06-23T11:36:03.222001170&quot;&gt;</text:p></office:annotation></text:span></text:span><text:span text:style-name="Strong_20_Emphasis"><text:span text:style-name="T5"><office:annotation><dc:date>2018-07-29T09:36:54.888912780</dc:date><text:p>HTML: &lt;meta name=&quot;created&quot; content=&quot;00:00:00&quot;&gt;</text:p></office:annotation></text:span></text:span><text:span text:style-name="Strong_20_Emphasis"><text:span text:style-name="T5"><office:annotation><dc:date>2018-07-29T09:36:54.888922340</dc:date><text:p>HTML: &lt;meta name=&quot;changed&quot; content=&quot;2018-06-21T23:23:09.057807835&quot;&gt;</text:p></office:annotation></text:span></text:span><text:span text:style-name="Strong_20_Emphasis"><text:span text:style-name="T5"><office:annotation><dc:date>2018-07-29T09:36:54.888931115</dc:date><text:p>HTML: &lt;meta name=&quot;created&quot; content=&quot;00:00:00&quot;&gt;</text:p></office:annotation></text:span></text:span><text:span text:style-name="Strong_20_Emphasis"><text:span text:style-name="T5"><office:annotation><dc:date>2018-07-29T09:36:54.888940749</dc:date><text:p>HTML: &lt;meta name=&quot;changed&quot; content=&quot;2018-06-21T17:55:17.865393136&quot;&gt;</text:p></office:annotation></text:span></text:span><text:span text:style-name="Strong_20_Emphasis"><text:span text:style-name="T5"><office:annotation><dc:date>2018-07-29T09:36:54.888949498</dc:date><text:p>HTML: &lt;meta name=&quot;created&quot; content=&quot;00:00:00&quot;&gt;</text:p></office:annotation></text:span></text:span><text:span text:style-name="Strong_20_Emphasis"><text:span text:style-name="T5"><office:annotation><dc:date>2018-07-29T09:36:54.888958949</dc:date><text:p>HTML: &lt;meta name=&quot;changed&quot; content=&quot;2018-06-21T12:21:22.763521742&quot;&gt;</text:p></office:annotation></text:span></text:span><text:span text:style-name="Strong_20_Emphasis"><text:span text:style-name="T5"><office:annotation><dc:date>2018-07-29T09:36:54.888967759</dc:date><text:p>HTML: &lt;meta name=&quot;created&quot; content=&quot;00:00:00&quot;&gt;</text:p></office:annotation></text:span></text:span><text:span text:style-name="Strong_20_Emphasis"><text:span text:style-name="T5"><office:annotation><dc:date>2018-07-29T09:36:54.888977073</dc:date><text:p>HTML: &lt;meta name=&quot;changed&quot; content=&quot;2018-06-20T18:34:19.830157535&quot;&gt;</text:p></office:annotation></text:span></text:span><text:span text:style-name="Strong_20_Emphasis"><text:span text:style-name="T5"><office:annotation><dc:date>2018-07-29T09:36:54.888985502</dc:date><text:p>HTML: &lt;meta name=&quot;created&quot; content=&quot;00:00:00&quot;&gt;</text:p></office:annotation></text:span></text:span><text:span text:style-name="Strong_20_Emphasis"><text:span text:style-name="T5"><office:annotation><dc:date>2018-07-29T09:36:54.888994966</dc:date><text:p>HTML: &lt;meta name=&quot;changed&quot; content=&quot;2018-06-19T12:54:18.844691454&quot;&gt;</text:p></office:annotation></text:span></text:span><text:span text:style-name="Strong_20_Emphasis"><text:span text:style-name="T5"><office:annotation><dc:date>2018-07-29T09:36:54.889003400</dc:date><text:p>HTML: &lt;meta name=&quot;created&quot; content=&quot;00:00:00&quot;&gt;</text:p></office:annotation></text:span></text:span><text:span text:style-name="Strong_20_Emphasis"><text:span text:style-name="T5"><office:annotation><dc:date>2018-07-29T09:36:54.889012905</dc:date><text:p>HTML: &lt;meta name=&quot;changed&quot; content=&quot;2018-06-18T23:20:12.738581285&quot;&gt;</text:p></office:annotation></text:span></text:span><text:span text:style-name="Strong_20_Emphasis"><text:span text:style-name="T5"><office:annotation><dc:date>2018-07-29T09:36:54.889021342</dc:date><text:p>HTML: &lt;meta name=&quot;created&quot; content=&quot;00:00:00&quot;&gt;</text:p></office:annotation></text:span></text:span><text:span text:style-name="Strong_20_Emphasis"><text:span text:style-name="T5"><office:annotation><dc:date>2018-07-29T09:36:54.889030710</dc:date><text:p>HTML: &lt;meta name=&quot;changed&quot; content=&quot;2018-06-18T20:39:37.890329984&quot;&gt;</text:p></office:annotation></text:span></text:span><text:span text:style-name="Strong_20_Emphasis"><text:span text:style-name="T5"><office:annotation><dc:date>2018-07-29T09:36:54.889039033</dc:date><text:p>HTML: &lt;meta name=&quot;created&quot; content=&quot;00:00:00&quot;&gt;</text:p></office:annotation></text:span></text:span><text:span text:style-name="Strong_20_Emphasis"><text:span text:style-name="T5"><office:annotation><dc:date>2018-07-29T09:36:54.889048254</dc:date><text:p>HTML: &lt;meta name=&quot;changed&quot; content=&quot;2018-06-18T12:45:23.879199387&quot;&gt;</text:p></office:annotation></text:span></text:span><text:span text:style-name="Strong_20_Emphasis"><text:span text:style-name="T5"><office:annotation><dc:date>2018-07-29T09:36:54.889056783</dc:date><text:p>HTML: &lt;meta name=&quot;created&quot; content=&quot;00:00:00&quot;&gt;</text:p></office:annotation></text:span></text:span><text:span text:style-name="Strong_20_Emphasis"><text:span text:style-name="T5"><office:annotation><dc:date>2018-07-29T09:36:54.889066187</dc:date><text:p>HTML: &lt;meta name=&quot;changed&quot; content=&quot;2018-06-17T20:02:02.143589569&quot;&gt;</text:p></office:annotation></text:span></text:span><text:span text:style-name="Strong_20_Emphasis"><text:span text:style-name="T5"><office:annotation><dc:date>2018-07-29T09:36:54.889074848</dc:date><text:p>HTML: &lt;meta name=&quot;created&quot; content=&quot;00:00:00&quot;&gt;</text:p></office:annotation></text:span></text:span><text:span text:style-name="Strong_20_Emphasis"><text:span text:style-name="T5"><office:annotation><dc:date>2018-07-29T09:36:54.889084207</dc:date><text:p>HTML: &lt;meta name=&quot;changed&quot; content=&quot;2018-06-17T19:45:54.789583280&quot;&gt;</text:p></office:annotation></text:span></text:span><text:span text:style-name="Strong_20_Emphasis"><text:span text:style-name="T5"><office:annotation><dc:date>2018-07-29T09:36:54.889092902</dc:date><text:p>HTML: &lt;meta name=&quot;created&quot; content=&quot;00:00:00&quot;&gt;</text:p></office:annotation></text:span></text:span><text:span text:style-name="Strong_20_Emphasis"><text:span text:style-name="T5"><office:annotation><dc:date>2018-07-29T09:36:54.889102299</dc:date><text:p>HTML: &lt;meta name=&quot;changed&quot; content=&quot;2018-06-16T15:19:53.989201345&quot;&gt;</text:p></office:annotation></text:span></text:span><text:span text:style-name="Strong_20_Emphasis"><text:span text:style-name="T5"><office:annotation><dc:date>2018-07-29T09:36:54.889110893</dc:date><text:p>HTML: &lt;meta name=&quot;created&quot; content=&quot;00:00:00&quot;&gt;</text:p></office:annotation></text:span></text:span><text:span text:style-name="Strong_20_Emphasis"><text:span text:style-name="T5"><office:annotation><dc:date>2018-07-29T09:36:54.889119953</dc:date><text:p>HTML: &lt;meta name=&quot;changed&quot; content=&quot;2018-06-16T13:50:44.432862129&quot;&gt;</text:p></office:annotation></text:span></text:span><text:span text:style-name="Strong_20_Emphasis"><text:span text:style-name="T5"><office:annotation><dc:date>2018-07-29T09:36:54.889128767</dc:date><text:p>HTML: &lt;meta name=&quot;created&quot; content=&quot;00:00:00&quot;&gt;</text:p></office:annotation></text:span></text:span><text:span text:style-name="Strong_20_Emphasis"><text:span text:style-name="T5"><office:annotation><dc:date>2018-07-29T09:36:54.889138084</dc:date><text:p>HTML: &lt;meta name=&quot;changed&quot; content=&quot;2018-06-16T10:49:58.030689160&quot;&gt;</text:p></office:annotation></text:span></text:span><text:span text:style-name="Strong_20_Emphasis"><text:span text:style-name="T5"><office:annotation><dc:date>2018-07-29T09:36:54.889165906</dc:date><text:p>HTML: &lt;meta name=&quot;created&quot; content=&quot;00:00:00&quot;&gt;</text:p></office:annotation></text:span></text:span><text:span text:style-name="Strong_20_Emphasis"><text:span text:style-name="T5"><office:annotation><dc:date>2018-07-29T09:36:54.889176159</dc:date><text:p>HTML: &lt;meta name=&quot;changed&quot; content=&quot;2018-06-15T13:05:31.693854059&quot;&gt;</text:p></office:annotation></text:span></text:span><text:span text:style-name="Strong_20_Emphasis"><text:span text:style-name="T5"><office:annotation><dc:date>2018-07-29T09:36:54.889185714</dc:date><text:p>HTML: &lt;meta name=&quot;changed&quot; content=&quot;2018-06-15T16:46:54.538249678&quot;&gt;</text:p></office:annotation></text:span></text:span><text:span text:style-name="Strong_20_Emphasis"><text:span text:style-name="T5"><office:annotation><dc:date>2018-07-29T09:36:54.889194544</dc:date><text:p>HTML: &lt;meta name=&quot;created&quot; content=&quot;00:00:00&quot;&gt;</text:p></office:annotation></text:span></text:span><text:span text:style-name="Strong_20_Emphasis"><text:span text:style-name="T5"><office:annotation><dc:date>2018-07-29T09:36:54.889203934</dc:date><text:p>HTML: &lt;meta name=&quot;changed&quot; content=&quot;2018-06-14T22:55:38.007259856&quot;&gt;</text:p></office:annotation></text:span></text:span><text:span text:style-name="Strong_20_Emphasis"><text:span text:style-name="T5"><office:annotation><dc:date>2018-07-29T09:36:54.889212688</dc:date><text:p>HTML: &lt;meta name=&quot;created&quot; content=&quot;00:00:00&quot;&gt;</text:p></office:annotation></text:span></text:span><text:span text:style-name="Strong_20_Emphasis"><text:span text:style-name="T5"><office:annotation><dc:date>2018-07-29T09:36:54.889222117</dc:date><text:p>HTML: &lt;meta name=&quot;changed&quot; content=&quot;2018-06-14T20:52:51.033526204&quot;&gt;</text:p></office:annotation></text:span></text:span><text:span text:style-name="Strong_20_Emphasis"><text:span text:style-name="T5"><office:annotation><dc:date>2018-07-29T09:36:54.889230742</dc:date><text:p>HTML: &lt;meta name=&quot;created&quot; content=&quot;00:00:00&quot;&gt;</text:p></office:annotation></text:span></text:span><text:span text:style-name="Strong_20_Emphasis"><text:span text:style-name="T5"><office:annotation><dc:date>2018-07-29T09:36:54.889240263</dc:date><text:p>HTML: &lt;meta name=&quot;changed&quot; content=&quot;2018-06-14T17:27:12.577284577&quot;&gt;</text:p></office:annotation></text:span></text:span><text:span text:style-name="Strong_20_Emphasis"><text:span text:style-name="T5"><office:annotation><dc:date>2018-07-29T09:36:54.889249008</dc:date><text:p>HTML: &lt;meta name=&quot;created&quot; content=&quot;00:00:00&quot;&gt;</text:p></office:annotation></text:span></text:span><text:span text:style-name="Strong_20_Emphasis"><text:span text:style-name="T5"><office:annotation><dc:date>2018-07-29T09:36:54.889258478</dc:date><text:p>HTML: &lt;meta name=&quot;changed&quot; content=&quot;2018-06-14T12:58:12.332824081&quot;&gt;</text:p></office:annotation></text:span></text:span><text:span text:style-name="Strong_20_Emphasis"><text:span text:style-name="T5"><office:annotation><dc:date>2018-07-29T09:36:54.889267133</dc:date><text:p>HTML: &lt;meta name=&quot;created&quot; content=&quot;00:00:00&quot;&gt;</text:p></office:annotation></text:span></text:span><text:span text:style-name="Strong_20_Emphasis"><text:span text:style-name="T5"><office:annotation><dc:date>2018-07-29T09:36:54.889276920</dc:date><text:p>HTML: &lt;meta name=&quot;changed&quot; content=&quot;2018-06-14T07:07:38.845049501&quot;&gt;</text:p></office:annotation></text:span></text:span><text:span text:style-name="Strong_20_Emphasis"><text:span text:style-name="T5"><office:annotation><dc:date>2018-07-29T09:36:54.889285514</dc:date><text:p>HTML: &lt;meta name=&quot;created&quot; content=&quot;00:00:00&quot;&gt;</text:p></office:annotation></text:span></text:span><text:span text:style-name="Strong_20_Emphasis"><text:span text:style-name="T5"><office:annotation><dc:date>2018-07-29T09:36:54.889295006</dc:date><text:p>HTML: &lt;meta name=&quot;changed&quot; content=&quot;2018-06-13T22:59:08.975991996&quot;&gt;</text:p></office:annotation></text:span></text:span><text:span text:style-name="Strong_20_Emphasis"><text:span text:style-name="T5"><office:annotation><dc:date>2018-07-29T09:36:54.889303500</dc:date><text:p>HTML: &lt;meta name=&quot;created&quot; content=&quot;00:00:00&quot;&gt;</text:p></office:annotation></text:span></text:span><text:span text:style-name="Strong_20_Emphasis"><text:span text:style-name="T5"><office:annotation><dc:date>2018-07-29T09:36:54.889313199</dc:date><text:p>HTML: &lt;meta name=&quot;changed&quot; content=&quot;2018-06-13T20:26:03.305702553&quot;&gt;</text:p></office:annotation></text:span></text:span><text:span text:style-name="Strong_20_Emphasis"><text:span text:style-name="T5"><office:annotation><dc:date>2018-07-29T09:36:54.889321651</dc:date><text:p>HTML: &lt;meta name=&quot;created&quot; content=&quot;00:00:00&quot;&gt;</text:p></office:annotation></text:span></text:span><text:span text:style-name="Strong_20_Emphasis"><text:span text:style-name="T5"><office:annotation><dc:date>2018-07-29T09:36:54.889331090</dc:date><text:p>HTML: &lt;meta name=&quot;changed&quot; content=&quot;2018-06-12T12:28:00.714637591&quot;&gt;</text:p></office:annotation></text:span></text:span><text:span text:style-name="Strong_20_Emphasis"><text:span text:style-name="T5"><office:annotation><dc:date>2018-07-29T09:36:54.889339502</dc:date><text:p>HTML: &lt;meta name=&quot;created&quot; content=&quot;00:00:00&quot;&gt;</text:p></office:annotation></text:span></text:span><text:span text:style-name="Strong_20_Emphasis"><text:span text:style-name="T5"><office:annotation><dc:date>2018-07-29T09:36:54.889349005</dc:date><text:p>HTML: &lt;meta name=&quot;changed&quot; content=&quot;2018-06-11T22:59:09.625284365&quot;&gt;</text:p></office:annotation></text:span></text:span><text:span text:style-name="Strong_20_Emphasis"><text:span text:style-name="T5"><office:annotation><dc:date>2018-07-29T09:36:54.889358309</dc:date><text:p>HTML: &lt;meta name=&quot;created&quot; content=&quot;2018-06-11T22:51:04.642681485&quot;&gt;</text:p></office:annotation></text:span></text:span><text:span text:style-name="Strong_20_Emphasis"><text:span text:style-name="T5"><office:annotation><dc:date>2018-07-29T09:36:54.889367821</dc:date><text:p>HTML: &lt;meta name=&quot;changed&quot; content=&quot;2018-06-11T22:52:11.240135258&quot;&gt;</text:p></office:annotation></text:span></text:span><text:span text:style-name="Strong_20_Emphasis"><text:span text:style-name="T5">Título: </text:span></text:span><text:span text:style-name="Strong_20_Emphasis"><text:span text:style-name="T5"><office:annotation><dc:date>2018-07-29T09:36:54.889435058</dc:date><text:p>HTML: &lt;meta name=&quot;created&quot; content=&quot;00:00:00&quot;&gt;</text:p></office:annotation></text:span></text:span><text:span text:style-name="Strong_20_Emphasis"><text:span text:style-name="T5"><office:annotation><dc:date>2018-07-29T09:36:54.889445529</dc:date><text:p>HTML: &lt;meta name=&quot;changed&quot; content=&quot;2018-06-14T22:55:38.007259856&quot;&gt;</text:p></office:annotation></text:span></text:span><text:span text:style-name="Strong_20_Emphasis"><text:span text:style-name="T5"><office:annotation><dc:date>2018-07-29T09:36:54.889454285</dc:date><text:p>HTML: &lt;meta name=&quot;created&quot; content=&quot;00:00:00&quot;&gt;</text:p></office:annotation></text:span></text:span><text:span text:style-name="Strong_20_Emphasis"><text:span text:style-name="T5"><office:annotation><dc:date>2018-07-29T09:36:54.889464250</dc:date><text:p>HTML: &lt;meta name=&quot;changed&quot; content=&quot;2018-06-14T20:52:51.033526204&quot;&gt;</text:p></office:annotation></text:span></text:span><text:span text:style-name="Strong_20_Emphasis"><text:span text:style-name="T5"><office:annotation><dc:date>2018-07-29T09:36:54.889472792</dc:date><text:p>HTML: &lt;meta name=&quot;created&quot; content=&quot;00:00:00&quot;&gt;</text:p></office:annotation></text:span></text:span><text:span text:style-name="Strong_20_Emphasis"><text:span text:style-name="T5"><office:annotation><dc:date>2018-07-29T09:36:54.889482291</dc:date><text:p>HTML: &lt;meta name=&quot;changed&quot; content=&quot;2018-06-14T17:27:12.577284577&quot;&gt;</text:p></office:annotation></text:span></text:span><text:span text:style-name="Strong_20_Emphasis"><text:span text:style-name="T5"><office:annotation><dc:date>2018-07-29T09:36:54.889491079</dc:date><text:p>HTML: &lt;meta name=&quot;created&quot; content=&quot;00:00:00&quot;&gt;</text:p></office:annotation></text:span></text:span><text:span text:style-name="Strong_20_Emphasis"><text:span text:style-name="T5"><office:annotation><dc:date>2018-07-29T09:36:54.889500650</dc:date><text:p>HTML: &lt;meta name=&quot;changed&quot; content=&quot;2018-06-14T12:58:12.332824081&quot;&gt;</text:p></office:annotation></text:span></text:span><text:span text:style-name="Strong_20_Emphasis"><text:span text:style-name="T5"><office:annotation><dc:date>2018-07-29T09:36:54.889509088</dc:date><text:p>HTML: &lt;meta name=&quot;created&quot; content=&quot;00:00:00&quot;&gt;</text:p></office:annotation></text:span></text:span><text:span text:style-name="Strong_20_Emphasis"><text:span text:style-name="T5"><office:annotation><dc:date>2018-07-29T09:36:54.889518481</dc:date><text:p>HTML: &lt;meta name=&quot;changed&quot; content=&quot;2018-06-14T07:07:38.845049501&quot;&gt;</text:p></office:annotation></text:span></text:span><text:span text:style-name="Strong_20_Emphasis"><text:span text:style-name="T5"><office:annotation><dc:date>2018-07-29T09:36:54.889527001</dc:date><text:p>HTML: &lt;meta name=&quot;created&quot; content=&quot;00:00:00&quot;&gt;</text:p></office:annotation></text:span></text:span><text:span text:style-name="Strong_20_Emphasis"><text:span text:style-name="T5"><office:annotation><dc:date>2018-07-29T09:36:54.889536469</dc:date><text:p>HTML: &lt;meta name=&quot;changed&quot; content=&quot;2018-06-13T22:59:08.975991996&quot;&gt;</text:p></office:annotation></text:span></text:span><text:span text:style-name="Strong_20_Emphasis"><text:span text:style-name="T5"><office:annotation><dc:date>2018-07-29T09:36:54.889544999</dc:date><text:p>HTML: &lt;meta name=&quot;created&quot; content=&quot;00:00:00&quot;&gt;</text:p></office:annotation></text:span></text:span><text:span text:style-name="Strong_20_Emphasis"><text:span text:style-name="T5"><office:annotation><dc:date>2018-07-29T09:36:54.889554507</dc:date><text:p>HTML: &lt;meta name=&quot;changed&quot; content=&quot;2018-06-13T20:26:03.305702553&quot;&gt;</text:p></office:annotation></text:span></text:span><text:span text:style-name="Strong_20_Emphasis"><text:span text:style-name="T5"><office:annotation><dc:date>2018-07-29T09:36:54.889563000</dc:date><text:p>HTML: &lt;meta name=&quot;created&quot; content=&quot;00:00:00&quot;&gt;</text:p></office:annotation></text:span></text:span><text:span text:style-name="Strong_20_Emphasis"><text:span text:style-name="T5"><office:annotation><dc:date>2018-07-29T09:36:54.889572426</dc:date><text:p>HTML: &lt;meta name=&quot;changed&quot; content=&quot;2018-06-12T12:28:00.714637591&quot;&gt;</text:p></office:annotation></text:span></text:span><text:span text:style-name="Strong_20_Emphasis"><text:span text:style-name="T5"><office:annotation><dc:date>2018-07-29T09:36:54.889580924</dc:date><text:p>HTML: &lt;meta name=&quot;created&quot; content=&quot;00:00:00&quot;&gt;</text:p></office:annotation></text:span></text:span><text:span text:style-name="Strong_20_Emphasis"><text:span text:style-name="T5"><office:annotation><dc:date>2018-07-29T09:36:54.889590499</dc:date><text:p>HTML: &lt;meta name=&quot;changed&quot; content=&quot;2018-06-11T22:59:09.625284365&quot;&gt;</text:p></office:annotation></text:span></text:span><text:span text:style-name="Strong_20_Emphasis"><text:span text:style-name="T5"><office:annotation><dc:date>2018-07-29T09:36:54.889599861</dc:date><text:p>HTML: &lt;meta name=&quot;created&quot; content=&quot;2018-06-11T22:51:04.642681485&quot;&gt;</text:p></office:annotation></text:span></text:span><text:span text:style-name="Strong_20_Emphasis"><text:span text:style-name="T5"><office:annotation><dc:date>2018-07-29T09:36:54.889609239</dc:date><text:p>HTML: &lt;meta name=&quot;changed&quot; content=&quot;2018-06-11T22:52:11.240135258&quot;&gt;</text:p></office:annotation></text:span></text:span><text:span text:style-name="Strong_20_Emphasis"><text:span text:style-name="T5">CHAPTER A DAY (2 CORÍNTIOS)<text:line-break/>Autor: NORMAN</text:span></text:span><text:span text:style-name="Strong_20_Emphasis"><text:span text:style-name="T4"> </text:span></text:span><text:span text:style-name="Strong_20_Emphasis"><text:span text:style-name="T5">BERRY </text:span></text:span><text:span text:style-name="Strong_20_Emphasis"><text:span text:style-name="T2"><text:line-break/><text:line-break/></text:span></text:span><text:span text:style-name="Strong_20_Emphasis"><text:span text:style-name="T7">Literaturas em formato</text:span></text:span><text:span text:style-name="Strong_20_Emphasis"><text:span text:style-name="T6"> </text:span></text:span><text:span text:style-name="Strong_20_Emphasis"><text:span text:style-name="T7">digital:<text:line-break/></text:span></text:span><text:a xlink:type="simple" xlink:href="http://www.acervodigitalcristao.com.br/" text:style-name="Internet_20_link" text:visited-style-name="Visited_20_Internet_20_Link"><text:span text:style-name="Strong_20_Emphasis"><text:span text:style-name="T2">www.acervodigitalcristao.com.br</text:span></text:span></text:a><text:span text:style-name="Strong_20_Emphasis"><text:span text:style-name="T8"><text:line-break/><text:line-break/></text:span></text:span><text:span text:style-name="Strong_20_Emphasis"><text:span text:style-name="T3">Literaturas em formato</text:span></text:span><text:span text:style-name="Strong_20_Emphasis"> </text:span><text:span text:style-name="Strong_20_Emphasis"><text:span text:style-name="T3">Impresso:<text:line-break/></text:span></text:span><text:a xlink:type="simple" xlink:href="http://www.verdadesvivas.com.br/" text:style-name="Internet_20_link" text:visited-style-name="Visited_20_Internet_20_Link"><text:span text:style-name="Strong_20_Emphasis"><text:span text:style-name="T2">www.verdadesvivas.com.br</text:span></text:span></text:a><text:span text:style-name="Strong_20_Emphasis"><text:span text:style-name="T8"><text:line-break/><text:line-break/></text:span></text:span><text:span text:style-name="Strong_20_Emphasis"><text:span text:style-name="T3">Evangelho em 03 Minutos:</text:span></text:span><text:span text:style-name="Strong_20_Emphasis"> </text:span><text:span text:style-name="Strong_20_Emphasis"><text:span text:style-name="T2"><text:line-break/></text:span></text:span><text:a xlink:type="simple" xlink:href="http://www.3minutos.net/" text:style-name="Internet_20_link" text:visited-style-name="Visited_20_Internet_20_Link"><text:span text:style-name="Strong_20_Emphasis"><text:span text:style-name="T2">www.3minutos.net</text:span></text:span></text:a><text:span text:style-name="Strong_20_Emphasis"><text:span text:style-name="T8"><text:line-break/><text:line-break/></text:span></text:span><text:span text:style-name="Strong_20_Emphasis"><text:span text:style-name="T3">O que respondi:<text:line-break/></text:span></text:span><text:a xlink:type="simple" xlink:href="http://www.respondi.com.br/" text:style-name="Internet_20_link" text:visited-style-name="Visited_20_Internet_20_Link"><text:span text:style-name="Strong_20_Emphasis"><text:span text:style-name="T2">www.respondi.com.br</text:span></text:span></text:a></text:p><text:section text:style-name="Sect1" text:name="Sumário1"><text:p text:style-name="Text_20_body"><text:soft-page-break/></text:p></text:section><text:h text:style-name="P1" text:outline-level="2"/><text:h text:style-name="P3" text:outline-level="2"><text:bookmark text:name="__RefHeading___Toc1191_1052241590"/><text:soft-page-break/>#329</text:h><text:p text:style-name="P5"/><text:p text:style-name="P6">A inteligência nas coisas divinas vem por meio da consciência, não do intelecto.</text:p><text:p text:style-name="P5"/><text:h text:style-name="P1" text:outline-level="2"><text:bookmark text:name="__RefHeading___Toc1193_1052241590"/><text:a xlink:type="simple" xlink:href="http://mysword.info/b?r=2Co_1" text:style-name="Internet_20_link" text:visited-style-name="Visited_20_Internet_20_Link"><text:span text:style-name="T1">2 CORÍNTIOS 1</text:span></text:a></text:h><text:p text:style-name="P5"/><text:p text:style-name="P6">Existe uma palavra que provavelmente descreveria este livro - &quot;consolo&quot;. Paulo havia escrito de maneira enérgica em sua primeira carta a esta assembléia. Agora ele ouviu dizer que sua carta tivera um bom efeito sobre eles, de modo que escreve sua segunda carta.</text:p><text:p text:style-name="P5"/><text:p text:style-name="P5"><text:a xlink:type="simple" xlink:href="http://mysword.info/b?r=2Co_1:3-4" text:style-name="Internet_20_link" text:visited-style-name="Visited_20_Internet_20_Link"><text:span text:style-name="T1">2 Co 1:3-4</text:span></text:a><text:span text:style-name="T1"> Não há consolo como aquele que vem do próprio Deus, e o próprio Paulo havia sentido em si mesmo a maravilha que é isso. E agora ele pode consolar outros. Não temamos as provações - mas voltemo-nos ao Senhor para aprender a lição e para o consolo que resulta das provações. E então estaremos melhor capacitados a encorajar outros que estejam passando por provações.</text:span></text:p><text:p text:style-name="P5"/><text:p text:style-name="P5"><text:a xlink:type="simple" xlink:href="http://mysword.info/b?r=2Co_1:11" text:style-name="Internet_20_link" text:visited-style-name="Visited_20_Internet_20_Link"><text:span text:style-name="T1">2 Co 1:11</text:span></text:a><text:span text:style-name="T1"> É bom ajudar a obra do Senhor por meio da oração. Quando as almas são salvas, podemos sentir que fazemos parte da obra.</text:span></text:p><text:p text:style-name="P5"/><text:p text:style-name="P5"><text:a xlink:type="simple" xlink:href="http://mysword.info/b?r=2Co_1:14-19" text:style-name="Internet_20_link" text:visited-style-name="Visited_20_Internet_20_Link"><text:span text:style-name="T1">2 Co 1:14-19</text:span></text:a><text:span text:style-name="T1"> Paulo queria visitá-los e por não ter ido até lá, eles o acusavam de haver mudado de idéia.</text:span></text:p><text:p text:style-name="P5"/><text:p text:style-name="P5"><text:a xlink:type="simple" xlink:href="http://mysword.info/b?r=2Co_1:20" text:style-name="Internet_20_link" text:visited-style-name="Visited_20_Internet_20_Link"><text:span text:style-name="T1">2 Co 1:20</text:span></text:a><text:span text:style-name="T1"> Deus sempre mantém Suas promessas! Paulo está dizendo que quando ele dizia &quot;sim&quot;, queria dizer &quot;sim&quot;, &quot;sim&quot; (certamente) e &quot;amém&quot; significam &quot;que seja feito&quot;.</text:span></text:p><text:p text:style-name="P5"/><text:p text:style-name="P5"><text:a xlink:type="simple" xlink:href="http://mysword.info/b?r=2Co_1:21-22" text:style-name="Internet_20_link" text:visited-style-name="Visited_20_Internet_20_Link"><text:span text:style-name="T1">2 Co 1:21-22</text:span></text:a><text:span text:style-name="T1"> O Espírito Santo de Deus é dado a cada crente com 3 objetivos principais (1) &quot;ungidos&quot;, para sermos capazes de entender a verdade. (2) &quot;selados&quot;, para termos certeza de que estamos eternamente salvos. (3) &quot;penhor&quot;, por termos o Espírito Santo já morando em nosso corpo, temos a garantia de que cada um de nós é um filho de Deus.</text:span></text:p><text:p text:style-name="P5"/><text:h text:style-name="P2" text:outline-level="2"><text:bookmark text:name="__RefHeading___Toc1195_1052241590"/>#330</text:h><text:p text:style-name="P5"/><text:p text:style-name="P6">Meu desejo deveria ser nem tanto conhecer a Sua vontade, mas andar com Deus.</text:p><text:p text:style-name="P5"/><text:h text:style-name="P1" text:outline-level="2"><text:bookmark text:name="__RefHeading___Toc1197_1052241590"/><text:a xlink:type="simple" xlink:href="http://mysword.info/b?r=2Co_2" text:style-name="Internet_20_link" text:visited-style-name="Visited_20_Internet_20_Link"><text:span text:style-name="T1">2 CORÍNTIOS 2</text:span></text:a></text:h><text:p text:style-name="P5"/><text:p text:style-name="P5"><text:a xlink:type="simple" xlink:href="http://mysword.info/b?r=2Co_2:1-5" text:style-name="Internet_20_link" text:visited-style-name="Visited_20_Internet_20_Link"><text:span text:style-name="T1">2 Co 2:1-5</text:span></text:a><text:span text:style-name="T1"> Paulo expõe claramente seu grande coração de amor para esses Coríntios. Era porque ele os amava que escreve de modo tão claro a eles. Ele também sentia a tristeza. Mas também sentia gozo!</text:span></text:p><text:p text:style-name="P5"/><text:p text:style-name="P5"><text:a xlink:type="simple" xlink:href="http://mysword.info/b?r=2Co_2:7-8" text:style-name="Internet_20_link" text:visited-style-name="Visited_20_Internet_20_Link"><text:span text:style-name="T1">2 Co 2:7-8</text:span></text:a><text:span text:style-name="T1"> O culpado, de quem Paulo havia falado na primeira epístola, </text:span><text:a xlink:type="simple" xlink:href="https://mysword.info/b?r=1Co_5" text:style-name="Internet_20_link" text:visited-style-name="Visited_20_Internet_20_Link"><text:span text:style-name="T1">capítulo 5</text:span></text:a><text:span text:style-name="T1">, agora estava arrependido, portanto Paulo lhes diz para lhe demonstrar amor e para recebê-lo de volta no meio deles.</text:span></text:p><text:p text:style-name="P5"/><text:p text:style-name="P5"><text:a xlink:type="simple" xlink:href="http://mysword.info/b?r=2Co_2:11" text:style-name="Internet_20_link" text:visited-style-name="Visited_20_Internet_20_Link"><text:span text:style-name="T1">2 Co 2:11</text:span></text:a><text:span text:style-name="T1"> Existem duas &quot;armadilhas&quot; especiais de Satanás. Um desses perigos é quando um crente continua a seguir em seu pecado pessoal e a assembléia à qual freqüenta não o coloca fora da comunhão com eles; o outro é quando falhamos em perdoar quando existe arrependimento genuíno.</text:span></text:p><text:p text:style-name="P5"/><text:p text:style-name="P5"><text:a xlink:type="simple" xlink:href="http://mysword.info/b?r=2Co_2:15-16" text:style-name="Internet_20_link" text:visited-style-name="Visited_20_Internet_20_Link"><text:span text:style-name="T1">2 Co 2:15-16</text:span></text:a><text:span text:style-name="T1"> Onde quer que Cristo seja pregado, trata-se de &quot;cheiro suave&quot; para Deus. Deus se agrada em escutar o evangelho, e em ouvir de Seu Filho amado sendo apresentado como Salvador. Se a mensagem é aceita, há gozo na presença dos anjos de Deus.</text:span></text:p><text:p text:style-name="P5"/><text:h text:style-name="P2" text:outline-level="2"><text:bookmark text:name="__RefHeading___Toc1199_1052241590"/>#331</text:h><text:p text:style-name="P5"/><text:p text:style-name="P6">A sabedoria de Deus nos conduz no caminho da vontade de Deus.</text:p><text:p text:style-name="P5"/><text:h text:style-name="P1" text:outline-level="2"><text:bookmark text:name="__RefHeading___Toc1201_1052241590"/><text:a xlink:type="simple" xlink:href="http://mysword.info/b?r=2Co_3" text:style-name="Internet_20_link" text:visited-style-name="Visited_20_Internet_20_Link"><text:span text:style-name="T1">2 CORÍNTIOS 3</text:span></text:a></text:h><text:p text:style-name="P5"/><text:p text:style-name="P5"><text:a xlink:type="simple" xlink:href="http://mysword.info/b?r=2Co_3:1" text:style-name="Internet_20_link" text:visited-style-name="Visited_20_Internet_20_Link"><text:span text:style-name="T1">2 Co 3:1</text:span></text:a><text:span text:style-name="T1"> Se uma pessoa estivesse reunida ao precioso Nome do Senhor em uma cidade, ela estava em uma mesma comunhão com aqueles que estivessem também reunidos ao precioso Nome do Senhor em qualquer outra cidade. E deste modo quando esses crentes viajavam de um lugar para outro, levavam com eles uma carta que os apresentaria àqueles crentes que estivessem em outras cidades. Cada assembléia não era independente das outras. Lemos em Ef </text:span><text:a xlink:type="simple" xlink:href="http://mysword.info/b?r=Eph_4:3" text:style-name="Internet_20_link" text:visited-style-name="Visited_20_Internet_20_Link"><text:span text:style-name="T1">4:3</text:span></text:a><text:span text:style-name="T1">, &quot;procurando guardar a unidade do Espírito&quot;, e esta é uma forma pela qual eles seguiam esta instrução. A Bíblia nunca fala de denominações, mas de um só corpo.</text:span></text:p><text:p text:style-name="P5"/><text:p text:style-name="P5"><text:a xlink:type="simple" xlink:href="http://mysword.info/b?r=2Co_3:6" text:style-name="Internet_20_link" text:visited-style-name="Visited_20_Internet_20_Link"><text:span text:style-name="T1">2 Co 3:6</text:span></text:a><text:span text:style-name="T1"> A &quot;letra&quot; é a lei que foi dada por Moisés, e o &quot;espírito&quot; é como a maravilhosa mensagem de graça vinda de Deus, dada por Seu Espírito.</text:span></text:p><text:p text:style-name="P5"/><text:p text:style-name="P5"><text:a xlink:type="simple" xlink:href="http://mysword.info/b?r=2Co_3:11" text:style-name="Internet_20_link" text:visited-style-name="Visited_20_Internet_20_Link"><text:span text:style-name="T1">2 Co 3:11</text:span></text:a><text:span text:style-name="T1"> A lei que foi dada por Moisés era gloriosa, mas foi &quot;transitória&quot;. Mas aquilo que é a mensagem de Deus dada por Seu Espírito &quot;permanece&quot;.</text:span></text:p><text:p text:style-name="P5"/><text:p text:style-name="P5"><text:a xlink:type="simple" xlink:href="http://mysword.info/b?r=2Co_3:18" text:style-name="Internet_20_link" text:visited-style-name="Visited_20_Internet_20_Link"><text:span text:style-name="T1">2 Co 3:18</text:span></text:a><text:span text:style-name="T1"> É na medida que o Senhor estiver controlando minha vida que vou me tornar mais semelhante a Ele. Um pensamento sério!</text:span></text:p><text:p text:style-name="P5"/><text:h text:style-name="P2" text:outline-level="2"><text:bookmark text:name="__RefHeading___Toc1203_1052241590"/>#332</text:h><text:p text:style-name="P5"/><text:p text:style-name="P6">Enquanto as coisas em nossa vida permanecerem sem julgamento e sem correção, haverá incerteza em nossa vida.</text:p><text:p text:style-name="P5"/><text:h text:style-name="P1" text:outline-level="2"><text:bookmark text:name="__RefHeading___Toc1205_1052241590"/><text:a xlink:type="simple" xlink:href="http://mysword.info/b?r=2Co_4" text:style-name="Internet_20_link" text:visited-style-name="Visited_20_Internet_20_Link"><text:span text:style-name="T1">2 CORÍNTIOS 4</text:span></text:a></text:h><text:p text:style-name="P5"/><text:p text:style-name="P5"><text:a xlink:type="simple" xlink:href="http://mysword.info/b?r=2Co_4:3-4" text:style-name="Internet_20_link" text:visited-style-name="Visited_20_Internet_20_Link"><text:span text:style-name="T1">2 Co 4:3-4</text:span></text:a><text:span text:style-name="T1"> O evangelho não estava escondido não por não ser pregado, mas porque as pessoas não queriam aceitá-lo.</text:span></text:p><text:p text:style-name="P5"/><text:p text:style-name="P5"><text:a xlink:type="simple" xlink:href="http://mysword.info/b?r=2Co_4:7" text:style-name="Internet_20_link" text:visited-style-name="Visited_20_Internet_20_Link"><text:span text:style-name="T1">2 Co 4:7</text:span></text:a><text:span text:style-name="T1"> O Espírito de Deus está no crente (o tesouro), mas continuamos em nosso corpo terreno (vasos de barro).</text:span></text:p><text:p text:style-name="P5"/><text:p text:style-name="P5"><text:a xlink:type="simple" xlink:href="http://mysword.info/b?r=2Co_4:10" text:style-name="Internet_20_link" text:visited-style-name="Visited_20_Internet_20_Link"><text:span text:style-name="T1">2 Co 4:10</text:span></text:a><text:span text:style-name="T1"> Paulo queria ser nada para que Cristo pudesse ser visto em sua vida.</text:span></text:p><text:p text:style-name="P5"/><text:p text:style-name="P5"><text:a xlink:type="simple" xlink:href="http://mysword.info/b?r=2Co_4:11" text:style-name="Internet_20_link" text:visited-style-name="Visited_20_Internet_20_Link"><text:span text:style-name="T1">2 Co 4:11</text:span></text:a><text:span text:style-name="T1"> Se não estivermos desejosos de sermos nada, o Senhor saberá como quebrar-nos. Pois não existe nada tão importante em nossa vida quanto mostrar nosso Senhor Jesus em um mundo de trevas.</text:span></text:p><text:p text:style-name="P5"/><text:p text:style-name="P5"><text:a xlink:type="simple" xlink:href="http://mysword.info/b?r=2Co_4:17" text:style-name="Internet_20_link" text:visited-style-name="Visited_20_Internet_20_Link"><text:span text:style-name="T1">2 Co 4:17</text:span></text:a><text:span text:style-name="T1"> Paulo chama todo o seu sofrimento para o Senhor (veja o capítulo </text:span><text:a xlink:type="simple" xlink:href="https://mysword.info/b?r=2Co_11:23-27" text:style-name="Internet_20_link" text:visited-style-name="Visited_20_Internet_20_Link"><text:span text:style-name="T1">11:23-27</text:span></text:a><text:span text:style-name="T1">) de &quot;leve tribulação&quot;! Ele olha adiante para o &quot;peso de glória&quot;. Podemos sofrer por nosso Senhor ao longo do caminho, há uma eternidade de glória à nossa frente.</text:span></text:p><text:p text:style-name="P5"/><text:p text:style-name="P5"><text:a xlink:type="simple" xlink:href="http://mysword.info/b?r=2Co_4:18" text:style-name="Internet_20_link" text:visited-style-name="Visited_20_Internet_20_Link"><text:span text:style-name="T1">2 Co 4:18</text:span></text:a><text:span text:style-name="T1"> Tudo que é visto é &quot;temporal&quot; - logo passará. Mas nossas bênçãos espirituais em Cristo não são vistas, pois são celestiais e eternas.</text:span></text:p><text:p text:style-name="P5"/><text:h text:style-name="P2" text:outline-level="2"><text:bookmark text:name="__RefHeading___Toc1207_1052241590"/>#333</text:h><text:p text:style-name="P5"/><text:p text:style-name="P6">Somente a minha vontade me impede de conhecer a vontade de Deus.</text:p><text:p text:style-name="P5"/><text:h text:style-name="P1" text:outline-level="2"><text:bookmark text:name="__RefHeading___Toc1209_1052241590"/><text:a xlink:type="simple" xlink:href="http://mysword.info/b?r=2Co_5" text:style-name="Internet_20_link" text:visited-style-name="Visited_20_Internet_20_Link"><text:span text:style-name="T1">2 CORÍNTIOS 5</text:span></text:a></text:h><text:p text:style-name="P5"/><text:p text:style-name="P5"><text:a xlink:type="simple" xlink:href="http://mysword.info/b?r=2Co_5:1" text:style-name="Internet_20_link" text:visited-style-name="Visited_20_Internet_20_Link"><text:span text:style-name="T1">2 Co 5:1</text:span></text:a><text:span text:style-name="T1"> Sabemos que quando deixarmos este mundo teremos uma casa não feita por mãos, mas eterna nos céus. Se o crente morre, sua casa terrena (corpo) será mais tarde transformado em um corpo adequado ao céu. Repare nas 3 condições mencionadas aqui nestes 4 primeiros versículos. </text:span></text:p><text:p text:style-name="P5"/><text:p text:style-name="P6">&quot;Despido&quot; - a condição de um crente que morreu e está com Cristo, mas que ainda não recebeu seu corpo glorificado. </text:p><text:p text:style-name="P5"/><text:p text:style-name="P6">&quot;Nu&quot; - a condição de um perdido que não tem as vestes da justiça, e permanece culpado e nu diante de Deus.</text:p><text:p text:style-name="P5"/><text:p text:style-name="P6">&quot;Revestido&quot; - essa gloriosa condição quando todos os redimidos do Senhor terão seus novos corpos. Isso acontecerá no momento em que o Senhor vier nos ares para nos levar para o céu.</text:p><text:p text:style-name="P5"/><text:p text:style-name="P5"><text:a xlink:type="simple" xlink:href="http://mysword.info/b?r=2Co_5:6-8" text:style-name="Internet_20_link" text:visited-style-name="Visited_20_Internet_20_Link"><text:span text:style-name="T1">2 Co 5:6-8</text:span></text:a><text:span text:style-name="T1"> Paulo está sempre perfeitamente confiante, e não somente Paulo, pois ele diz, &quot;estamos...&quot;.</text:span></text:p><text:p text:style-name="P5"/><text:p text:style-name="P5"><text:a xlink:type="simple" xlink:href="http://mysword.info/b?r=2Co_5:9" text:style-name="Internet_20_link" text:visited-style-name="Visited_20_Internet_20_Link"><text:span text:style-name="T1">2 Co 5:9</text:span></text:a><text:span text:style-name="T1"> Por causa desta confiança devemos amar agradar ao Senhor.</text:span></text:p><text:p text:style-name="P5"/><text:p text:style-name="P5"><text:a xlink:type="simple" xlink:href="http://mysword.info/b?r=2Co_5:10" text:style-name="Internet_20_link" text:visited-style-name="Visited_20_Internet_20_Link"><text:span text:style-name="T1">2 Co 5:10</text:span></text:a><text:span text:style-name="T1"> Todo crente em nosso Senhor Jesus, terá sua vida revista - e irá descobrir que tudo o que foi feito para nosso Senhor em obediência à Sua Palavra será recompensado.</text:span></text:p><text:p text:style-name="P5"/><text:p text:style-name="P5"><text:a xlink:type="simple" xlink:href="http://mysword.info/b?r=2Co_5:20" text:style-name="Internet_20_link" text:visited-style-name="Visited_20_Internet_20_Link"><text:span text:style-name="T1">2 Co 5:20</text:span></text:a><text:span text:style-name="T1"> Podemos ser como embaixadores que representam nosso Senhor neste mundo culpado (somente os Apóstolos eram realmente &quot;embaixadores&quot;).</text:span></text:p><text:p text:style-name="P5"/><text:h text:style-name="P2" text:outline-level="2"><text:bookmark text:name="__RefHeading___Toc1211_1052241590"/>#334</text:h><text:p text:style-name="P5"/><text:p text:style-name="P6">Se estivermos andando humildemente, Deus nos guiará.</text:p><text:p text:style-name="P5"/><text:h text:style-name="P1" text:outline-level="2"><text:bookmark text:name="__RefHeading___Toc1213_1052241590"/><text:a xlink:type="simple" xlink:href="http://mysword.info/b?r=2Co_6" text:style-name="Internet_20_link" text:visited-style-name="Visited_20_Internet_20_Link"><text:span text:style-name="T1">2 CORÍNTIOS 6</text:span></text:a></text:h><text:p text:style-name="P5"/><text:p text:style-name="P5"><text:a xlink:type="simple" xlink:href="http://mysword.info/b?r=2Co_6:1-10" text:style-name="Internet_20_link" text:visited-style-name="Visited_20_Internet_20_Link"><text:span text:style-name="T1">2 Co 6:1-10</text:span></text:a><text:span text:style-name="T1"> O serviço fiel a nosso Senhor não irá receber honra aqui. Paulo, enquanto estava vivo e ensinava a Palavra de Deus, sofreu muito. E isto é verdade até hoje. Se você quiser ser sincero para com o Senhor Jesus - quiser confessar Seu nome - quiser estar reunido ao Seu Nome de coração - a seguir Sua Palavra, você não vai ser popular. Paulo alegremente continuava a servir o Senhor; ele nos encoraja a fazermos o mesmo hoje.</text:span></text:p><text:p text:style-name="P5"/><text:p text:style-name="P5"><text:a xlink:type="simple" xlink:href="http://mysword.info/b?r=2Co_6:14-17" text:style-name="Internet_20_link" text:visited-style-name="Visited_20_Internet_20_Link"><text:span text:style-name="T1">2 Co 6:14-17</text:span></text:a><text:span text:style-name="T1"> Somos instruídos a não estarmos em jugo desigual (unidos) a incrédulos. Nem no casamento e nem de qualquer outra maneira, nos devemos estar neste jugo desigual. Muitos crentes estão ficando descuidados a este respeito. A Palavra de Deus não pode ser desprezada sem que venha a nos custar algo mais tarde. Ele chama a Si próprio de Deus Todo Poderoso, pois Ele é maior que qualquer um que queira perseguir o crente. E Ele promete fielmente que será um Pai para com os Seus. Sejamos filhos obedientes e seremos cheios de coragem. Quando nos falta coragem é porque somos desobedientes.</text:span></text:p><text:p text:style-name="P5"/><text:h text:style-name="P2" text:outline-level="2"><text:bookmark text:name="__RefHeading___Toc1215_1052241590"/>#335</text:h><text:p text:style-name="P5"/><text:p text:style-name="P6">O entendimento é a comunhão consciente com os pensamentos de Deus acerca de um assunto.</text:p><text:p text:style-name="P5"/><text:h text:style-name="P1" text:outline-level="2"><text:bookmark text:name="__RefHeading___Toc1217_1052241590"/><text:a xlink:type="simple" xlink:href="http://mysword.info/b?r=2Co_7" text:style-name="Internet_20_link" text:visited-style-name="Visited_20_Internet_20_Link"><text:span text:style-name="T1">2 CORÍNTIOS 7</text:span></text:a></text:h><text:p text:style-name="P5"/><text:p text:style-name="P6">Somos instruídos a nos livrarmos de tudo aquilo que venha a desonrar o Senhor. &quot;Imundícia da carne&quot; - sem dúvida existem maus hábitos que não estariam agradando o Senhor, os quais alegremente abandonaríamos para não entristecê-Lo. E a &quot;imundícia do espírito&quot; serviria para nos lembrar do jugo desigual contra o qual acabamos de ser lembrados.</text:p><text:p text:style-name="P5"/><text:p text:style-name="P5"><text:a xlink:type="simple" xlink:href="http://mysword.info/b?r=2Co_7:6-7" text:style-name="Internet_20_link" text:visited-style-name="Visited_20_Internet_20_Link"><text:span text:style-name="T1">2 Co 7:6-7</text:span></text:a><text:span text:style-name="T1"> Tito trouxe a Paulo as boas novas que ele esperava, que os Coríntios haviam recebido e agido conforme a mensagem da primeira carta.</text:span></text:p><text:p text:style-name="P5"/><text:p text:style-name="P5"><text:a xlink:type="simple" xlink:href="http://mysword.info/b?r=2Co_7:11" text:style-name="Internet_20_link" text:visited-style-name="Visited_20_Internet_20_Link"><text:span text:style-name="T1">2 Co 7:11</text:span></text:a><text:span text:style-name="T1"> Os Coríntios havia se arrependido e lamentado sua falta de cuidado em permitir o mal na assembléia. Na verdade, a assembléia devia ser culpada pela condição descrita em </text:span><text:a xlink:type="simple" xlink:href="http://mysword.info/b?r=1Co_5/" text:style-name="Internet_20_link" text:visited-style-name="Visited_20_Internet_20_Link"><text:span text:style-name="T1">1 Co 5</text:span></text:a><text:span text:style-name="T1">. Leia o </text:span><text:a xlink:type="simple" xlink:href="http://mysword.info/b?r=2Co_7:2" text:style-name="Internet_20_link" text:visited-style-name="Visited_20_Internet_20_Link"><text:span text:style-name="T1">vers. 2</text:span></text:a><text:span text:style-name="T1">. Mas demorou um bom tempo para a assembléia entender isto. Assim havia na verdade dois males. O mal moral no homem, o mal religioso na assembléia. Portanto é bom ver (neste versículo) que tudo tinha um efeito corretivo sobre a assembléia.</text:span></text:p><text:p text:style-name="P5"/><text:p text:style-name="P5"><text:a xlink:type="simple" xlink:href="http://mysword.info/b?r=2Co_7:15" text:style-name="Internet_20_link" text:visited-style-name="Visited_20_Internet_20_Link"><text:span text:style-name="T1">2 Co 7:15</text:span></text:a><text:span text:style-name="T1"> Os Coríntios não estavam com medo de Tito, mas tinham um saudável respeito pela Palavra de Deus trazida por Paulo. Eles obedeciam a mensagem enviada pelo Senhor. Possamos também tremer diante da Palavra de Deus, o obedecê-la.</text:span></text:p><text:p text:style-name="P5"/><text:h text:style-name="P2" text:outline-level="2"><text:bookmark text:name="__RefHeading___Toc1219_1052241590"/>#336</text:h><text:p text:style-name="P5"/><text:p text:style-name="P6">O Senhor me está dizendo, &quot;Conheço as tuas obras, tua ocupação é Me conhecer&quot;.</text:p><text:p text:style-name="P5"/><text:h text:style-name="P1" text:outline-level="2"><text:bookmark text:name="__RefHeading___Toc1221_1052241590"/><text:a xlink:type="simple" xlink:href="http://mysword.info/b?r=2Co_8" text:style-name="Internet_20_link" text:visited-style-name="Visited_20_Internet_20_Link"><text:span text:style-name="T1">2 CORÍNTIOS 8</text:span></text:a></text:h><text:p text:style-name="P5"/><text:p text:style-name="P5"><text:a xlink:type="simple" xlink:href="http://mysword.info/b?r=2Co_8:1-7" text:style-name="Internet_20_link" text:visited-style-name="Visited_20_Internet_20_Link"><text:span text:style-name="T1">2 Co 8:1-7</text:span></text:a><text:span text:style-name="T1"> Lindo exemplo de generosidade Cristã.</text:span></text:p><text:p text:style-name="P5"/><text:p text:style-name="P5"><text:a xlink:type="simple" xlink:href="http://mysword.info/b?r=2Co_8:2" text:style-name="Internet_20_link" text:visited-style-name="Visited_20_Internet_20_Link"><text:span text:style-name="T1">2 Co 8:2</text:span></text:a><text:span text:style-name="T1"> Em meio à aflição e profunda pobreza eles davam tão generosamente. Mas aquilo produzia muito gozo!</text:span></text:p><text:p text:style-name="P5"/><text:p text:style-name="P5"><text:a xlink:type="simple" xlink:href="http://mysword.info/b?r=2Co_8:5" text:style-name="Internet_20_link" text:visited-style-name="Visited_20_Internet_20_Link"><text:span text:style-name="T1">2 Co 8:5</text:span></text:a><text:span text:style-name="T1"> Eles primeiro deram a si mesmos ao Senhor, e então deram suas dádivas. O Senhor não quer o seu dinheiro ou suas dádivas tanto quanto Ele quer você antes de mais nada! E aí passa a ser seu privilégio ser generoso para com o necessitado, e Ele manterá um registro completo disso.</text:span></text:p><text:p text:style-name="P5"><text:soft-page-break/></text:p><text:p text:style-name="P5"><text:a xlink:type="simple" xlink:href="http://mysword.info/b?r=2Co_8:9" text:style-name="Internet_20_link" text:visited-style-name="Visited_20_Internet_20_Link"><text:span text:style-name="T1">2 Co 8:9</text:span></text:a><text:span text:style-name="T1"> O perfeito e maravilhoso padrão de se dar. O Senhor Jesus tornou-Se pobre - Ele deu tudo e então deu-Se a Si mesmo - para que pudéssemos ser ricos. Nunca podemos medir nossas riquezas, pois elas são espirituais e são para sempre. As coisas desta vida, logo deixaremos para trás.</text:span></text:p><text:p text:style-name="P5"/><text:p text:style-name="P5"><text:a xlink:type="simple" xlink:href="http://mysword.info/b?r=2Co_8:12" text:style-name="Internet_20_link" text:visited-style-name="Visited_20_Internet_20_Link"><text:span text:style-name="T1">2 Co 8:12</text:span></text:a><text:span text:style-name="T1"> Deus sabe o que precisamos das coisas materiais e não exige 10 porcento (dízimo) de nós.</text:span></text:p><text:p text:style-name="P5"/><text:p text:style-name="P5"><text:a xlink:type="simple" xlink:href="http://mysword.info/b?r=2Co_8:20" text:style-name="Internet_20_link" text:visited-style-name="Visited_20_Internet_20_Link"><text:span text:style-name="T1">2 Co 8:20</text:span></text:a><text:span text:style-name="T1"> Paulo agia de um modo que pudesse evitar quaisquer acusações de cobiça ou mexericos.</text:span></text:p><text:p text:style-name="P5"/><text:p text:style-name="P5"><text:a xlink:type="simple" xlink:href="http://mysword.info/b?r=2Co_8:21" text:style-name="Internet_20_link" text:visited-style-name="Visited_20_Internet_20_Link"><text:span text:style-name="T1">2 Co 8:21</text:span></text:a><text:span text:style-name="T1"> Vamos agir sempre de modo totalmente honesto diante do Senhor e diante das pessoas. Nossas palavras cairão em ouvidos surdos se outros virem que não somos honestos.</text:span></text:p><text:p text:style-name="P5"/><text:h text:style-name="P2" text:outline-level="2"><text:bookmark text:name="__RefHeading___Toc1223_1052241590"/>#337</text:h><text:p text:style-name="P5"/><text:p text:style-name="P6">A alma não está completamente restaurada antes que aquilo que tem levado a essas falhas seja julgado no coração. Normalmente será descoberto que é por haver a alma deixado a comunhão com Deus e feito a sua própria vontade.</text:p><text:p text:style-name="P5"/><text:h text:style-name="P1" text:outline-level="2"><text:bookmark text:name="__RefHeading___Toc1225_1052241590"/><text:a xlink:type="simple" xlink:href="http://mysword.info/b?r=2Co_9" text:style-name="Internet_20_link" text:visited-style-name="Visited_20_Internet_20_Link"><text:span text:style-name="T1">2 CORÍNTIOS 9</text:span></text:a></text:h><text:p text:style-name="P5"/><text:p text:style-name="P5"><text:a xlink:type="simple" xlink:href="http://mysword.info/b?r=2Co_9:1-5" text:style-name="Internet_20_link" text:visited-style-name="Visited_20_Internet_20_Link"><text:span text:style-name="T1">2 Co 9:1-5</text:span></text:a><text:span text:style-name="T1"> Esses crentes eram bem generosos no que davam.</text:span></text:p><text:p text:style-name="P5"/><text:p text:style-name="P5"><text:a xlink:type="simple" xlink:href="http://mysword.info/b?r=2Co_9:2" text:style-name="Internet_20_link" text:visited-style-name="Visited_20_Internet_20_Link"><text:span text:style-name="T1">2 Co 9:2</text:span></text:a><text:span text:style-name="T1"> Seu zelo havia encorajado muitos a também serem generosos.</text:span></text:p><text:p text:style-name="P5"/><text:p text:style-name="P5"><text:a xlink:type="simple" xlink:href="http://mysword.info/b?r=2Co_9:6" text:style-name="Internet_20_link" text:visited-style-name="Visited_20_Internet_20_Link"><text:span text:style-name="T1">2 Co 9:6</text:span></text:a><text:span text:style-name="T1"> Estamos agora semeando ao usarmos com fidelidade aquilo que o Senhor nos tem dado. E o tempo da colheita chegará quando o Senhor irá rever nossa vida e nos elogiará e recompensará por aquilo que foi feito ou dado a Ele.</text:span></text:p><text:p text:style-name="P5"/><text:p text:style-name="P5"><text:a xlink:type="simple" xlink:href="http://mysword.info/b?r=2Co_9:7" text:style-name="Internet_20_link" text:visited-style-name="Visited_20_Internet_20_Link"><text:span text:style-name="T1">2 Co 9:7</text:span></text:a><text:span text:style-name="T1"> &quot;Deus ama ao que dá com alegria&quot;. Quão bom receber uma dádiva de alguém que a deu alegremente por amar você!</text:span></text:p><text:p text:style-name="P5"/><text:p text:style-name="P5"><text:a xlink:type="simple" xlink:href="http://mysword.info/b?r=2Co_9:11-12" text:style-name="Internet_20_link" text:visited-style-name="Visited_20_Internet_20_Link"><text:span text:style-name="T1">2 Co 9:11-12</text:span></text:a><text:span text:style-name="T1"> Esta generosidade trazia &quot;ações de graças a Deus&quot;, o que é mencionado no final de cada versículo. Havia na realidade três benefícios; primeiro os Coríntios que davam tão generosamente iriam receber um galardão; segundo, aqueles que recebiam a dádiva seriam encorajados por ela; terceiro, o Senhor recebia o agradecimento!</text:span></text:p><text:p text:style-name="P5"/><text:p text:style-name="P5"><text:a xlink:type="simple" xlink:href="http://mysword.info/b?r=2Co_9:15" text:style-name="Internet_20_link" text:visited-style-name="Visited_20_Internet_20_Link"><text:span text:style-name="T1">2 Co 9:15</text:span></text:a><text:span text:style-name="T1"> Um lembrete da mais maravilhosa e mais generosa dádiva de todas. Deus deu o Seu próprio Filho. Verdadeiramente um dom inefável.</text:span></text:p><text:p text:style-name="P5"/><text:h text:style-name="P2" text:outline-level="2"><text:bookmark text:name="__RefHeading___Toc1227_1052241590"/>#338</text:h><text:p text:style-name="P5"/><text:p text:style-name="P6">A presença de Deus dá um sentimento daquilo que o pecado é... então a alma reconhece que a vontade-própria tomou o lugar da comunhão com Deus.</text:p><text:p text:style-name="P5"/><text:h text:style-name="P1" text:outline-level="2"><text:bookmark text:name="__RefHeading___Toc1229_1052241590"/><text:a xlink:type="simple" xlink:href="http://mysword.info/b?r=2Co_10" text:style-name="Internet_20_link" text:visited-style-name="Visited_20_Internet_20_Link"><text:span text:style-name="T1">2 CORÍNTIOS 10</text:span></text:a></text:h><text:p text:style-name="P5"/><text:p text:style-name="P5"><text:a xlink:type="simple" xlink:href="http://mysword.info/b?r=2Co_10:1-2" text:style-name="Internet_20_link" text:visited-style-name="Visited_20_Internet_20_Link"><text:span text:style-name="T1">2 Co 10:1-2</text:span></text:a><text:span text:style-name="T1"> Alguns estavam dizendo que Paulo era &quot;baixo&quot; (ou humilde) quando estava com eles. É verdade que Paulo era dócil e gentio, pois ele era um seguidor do Senhor Jesus. Mas isso não significa que ele fazia vistas grossas para o pecado, ou que deixava passar despercebida a desobediência.</text:span></text:p><text:p text:style-name="P5"/><text:p text:style-name="P5"><text:a xlink:type="simple" xlink:href="http://mysword.info/b?r=2Co_10:5" text:style-name="Internet_20_link" text:visited-style-name="Visited_20_Internet_20_Link"><text:span text:style-name="T1">2 Co 10:5</text:span></text:a><text:span text:style-name="T1"> O dócil e gentil apóstolo falando sobre a obediência à Palavra de Deus. Ele avisa com linguagem forte que nunca devemos permitir que nossos pensamentos ou raciocínios questionem a Palavra de Deus. Nos curvamos de boa vontade à Palavra e andamos e obediência a ela, como o próprio Cristo fez.</text:span></text:p><text:p text:style-name="P5"/><text:p text:style-name="P5"><text:a xlink:type="simple" xlink:href="http://mysword.info/b?r=2Co_10:6" text:style-name="Internet_20_link" text:visited-style-name="Visited_20_Internet_20_Link"><text:span text:style-name="T1">2 Co 10:6</text:span></text:a><text:span text:style-name="T1"> A desobediência à Palavra de Deus nunca é tratada com leviandade. É completamente condenada, pois o Senhor nos tem dado o poder para obedecer à Sua Palavra.</text:span></text:p><text:p text:style-name="P5"/><text:p text:style-name="P5"><text:a xlink:type="simple" xlink:href="http://mysword.info/b?r=2Co_10:10" text:style-name="Internet_20_link" text:visited-style-name="Visited_20_Internet_20_Link"><text:span text:style-name="T1">2 Co 10:10</text:span></text:a><text:span text:style-name="T1"> Repare na maneira rude como alguns dos crentes falavam de Paulo, &quot;a presença do corpo é fraca, e a palavra desprezível.&quot; E todavia ele os amava muito e tentava ajudá-los e pastoreá-los.</text:span></text:p><text:p text:style-name="P5"/><text:p text:style-name="P5"><text:a xlink:type="simple" xlink:href="http://mysword.info/b?r=2Co_10:17" text:style-name="Internet_20_link" text:visited-style-name="Visited_20_Internet_20_Link"><text:span text:style-name="T1">2 Co 10:17</text:span></text:a><text:span text:style-name="T1"> Se ele tivesse se gloriado em si mesmo, teria sido ofendido pela zombaria deles, mas em lugar disso ele se gloriava no Senhor.</text:span></text:p><text:p text:style-name="P5"/><text:p text:style-name="P5"><text:a xlink:type="simple" xlink:href="http://mysword.info/b?r=2Co_10:18" text:style-name="Internet_20_link" text:visited-style-name="Visited_20_Internet_20_Link"><text:span text:style-name="T1">2 Co 10:18</text:span></text:a><text:span text:style-name="T1"> Sejamos cuidadosos em servirmos e obedecermos em quietude, e deixemos elogie.</text:span></text:p><text:h text:style-name="P2" text:outline-level="2"><text:bookmark text:name="__RefHeading___Toc1231_1052241590"/>#339</text:h><text:p text:style-name="P5"/><text:p text:style-name="P6">Após a restauração existe um grande perigo de uma nova queda se a raiz do mal não tiver sido julgada.</text:p><text:p text:style-name="P5"/><text:h text:style-name="P1" text:outline-level="2"><text:bookmark text:name="__RefHeading___Toc1233_1052241590"/><text:a xlink:type="simple" xlink:href="http://mysword.info/b?r=2Co_11" text:style-name="Internet_20_link" text:visited-style-name="Visited_20_Internet_20_Link"><text:span text:style-name="T1">2 CORÍNTIOS 11</text:span></text:a></text:h><text:p text:style-name="P5"/><text:p text:style-name="P5"><text:a xlink:type="simple" xlink:href="http://mysword.info/b?r=2Co_11:1-3" text:style-name="Internet_20_link" text:visited-style-name="Visited_20_Internet_20_Link"><text:span text:style-name="T1">2 Co 11:1-3</text:span></text:a><text:span text:style-name="T1"> Paulo amava e desejava a bênção dos Coríntios! Ele queria que aqueles crentes fossem sinceros e fiéis ao seu Senhor. Mas ele sabia que Satanás havia enganado a Eva, de modo que Satanás iria tentar enganá-los.</text:span></text:p><text:p text:style-name="P5"/><text:p text:style-name="P5"><text:a xlink:type="simple" xlink:href="http://mysword.info/b?r=2Co_11:4" text:style-name="Internet_20_link" text:visited-style-name="Visited_20_Internet_20_Link"><text:span text:style-name="T1">2 Co 11:4</text:span></text:a><text:span text:style-name="T1"> Falsos mestres já haviam se introduzido, e Paulo avisa para tomarem cuidado com eles.</text:span></text:p><text:p text:style-name="P5"/><text:p text:style-name="P5"><text:a xlink:type="simple" xlink:href="http://mysword.info/b?r=2Co_11:13-15" text:style-name="Internet_20_link" text:visited-style-name="Visited_20_Internet_20_Link"><text:span text:style-name="T1">2 Co 11:13-15</text:span></text:a><text:span text:style-name="T1"> Avisos a respeito desses mestres, e o inimigo que eles representavam. &quot;Ministros de Satanás&quot;. Trata-se de uma linguagem forte mas é necessária. Há muitos hoje que vêm à nossa casa com más doutrinas. Eles agem como &quot;anjos de luz&quot; e carregam uma Bíblia com eles, e falam muito de Deus, mas negam a divindade do Senhor Jesus Cristo; negam que Ele é Deus Filho.</text:span></text:p><text:p text:style-name="P5"/><text:p text:style-name="P5"><text:a xlink:type="simple" xlink:href="http://mysword.info/b?r=2Co_11:21-29" text:style-name="Internet_20_link" text:visited-style-name="Visited_20_Internet_20_Link"><text:span text:style-name="T1">2 Co 11:21-29</text:span></text:a><text:span text:style-name="T1"> Este relato nos deixa envergonhados, pois sentimos que sofremos pouco, se é que sofremos, pelo Senhor. Se permanecermos pela verdade da Palavra de Deus, seremos criticados, às vezes até por outros crentes.</text:span></text:p><text:p text:style-name="P5"/><text:p text:style-name="P5"><text:a xlink:type="simple" xlink:href="http://mysword.info/b?r=2Co_11:30" text:style-name="Internet_20_link" text:visited-style-name="Visited_20_Internet_20_Link"><text:span text:style-name="T1">2 Co 11:30</text:span></text:a><text:span text:style-name="T1"> E agora vemos que ele não se gloria naquilo que havia sofrido, mas em suas fraquezas: isso magnificava o poder e a graça de Deus.</text:span></text:p><text:p text:style-name="P5"/><text:h text:style-name="P2" text:outline-level="2"><text:bookmark text:name="__RefHeading___Toc1235_1052241590"/>#340</text:h><text:p text:style-name="P5"/><text:p text:style-name="P6">Toda a recuperação está baseada no arrependimento.</text:p><text:p text:style-name="P5"/><text:h text:style-name="P1" text:outline-level="2"><text:bookmark text:name="__RefHeading___Toc1237_1052241590"/><text:a xlink:type="simple" xlink:href="http://mysword.info/b?r=2Co_12" text:style-name="Internet_20_link" text:visited-style-name="Visited_20_Internet_20_Link"><text:span text:style-name="T1">2 CORÍNTIOS 12</text:span></text:a></text:h><text:p text:style-name="P5"/><text:p text:style-name="P5"><text:a xlink:type="simple" xlink:href="http://mysword.info/b?r=2Co_12:1-5" text:style-name="Internet_20_link" text:visited-style-name="Visited_20_Internet_20_Link"><text:span text:style-name="T1">2 Co 12:1-5</text:span></text:a><text:span text:style-name="T1"> Paulo evita se gloriar em si mesmo, portanto fala nestes versículos de &quot;um homem em Cristo&quot;, todavia está se referindo a si próprio. O terceiro céu é a morada eterna de Deus, onde o crente irá viver para sempre. Está além de tudo o que já foi criado! Paulo não podia descrever, em palavras humanas, a experiência que passou ali.</text:span></text:p><text:p text:style-name="P5"/><text:p text:style-name="P5"><text:a xlink:type="simple" xlink:href="http://mysword.info/b?r=2Co_12:7" text:style-name="Internet_20_link" text:visited-style-name="Visited_20_Internet_20_Link"><text:span text:style-name="T1">2 Co 12:7</text:span></text:a><text:span text:style-name="T1"> Havia o perigo de Paulo se orgulhar dessa experiência, por isso lhe foi dado uma aflição física, chamada aqui de &quot;espinho na carne&quot;.</text:span></text:p><text:p text:style-name="P5"/><text:p text:style-name="P5"><text:a xlink:type="simple" xlink:href="http://mysword.info/b?r=2Co_12:8-9" text:style-name="Internet_20_link" text:visited-style-name="Visited_20_Internet_20_Link"><text:span text:style-name="T1">2 Co 12:8-9</text:span></text:a><text:span text:style-name="T1"> Paulo pediu a Senhor por 3 vezes que tirasse sua aflição, mas ele recebeu esta resposta. O Senhor disse que daria a Paulo a graça para suportar. Ele não promete remover todas as provas, mas Ele promete nos dar a habilidade de suportar o que Ele permite que passemos.</text:span></text:p><text:p text:style-name="P5"/><text:p text:style-name="P5"><text:a xlink:type="simple" xlink:href="http://mysword.info/b?r=2Co_12:9" text:style-name="Internet_20_link" text:visited-style-name="Visited_20_Internet_20_Link"><text:span text:style-name="T1">2 Co 12:9</text:span></text:a><text:span text:style-name="T1"> &quot;O poder de Cristo&quot;. Esta é a única vez que esta expressão é encontrada na Bíblia. Pode ser um grande encorajamento para cada crente quando ele ou ela passar, com a permissão do Senhor, por uma doença ou dificuldade séria. Então, e só então, isto é prometido ser dado, &quot;para que em mim habite o poder de Cristo&quot;. Você está entendendo a mensagem?</text:span></text:p><text:p text:style-name="P5"/><text:p text:style-name="P5"><text:a xlink:type="simple" xlink:href="http://mysword.info/b?r=2Co_12:10" text:style-name="Internet_20_link" text:visited-style-name="Visited_20_Internet_20_Link"><text:span text:style-name="T1">2 Co 12:10</text:span></text:a><text:span text:style-name="T1"> Paulo havia aprendido sua lição... &quot;quando estou fraco, então sou forte&quot;. Se confiamos em nossa própria força falhamos, mas se, em nossa fraqueza, nos apoiarmos em nosso Senhor, Ele nos dará a força que precisamos.</text:span></text:p><text:p text:style-name="P5"/><text:p text:style-name="P5"><text:a xlink:type="simple" xlink:href="http://mysword.info/b?r=2Co_12:15" text:style-name="Internet_20_link" text:visited-style-name="Visited_20_Internet_20_Link"><text:span text:style-name="T1">2 Co 12:15</text:span></text:a><text:span text:style-name="T1"> Desejemos esse espírito de amor perdoador... não o buscar por amor, mas o demonstrar amor a todos.</text:span></text:p><text:p text:style-name="P5"/><text:h text:style-name="P2" text:outline-level="2"><text:bookmark text:name="__RefHeading___Toc1239_1052241590"/>#341 </text:h><text:p text:style-name="P5"/><text:p text:style-name="P6">Existe entre nós pouco poder para restaurar porque há falta de espiritualidade e daquele amor que se importa com os membros de Cristo.</text:p><text:p text:style-name="P5"/><text:h text:style-name="P1" text:outline-level="2"><text:bookmark text:name="__RefHeading___Toc1241_1052241590"/><text:a xlink:type="simple" xlink:href="http://mysword.info/b?r=2Co_13" text:style-name="Internet_20_link" text:visited-style-name="Visited_20_Internet_20_Link"><text:span text:style-name="T1">2 CORÍNTIOS 13</text:span></text:a></text:h><text:p text:style-name="P5"/><text:p text:style-name="P5"><text:a xlink:type="simple" xlink:href="http://mysword.info/b?r=2Co_13:1-3" text:style-name="Internet_20_link" text:visited-style-name="Visited_20_Internet_20_Link"><text:span text:style-name="T1">2 Co 13:1-3</text:span></text:a><text:span text:style-name="T1"> Alguns diziam que não criam que ele fosse verdadeiramente um apóstolo.</text:span></text:p><text:p text:style-name="P5"/><text:p text:style-name="P5"><text:a xlink:type="simple" xlink:href="http://mysword.info/b?r=2Co_13:3" text:style-name="Internet_20_link" text:visited-style-name="Visited_20_Internet_20_Link"><text:span text:style-name="T1">2 Co 13:3</text:span></text:a><text:span text:style-name="T1"> Eles pediam a Paulo uma prova.</text:span></text:p><text:p text:style-name="P5"/><text:p text:style-name="P5"><text:a xlink:type="simple" xlink:href="http://mysword.info/b?r=2Co_13:5" text:style-name="Internet_20_link" text:visited-style-name="Visited_20_Internet_20_Link"><text:span text:style-name="T1">2 Co 13:5</text:span></text:a><text:span text:style-name="T1"> Sua resposta. &quot;Examinai-vos a vós mesmos... estais salvos... por intermédio da pregação de quem fostes salvos?&quot; Evidentemente eles teriam que admitir que havia sido por intermédio da pregação de Paulo, por isso ele diz, &quot;Esta é vossa prova de que Cristo tem falado por meu intermédio&quot;.</text:span></text:p><text:p text:style-name="P5"/><text:p text:style-name="P5"><text:a xlink:type="simple" xlink:href="http://mysword.info/b?r=2Co_13:11" text:style-name="Internet_20_link" text:visited-style-name="Visited_20_Internet_20_Link"><text:span text:style-name="T1">2 Co 13:11</text:span></text:a><text:span text:style-name="T1"> Paulo não achou fácil escrever estas 2 cartas. Ele amava muito aqueles crentes, e foi doloroso para ele ter que adverti-los e corrigi-los. Agora que tinha terminado, ele fala de modo tão gentil, &quot;Quanto ao mais, irmãos, regozijai-vos&quot;. Se pertencemos a nosso Senhor Jesus somos verdadeiramente &quot;irmãos&quot; e podemos saudar alegremente uns aos outros deste modo. &quot;Sede perfeitos&quot; - ele não desejava nada menos para eles do que um seguir ao Senhor de modo sincero e fiel. &quot;Sede consolados&quot; - Ele sabia o que era ser consolado na tribulação, e ele queria que eles soubessem disso também. &quot;Sede de um mesmo parecer, vivei em paz&quot;. Desejamos isto?</text:span></text:p><text:p text:style-name="P5"/></text:section></office:text></office:body></office:document-content>