<?xml version="1.0" encoding="UTF-8"?>
<office:document-content xmlns:office="urn:oasis:names:tc:opendocument:xmlns:office:1.0" xmlns:style="urn:oasis:names:tc:opendocument:xmlns:style:1.0" xmlns:text="urn:oasis:names:tc:opendocument:xmlns:text:1.0" xmlns:table="urn:oasis:names:tc:opendocument:xmlns:table:1.0" xmlns:draw="urn:oasis:names:tc:opendocument:xmlns:drawing:1.0" xmlns:fo="urn:oasis:names:tc:opendocument:xmlns:xsl-fo-compatible:1.0" xmlns:xlink="http://www.w3.org/1999/xlink" xmlns:dc="http://purl.org/dc/elements/1.1/" xmlns:meta="urn:oasis:names:tc:opendocument:xmlns:meta:1.0" xmlns:number="urn:oasis:names:tc:opendocument:xmlns:datastyle:1.0" xmlns:svg="urn:oasis:names:tc:opendocument:xmlns:svg-compatible:1.0" xmlns:chart="urn:oasis:names:tc:opendocument:xmlns:chart:1.0" xmlns:dr3d="urn:oasis:names:tc:opendocument:xmlns:dr3d:1.0" xmlns:math="http://www.w3.org/1998/Math/MathML" xmlns:form="urn:oasis:names:tc:opendocument:xmlns:form:1.0" xmlns:script="urn:oasis:names:tc:opendocument:xmlns:script:1.0" xmlns:ooo="http://openoffice.org/2004/office" xmlns:ooow="http://openoffice.org/2004/writer" xmlns:oooc="http://openoffice.org/2004/calc" xmlns:dom="http://www.w3.org/2001/xml-events" xmlns:xforms="http://www.w3.org/2002/xforms" xmlns:xsd="http://www.w3.org/2001/XMLSchema" xmlns:xsi="http://www.w3.org/2001/XMLSchema-instance" xmlns:rpt="http://openoffice.org/2005/report" xmlns:of="urn:oasis:names:tc:opendocument:xmlns:of:1.2" xmlns:xhtml="http://www.w3.org/1999/xhtml" xmlns:grddl="http://www.w3.org/2003/g/data-view#" xmlns:officeooo="http://openoffice.org/2009/office" xmlns:tableooo="http://openoffice.org/2009/table" xmlns:drawooo="http://openoffice.org/2010/draw" xmlns:calcext="urn:org:documentfoundation:names:experimental:calc:xmlns:calcext:1.0" xmlns:loext="urn:org:documentfoundation:names:experimental:office:xmlns:loext:1.0" xmlns:field="urn:openoffice:names:experimental:ooo-ms-interop:xmlns:field:1.0" xmlns:formx="urn:openoffice:names:experimental:ooxml-odf-interop:xmlns:form:1.0" xmlns:css3t="http://www.w3.org/TR/css3-text/" office:version="1.2"><office:scripts/><office:font-face-decls><style:font-face style:name="FreeSans1" svg:font-family="FreeSans"/><style:font-face style:name="Liberation Sans" svg:font-family="&apos;Liberation Sans&apos;, sans-serif"/><style:font-face style:name="Noto Sans CJK SC Regular1" svg:font-family="&apos;Noto Sans CJK SC Regular&apos;"/><style:font-face style:name="FreeSans2" svg:font-family="FreeSans" style:font-family-generic="swiss"/><style:font-face style:name="Liberation Serif" svg:font-family="&apos;Liberation Serif&apos;" style:font-family-generic="roman" style:font-pitch="variable"/><style:font-face style:name="Thorndale" svg:font-family="Thorndale" style:font-family-generic="roman" style:font-pitch="variable"/><style:font-face style:name="Albany" svg:font-family="Albany" style:font-family-generic="swiss" style:font-pitch="variable"/><style:font-face style:name="FreeSans" svg:font-family="FreeSans" style:font-family-generic="system" style:font-pitch="variable"/><style:font-face style:name="Noto Sans CJK SC Regular" svg:font-family="&apos;Noto Sans CJK SC Regular&apos;" style:font-family-generic="system" style:font-pitch="variable"/></office:font-face-decls><office:automatic-styles><style:style style:name="P1" style:family="paragraph" style:parent-style-name="Heading_20_2"><style:paragraph-properties fo:line-height="150%"/><style:text-properties style:font-name="Liberation Sans" fo:font-size="12pt"/></style:style><style:style style:name="P2" style:family="paragraph" style:parent-style-name="Heading_20_2"><style:paragraph-properties fo:line-height="150%"/></style:style><style:style style:name="P3" style:family="paragraph" style:parent-style-name="Heading_20_2"><style:paragraph-properties fo:line-height="150%" fo:break-before="page"/><style:text-properties style:font-name="Liberation Sans" fo:font-size="12pt"/></style:style><style:style style:name="P4" style:family="paragraph" style:parent-style-name="Text_20_body" style:master-page-name="HTML"><style:paragraph-properties fo:margin-top="0cm" fo:margin-bottom="0cm" loext:contextual-spacing="false" fo:line-height="150%" fo:text-align="start" style:justify-single-word="false" style:page-number="auto"/></style:style><style:style style:name="P5" style:family="paragraph" style:parent-style-name="Text_20_body"><style:paragraph-properties fo:margin-top="0cm" fo:margin-bottom="0cm" loext:contextual-spacing="false" fo:line-height="150%" fo:text-align="start" style:justify-single-word="false"/></style:style><style:style style:name="P6" style:family="paragraph" style:parent-style-name="Text_20_body"><style:paragraph-properties fo:margin-top="0cm" fo:margin-bottom="0cm" loext:contextual-spacing="false" fo:line-height="150%" fo:text-align="justify" style:justify-single-word="false"/></style:style><style:style style:name="P7" style:family="paragraph" style:parent-style-name="Text_20_body"><style:paragraph-properties fo:margin-top="0cm" fo:margin-bottom="0cm" loext:contextual-spacing="false" fo:line-height="150%" fo:text-align="justify" style:justify-single-word="false"/><style:text-properties style:font-name="Liberation Sans" fo:font-size="12pt"/></style:style><style:style style:name="T1" style:family="text"><style:text-properties style:font-name="Liberation Sans" fo:font-size="12pt"/></style:style><style:style style:name="T2" style:family="text"><style:text-properties style:font-name="Liberation Sans" fo:font-size="12pt" fo:font-weight="bold"/></style:style><style:style style:name="T3" style:family="text"><style:text-properties style:font-name="Liberation Sans" fo:font-size="12pt" fo:font-weight="normal"/></style:style><style:style style:name="T4" style:family="text"><style:text-properties fo:font-variant="normal" fo:text-transform="none"/></style:style><style:style style:name="T5" style:family="text"><style:text-properties fo:font-variant="normal" fo:text-transform="none" style:font-name="Liberation Sans" fo:font-size="12pt" fo:font-style="normal" fo:font-weight="normal"/></style:style><style:style style:name="T6" style:family="text"><style:text-properties fo:color="#000000"/></style:style><style:style style:name="T7" style:family="text"><style:text-properties fo:color="#000000" style:font-name="Liberation Sans" fo:font-size="12pt" fo:font-weight="normal"/></style:style><style:style style:name="T8" style:family="text"><style:text-properties fo:color="#000099" style:text-line-through-style="none" style:text-line-through-type="none" style:font-name="Liberation Sans" fo:font-size="12pt" style:text-underline-style="none" fo:font-weight="bold" style:text-blinking="false"/></style:style><style:style style:name="fr1" style:family="graphic" style:parent-style-name="Graphics"><style:graphic-properties style:wrap="right" style:number-wrapped-paragraphs="no-limit" style:wrap-contour="false" style:vertical-pos="top" style:vertical-rel="paragraph-content" style:horizontal-pos="left" style:horizontal-rel="paragraph" style:mirror="none" fo:clip="rect(0cm, 0cm, 0cm, 0cm)" draw:luminance="0%" draw:contrast="0%" draw:red="0%" draw:green="0%" draw:blue="0%" draw:gamma="100%" draw:color-inversion="false" draw:image-opacity="100%" draw:color-mode="standard"/></style:style><style:style style:name="Sect1" style:family="section"><style:section-properties style:writing-mode="lr-tb" style:editable="false"><style:columns fo:column-count="1" fo:column-gap="0cm"/></style:section-properties></style:style></office:automatic-styles><office:body><office:text><text:sequence-decls><text:sequence-decl text:display-outline-level="0" text:name="Illustration"/><text:sequence-decl text:display-outline-level="0" text:name="Table"/><text:sequence-decl text:display-outline-level="0" text:name="Text"/><text:sequence-decl text:display-outline-level="0" text:name="Drawing"/></text:sequence-decls><text:section text:style-name="Sect1" text:name="texto"><text:p text:style-name="P4"><draw:frame draw:style-name="fr1" draw:name="Figura1" text:anchor-type="paragraph" svg:width="17.013cm" svg:height="24.897cm" draw:z-index="0"><draw:image xlink:href="Pictures/1000020100000A5D00000F2FD80C00D3EE8ACF1E.png" xlink:type="simple" xlink:show="embed" xlink:actuate="onLoad"/></draw:frame><office:annotation><dc:date>2018-07-29T09:38:07.952913475</dc:date><text:p>HTML: &lt;meta name=&quot;created&quot; content=&quot;00:00:00&quot;&gt;</text:p></office:annotation><office:annotation><dc:date>2018-07-29T09:38:07.952942521</dc:date><text:p>HTML: &lt;meta name=&quot;changed&quot; content=&quot;2018-07-29T09:35:10.622555989&quot;&gt;</text:p></office:annotation><office:annotation><dc:date>2018-07-29T09:38:07.952963210</dc:date><text:p>HTML: &lt;meta name=&quot;created&quot; content=&quot;00:00:00&quot;&gt;</text:p></office:annotation><office:annotation><dc:date>2018-07-29T09:38:07.952985599</dc:date><text:p>HTML: &lt;meta name=&quot;changed&quot; content=&quot;2018-07-29T09:10:33.949504513&quot;&gt;</text:p></office:annotation><office:annotation><dc:date>2018-07-29T09:38:07.953005063</dc:date><text:p>HTML: &lt;meta name=&quot;created&quot; content=&quot;00:00:00&quot;&gt;</text:p></office:annotation><office:annotation><dc:date>2018-07-29T09:38:07.953026506</dc:date><text:p>HTML: &lt;meta name=&quot;changed&quot; content=&quot;2018-07-25T07:29:06.202858494&quot;&gt;</text:p></office:annotation><office:annotation><dc:date>2018-07-29T09:38:07.953046406</dc:date><text:p>HTML: &lt;meta name=&quot;created&quot; content=&quot;00:00:00&quot;&gt;</text:p></office:annotation><office:annotation><dc:date>2018-07-29T09:38:07.953075868</dc:date><text:p>HTML: &lt;meta name=&quot;changed&quot; content=&quot;2018-07-23T19:07:48.649548923&quot;&gt;</text:p></office:annotation><office:annotation><dc:date>2018-07-29T09:38:07.953092457</dc:date><text:p>HTML: &lt;meta name=&quot;created&quot; content=&quot;00:00:00&quot;&gt;</text:p></office:annotation><office:annotation><dc:date>2018-07-29T09:38:07.953110361</dc:date><text:p>HTML: &lt;meta name=&quot;changed&quot; content=&quot;2018-07-23T18:50:20.358713176&quot;&gt;</text:p></office:annotation></text:p><text:p text:style-name="P5"><text:span text:style-name="Strong_20_Emphasis"><text:span text:style-name="T5"><office:annotation><dc:date>2018-07-29T09:38:09.246811943</dc:date><text:p>HTML: &lt;meta name=&quot;created&quot; content=&quot;00:00:00&quot;&gt;</text:p></office:annotation></text:span></text:span><text:span text:style-name="Strong_20_Emphasis"><text:span text:style-name="T5"><office:annotation><dc:date>2018-07-29T09:38:09.246825345</dc:date><text:p>HTML: &lt;meta name=&quot;changed&quot; content=&quot;2018-07-23T17:42:26.190125942&quot;&gt;</text:p></office:annotation></text:span></text:span><text:span text:style-name="Strong_20_Emphasis"><text:span text:style-name="T5"><office:annotation><dc:date>2018-07-29T09:38:09.246835449</dc:date><text:p>HTML: &lt;meta name=&quot;created&quot; content=&quot;00:00:00&quot;&gt;</text:p></office:annotation></text:span></text:span><text:span text:style-name="Strong_20_Emphasis"><text:span text:style-name="T5"><office:annotation><dc:date>2018-07-29T09:38:09.246846320</dc:date><text:p>HTML: &lt;meta name=&quot;changed&quot; content=&quot;2018-07-01T22:54:53.906086358&quot;&gt;</text:p></office:annotation></text:span></text:span><text:span text:style-name="Strong_20_Emphasis"><text:span text:style-name="T5"><office:annotation><dc:date>2018-07-29T09:38:09.246855795</dc:date><text:p>HTML: &lt;meta name=&quot;created&quot; content=&quot;00:00:00&quot;&gt;</text:p></office:annotation></text:span></text:span><text:span text:style-name="Strong_20_Emphasis"><text:span text:style-name="T5"><office:annotation><dc:date>2018-07-29T09:38:09.246865807</dc:date><text:p>HTML: &lt;meta name=&quot;changed&quot; content=&quot;2018-07-01T22:13:16.001692095&quot;&gt;</text:p></office:annotation></text:span></text:span><text:span text:style-name="Strong_20_Emphasis"><text:span text:style-name="T5"><office:annotation><dc:date>2018-07-29T09:38:09.246875050</dc:date><text:p>HTML: &lt;meta name=&quot;created&quot; content=&quot;00:00:00&quot;&gt;</text:p></office:annotation></text:span></text:span><text:span text:style-name="Strong_20_Emphasis"><text:span text:style-name="T5"><office:annotation><dc:date>2018-07-29T09:38:09.246884350</dc:date><text:p>HTML: &lt;meta name=&quot;changed&quot; content=&quot;00:00:00&quot;&gt;</text:p></office:annotation></text:span></text:span><text:span text:style-name="Strong_20_Emphasis"><text:span text:style-name="T5"><office:annotation><dc:date>2018-07-29T09:38:09.246893412</dc:date><text:p>HTML: &lt;meta name=&quot;created&quot; content=&quot;00:00:00&quot;&gt;</text:p></office:annotation></text:span></text:span><text:span text:style-name="Strong_20_Emphasis"><text:span text:style-name="T5"><office:annotation><dc:date>2018-07-29T09:38:09.246903616</dc:date><text:p>HTML: &lt;meta name=&quot;changed&quot; content=&quot;2018-06-29T22:40:27.905434121&quot;&gt;</text:p></office:annotation></text:span></text:span><text:span text:style-name="Strong_20_Emphasis"><text:span text:style-name="T5"><office:annotation><dc:date>2018-07-29T09:38:09.246912775</dc:date><text:p>HTML: &lt;meta name=&quot;created&quot; content=&quot;00:00:00&quot;&gt;</text:p></office:annotation></text:span></text:span><text:span text:style-name="Strong_20_Emphasis"><text:span text:style-name="T5"><office:annotation><dc:date>2018-07-29T09:38:09.246922701</dc:date><text:p>HTML: &lt;meta name=&quot;changed&quot; content=&quot;2018-06-29T22:19:54.818236607&quot;&gt;</text:p></office:annotation></text:span></text:span><text:span text:style-name="Strong_20_Emphasis"><text:span text:style-name="T5"><office:annotation><dc:date>2018-07-29T09:38:09.246931740</dc:date><text:p>HTML: &lt;meta name=&quot;created&quot; content=&quot;00:00:00&quot;&gt;</text:p></office:annotation></text:span></text:span><text:span text:style-name="Strong_20_Emphasis"><text:span text:style-name="T5"><office:annotation><dc:date>2018-07-29T09:38:09.246941689</dc:date><text:p>HTML: &lt;meta name=&quot;changed&quot; content=&quot;2018-06-29T16:48:09.289221502&quot;&gt;</text:p></office:annotation></text:span></text:span><text:span text:style-name="Strong_20_Emphasis"><text:span text:style-name="T5"><office:annotation><dc:date>2018-07-29T09:38:09.246950779</dc:date><text:p>HTML: &lt;meta name=&quot;created&quot; content=&quot;00:00:00&quot;&gt;</text:p></office:annotation></text:span></text:span><text:span text:style-name="Strong_20_Emphasis"><text:span text:style-name="T5"><office:annotation><dc:date>2018-07-29T09:38:09.246960630</dc:date><text:p>HTML: &lt;meta name=&quot;changed&quot; content=&quot;2018-06-28T13:04:28.492733451&quot;&gt;</text:p></office:annotation></text:span></text:span><text:span text:style-name="Strong_20_Emphasis"><text:span text:style-name="T5"><office:annotation><dc:date>2018-07-29T09:38:09.246969743</dc:date><text:p>HTML: &lt;meta name=&quot;created&quot; content=&quot;00:00:00&quot;&gt;</text:p></office:annotation></text:span></text:span><text:span text:style-name="Strong_20_Emphasis"><text:span text:style-name="T5"><office:annotation><dc:date>2018-07-29T09:38:09.246979877</dc:date><text:p>HTML: &lt;meta name=&quot;changed&quot; content=&quot;2018-06-26T16:14:44.639882738&quot;&gt;</text:p></office:annotation></text:span></text:span><text:span text:style-name="Strong_20_Emphasis"><text:span text:style-name="T5"><office:annotation><dc:date>2018-07-29T09:38:09.246989099</dc:date><text:p>HTML: &lt;meta name=&quot;created&quot; content=&quot;00:00:00&quot;&gt;</text:p></office:annotation></text:span></text:span><text:span text:style-name="Strong_20_Emphasis"><text:span text:style-name="T5"><office:annotation><dc:date>2018-07-29T09:38:09.246999105</dc:date><text:p>HTML: &lt;meta name=&quot;changed&quot; content=&quot;2018-06-26T00:07:28.897913089&quot;&gt;</text:p></office:annotation></text:span></text:span><text:span text:style-name="Strong_20_Emphasis"><text:span text:style-name="T5"><office:annotation><dc:date>2018-07-29T09:38:09.247008237</dc:date><text:p>HTML: &lt;meta name=&quot;created&quot; content=&quot;00:00:00&quot;&gt;</text:p></office:annotation></text:span></text:span><text:span text:style-name="Strong_20_Emphasis"><text:span text:style-name="T5"><office:annotation><dc:date>2018-07-29T09:38:09.247018203</dc:date><text:p>HTML: &lt;meta name=&quot;changed&quot; content=&quot;2018-06-25T20:14:42.039332923&quot;&gt;</text:p></office:annotation></text:span></text:span><text:span text:style-name="Strong_20_Emphasis"><text:span text:style-name="T5"><office:annotation><dc:date>2018-07-29T09:38:09.247027139</dc:date><text:p>HTML: &lt;meta name=&quot;created&quot; content=&quot;00:00:00&quot;&gt;</text:p></office:annotation></text:span></text:span><text:span text:style-name="Strong_20_Emphasis"><text:span text:style-name="T5"><office:annotation><dc:date>2018-07-29T09:38:09.247036822</dc:date><text:p>HTML: &lt;meta name=&quot;changed&quot; content=&quot;2018-06-24T22:32:07.411315002&quot;&gt;</text:p></office:annotation></text:span></text:span><text:span text:style-name="Strong_20_Emphasis"><text:span text:style-name="T5"><office:annotation><dc:date>2018-07-29T09:38:09.247045771</dc:date><text:p>HTML: &lt;meta name=&quot;created&quot; content=&quot;00:00:00&quot;&gt;</text:p></office:annotation></text:span></text:span><text:span text:style-name="Strong_20_Emphasis"><text:span text:style-name="T5"><office:annotation><dc:date>2018-07-29T09:38:09.247055521</dc:date><text:p>HTML: &lt;meta name=&quot;changed&quot; content=&quot;2018-06-24T15:42:01.493043692&quot;&gt;</text:p></office:annotation></text:span></text:span><text:span text:style-name="Strong_20_Emphasis"><text:span text:style-name="T5"><office:annotation><dc:date>2018-07-29T09:38:09.247064113</dc:date><text:p>HTML: &lt;meta name=&quot;created&quot; content=&quot;00:00:00&quot;&gt;</text:p></office:annotation></text:span></text:span><text:span text:style-name="Strong_20_Emphasis"><text:span text:style-name="T5"><office:annotation><dc:date>2018-07-29T09:38:09.247073754</dc:date><text:p>HTML: &lt;meta name=&quot;changed&quot; content=&quot;2018-06-24T09:30:05.416727667&quot;&gt;</text:p></office:annotation></text:span></text:span><text:span text:style-name="Strong_20_Emphasis"><text:span text:style-name="T5"><office:annotation><dc:date>2018-07-29T09:38:09.247082274</dc:date><text:p>HTML: &lt;meta name=&quot;created&quot; content=&quot;00:00:00&quot;&gt;</text:p></office:annotation></text:span></text:span><text:span text:style-name="Strong_20_Emphasis"><text:span text:style-name="T5"><office:annotation><dc:date>2018-07-29T09:38:09.247091621</dc:date><text:p>HTML: &lt;meta name=&quot;changed&quot; content=&quot;2018-06-23T16:36:03.100363804&quot;&gt;</text:p></office:annotation></text:span></text:span><text:span text:style-name="Strong_20_Emphasis"><text:span text:style-name="T5"><office:annotation><dc:date>2018-07-29T09:38:09.247100207</dc:date><text:p>HTML: &lt;meta name=&quot;created&quot; content=&quot;00:00:00&quot;&gt;</text:p></office:annotation></text:span></text:span><text:span text:style-name="Strong_20_Emphasis"><text:span text:style-name="T5"><office:annotation><dc:date>2018-07-29T09:38:09.247109611</dc:date><text:p>HTML: &lt;meta name=&quot;changed&quot; content=&quot;2018-06-23T11:36:03.222001170&quot;&gt;</text:p></office:annotation></text:span></text:span><text:span text:style-name="Strong_20_Emphasis"><text:span text:style-name="T5"><office:annotation><dc:date>2018-07-29T09:38:09.247118327</dc:date><text:p>HTML: &lt;meta name=&quot;created&quot; content=&quot;00:00:00&quot;&gt;</text:p></office:annotation></text:span></text:span><text:span text:style-name="Strong_20_Emphasis"><text:span text:style-name="T5"><office:annotation><dc:date>2018-07-29T09:38:09.247128413</dc:date><text:p>HTML: &lt;meta name=&quot;changed&quot; content=&quot;2018-06-21T23:23:09.057807835&quot;&gt;</text:p></office:annotation></text:span></text:span><text:span text:style-name="Strong_20_Emphasis"><text:span text:style-name="T5"><office:annotation><dc:date>2018-07-29T09:38:09.247137424</dc:date><text:p>HTML: &lt;meta name=&quot;created&quot; content=&quot;00:00:00&quot;&gt;</text:p></office:annotation></text:span></text:span><text:span text:style-name="Strong_20_Emphasis"><text:span text:style-name="T5"><office:annotation><dc:date>2018-07-29T09:38:09.247147485</dc:date><text:p>HTML: &lt;meta name=&quot;changed&quot; content=&quot;2018-06-21T17:55:17.865393136&quot;&gt;</text:p></office:annotation></text:span></text:span><text:span text:style-name="Strong_20_Emphasis"><text:span text:style-name="T5"><office:annotation><dc:date>2018-07-29T09:38:09.247156400</dc:date><text:p>HTML: &lt;meta name=&quot;created&quot; content=&quot;00:00:00&quot;&gt;</text:p></office:annotation></text:span></text:span><text:span text:style-name="Strong_20_Emphasis"><text:span text:style-name="T5"><office:annotation><dc:date>2018-07-29T09:38:09.247166342</dc:date><text:p>HTML: &lt;meta name=&quot;changed&quot; content=&quot;2018-06-21T12:21:22.763521742&quot;&gt;</text:p></office:annotation></text:span></text:span><text:span text:style-name="Strong_20_Emphasis"><text:span text:style-name="T5"><office:annotation><dc:date>2018-07-29T09:38:09.247175576</dc:date><text:p>HTML: &lt;meta name=&quot;created&quot; content=&quot;00:00:00&quot;&gt;</text:p></office:annotation></text:span></text:span><text:span text:style-name="Strong_20_Emphasis"><text:span text:style-name="T5"><office:annotation><dc:date>2018-07-29T09:38:09.247185599</dc:date><text:p>HTML: &lt;meta name=&quot;changed&quot; content=&quot;2018-06-20T18:34:19.830157535&quot;&gt;</text:p></office:annotation></text:span></text:span><text:span text:style-name="Strong_20_Emphasis"><text:span text:style-name="T5"><office:annotation><dc:date>2018-07-29T09:38:09.247194606</dc:date><text:p>HTML: &lt;meta name=&quot;created&quot; content=&quot;00:00:00&quot;&gt;</text:p></office:annotation></text:span></text:span><text:span text:style-name="Strong_20_Emphasis"><text:span text:style-name="T5"><office:annotation><dc:date>2018-07-29T09:38:09.247204787</dc:date><text:p>HTML: &lt;meta name=&quot;changed&quot; content=&quot;2018-06-19T12:54:18.844691454&quot;&gt;</text:p></office:annotation></text:span></text:span><text:span text:style-name="Strong_20_Emphasis"><text:span text:style-name="T5"><office:annotation><dc:date>2018-07-29T09:38:09.247213873</dc:date><text:p>HTML: &lt;meta name=&quot;created&quot; content=&quot;00:00:00&quot;&gt;</text:p></office:annotation></text:span></text:span><text:span text:style-name="Strong_20_Emphasis"><text:span text:style-name="T5"><office:annotation><dc:date>2018-07-29T09:38:09.247223946</dc:date><text:p>HTML: &lt;meta name=&quot;changed&quot; content=&quot;2018-06-18T23:20:12.738581285&quot;&gt;</text:p></office:annotation></text:span></text:span><text:span text:style-name="Strong_20_Emphasis"><text:span text:style-name="T5"><office:annotation><dc:date>2018-07-29T09:38:09.247233368</dc:date><text:p>HTML: &lt;meta name=&quot;created&quot; content=&quot;00:00:00&quot;&gt;</text:p></office:annotation></text:span></text:span><text:span text:style-name="Strong_20_Emphasis"><text:span text:style-name="T5"><office:annotation><dc:date>2018-07-29T09:38:09.247243211</dc:date><text:p>HTML: &lt;meta name=&quot;changed&quot; content=&quot;2018-06-18T20:39:37.890329984&quot;&gt;</text:p></office:annotation></text:span></text:span><text:span text:style-name="Strong_20_Emphasis"><text:span text:style-name="T5"><office:annotation><dc:date>2018-07-29T09:38:09.247252344</dc:date><text:p>HTML: &lt;meta name=&quot;created&quot; content=&quot;00:00:00&quot;&gt;</text:p></office:annotation></text:span></text:span><text:span text:style-name="Strong_20_Emphasis"><text:span text:style-name="T5"><office:annotation><dc:date>2018-07-29T09:38:09.247262114</dc:date><text:p>HTML: &lt;meta name=&quot;changed&quot; content=&quot;2018-06-18T12:45:23.879199387&quot;&gt;</text:p></office:annotation></text:span></text:span><text:span text:style-name="Strong_20_Emphasis"><text:span text:style-name="T5"><office:annotation><dc:date>2018-07-29T09:38:09.247271188</dc:date><text:p>HTML: &lt;meta name=&quot;created&quot; content=&quot;00:00:00&quot;&gt;</text:p></office:annotation></text:span></text:span><text:span text:style-name="Strong_20_Emphasis"><text:span text:style-name="T5"><office:annotation><dc:date>2018-07-29T09:38:09.247281064</dc:date><text:p>HTML: &lt;meta name=&quot;changed&quot; content=&quot;2018-06-17T20:02:02.143589569&quot;&gt;</text:p></office:annotation></text:span></text:span><text:span text:style-name="Strong_20_Emphasis"><text:span text:style-name="T5"><office:annotation><dc:date>2018-07-29T09:38:09.247309459</dc:date><text:p>HTML: &lt;meta name=&quot;created&quot; content=&quot;00:00:00&quot;&gt;</text:p></office:annotation></text:span></text:span><text:span text:style-name="Strong_20_Emphasis"><text:span text:style-name="T5"><office:annotation><dc:date>2018-07-29T09:38:09.247320007</dc:date><text:p>HTML: &lt;meta name=&quot;changed&quot; content=&quot;2018-06-17T19:45:54.789583280&quot;&gt;</text:p></office:annotation></text:span></text:span><text:span text:style-name="Strong_20_Emphasis"><text:span text:style-name="T5"><office:annotation><dc:date>2018-07-29T09:38:09.247329958</dc:date><text:p>HTML: &lt;meta name=&quot;created&quot; content=&quot;00:00:00&quot;&gt;</text:p></office:annotation></text:span></text:span><text:span text:style-name="Strong_20_Emphasis"><text:span text:style-name="T5"><office:annotation><dc:date>2018-07-29T09:38:09.247340198</dc:date><text:p>HTML: &lt;meta name=&quot;changed&quot; content=&quot;2018-06-16T15:19:53.989201345&quot;&gt;</text:p></office:annotation></text:span></text:span><text:span text:style-name="Strong_20_Emphasis"><text:span text:style-name="T5"><office:annotation><dc:date>2018-07-29T09:38:09.247349441</dc:date><text:p>HTML: &lt;meta name=&quot;created&quot; content=&quot;00:00:00&quot;&gt;</text:p></office:annotation></text:span></text:span><text:span text:style-name="Strong_20_Emphasis"><text:span text:style-name="T5"><office:annotation><dc:date>2018-07-29T09:38:09.247359562</dc:date><text:p>HTML: &lt;meta name=&quot;changed&quot; content=&quot;2018-06-16T13:50:44.432862129&quot;&gt;</text:p></office:annotation></text:span></text:span><text:span text:style-name="Strong_20_Emphasis"><text:span text:style-name="T5"><office:annotation><dc:date>2018-07-29T09:38:09.247368757</dc:date><text:p>HTML: &lt;meta name=&quot;created&quot; content=&quot;00:00:00&quot;&gt;</text:p></office:annotation></text:span></text:span><text:span text:style-name="Strong_20_Emphasis"><text:span text:style-name="T5"><office:annotation><dc:date>2018-07-29T09:38:09.247378675</dc:date><text:p>HTML: &lt;meta name=&quot;changed&quot; content=&quot;2018-06-16T10:49:58.030689160&quot;&gt;</text:p></office:annotation></text:span></text:span><text:span text:style-name="Strong_20_Emphasis"><text:span text:style-name="T5"><office:annotation><dc:date>2018-07-29T09:38:09.247387852</dc:date><text:p>HTML: &lt;meta name=&quot;created&quot; content=&quot;00:00:00&quot;&gt;</text:p></office:annotation></text:span></text:span><text:span text:style-name="Strong_20_Emphasis"><text:span text:style-name="T5"><office:annotation><dc:date>2018-07-29T09:38:09.247397922</dc:date><text:p>HTML: &lt;meta name=&quot;changed&quot; content=&quot;2018-06-15T13:05:31.693854059&quot;&gt;</text:p></office:annotation></text:span></text:span><text:span text:style-name="Strong_20_Emphasis"><text:span text:style-name="T5"><office:annotation><dc:date>2018-07-29T09:38:09.247407851</dc:date><text:p>HTML: &lt;meta name=&quot;changed&quot; content=&quot;2018-06-15T16:46:54.538249678&quot;&gt;</text:p></office:annotation></text:span></text:span><text:span text:style-name="Strong_20_Emphasis"><text:span text:style-name="T5"><office:annotation><dc:date>2018-07-29T09:38:09.247417084</dc:date><text:p>HTML: &lt;meta name=&quot;created&quot; content=&quot;00:00:00&quot;&gt;</text:p></office:annotation></text:span></text:span><text:span text:style-name="Strong_20_Emphasis"><text:span text:style-name="T5"><office:annotation><dc:date>2018-07-29T09:38:09.247427141</dc:date><text:p>HTML: &lt;meta name=&quot;changed&quot; content=&quot;2018-06-14T22:55:38.007259856&quot;&gt;</text:p></office:annotation></text:span></text:span><text:span text:style-name="Strong_20_Emphasis"><text:span text:style-name="T5"><office:annotation><dc:date>2018-07-29T09:38:09.247436343</dc:date><text:p>HTML: &lt;meta name=&quot;created&quot; content=&quot;00:00:00&quot;&gt;</text:p></office:annotation></text:span></text:span><text:span text:style-name="Strong_20_Emphasis"><text:span text:style-name="T5"><office:annotation><dc:date>2018-07-29T09:38:09.247446382</dc:date><text:p>HTML: &lt;meta name=&quot;changed&quot; content=&quot;2018-06-14T20:52:51.033526204&quot;&gt;</text:p></office:annotation></text:span></text:span><text:span text:style-name="Strong_20_Emphasis"><text:span text:style-name="T5"><office:annotation><dc:date>2018-07-29T09:38:09.247455470</dc:date><text:p>HTML: &lt;meta name=&quot;created&quot; content=&quot;00:00:00&quot;&gt;</text:p></office:annotation></text:span></text:span><text:span text:style-name="Strong_20_Emphasis"><text:span text:style-name="T5"><office:annotation><dc:date>2018-07-29T09:38:09.247465103</dc:date><text:p>HTML: &lt;meta name=&quot;changed&quot; content=&quot;2018-06-14T17:27:12.577284577&quot;&gt;</text:p></office:annotation></text:span></text:span><text:span text:style-name="Strong_20_Emphasis"><text:span text:style-name="T5"><office:annotation><dc:date>2018-07-29T09:38:09.247473988</dc:date><text:p>HTML: &lt;meta name=&quot;created&quot; content=&quot;00:00:00&quot;&gt;</text:p></office:annotation></text:span></text:span><text:span text:style-name="Strong_20_Emphasis"><text:span text:style-name="T5"><office:annotation><dc:date>2018-07-29T09:38:09.247483401</dc:date><text:p>HTML: &lt;meta name=&quot;changed&quot; content=&quot;2018-06-14T12:58:12.332824081&quot;&gt;</text:p></office:annotation></text:span></text:span><text:span text:style-name="Strong_20_Emphasis"><text:span text:style-name="T5"><office:annotation><dc:date>2018-07-29T09:38:09.247492033</dc:date><text:p>HTML: &lt;meta name=&quot;created&quot; content=&quot;00:00:00&quot;&gt;</text:p></office:annotation></text:span></text:span><text:span text:style-name="Strong_20_Emphasis"><text:span text:style-name="T5"><office:annotation><dc:date>2018-07-29T09:38:09.247501489</dc:date><text:p>HTML: &lt;meta name=&quot;changed&quot; content=&quot;2018-06-14T07:07:38.845049501&quot;&gt;</text:p></office:annotation></text:span></text:span><text:span text:style-name="Strong_20_Emphasis"><text:span text:style-name="T5"><office:annotation><dc:date>2018-07-29T09:38:09.247510137</dc:date><text:p>HTML: &lt;meta name=&quot;created&quot; content=&quot;00:00:00&quot;&gt;</text:p></office:annotation></text:span></text:span><text:span text:style-name="Strong_20_Emphasis"><text:span text:style-name="T5"><office:annotation><dc:date>2018-07-29T09:38:09.247519592</dc:date><text:p>HTML: &lt;meta name=&quot;changed&quot; content=&quot;2018-06-13T22:59:08.975991996&quot;&gt;</text:p></office:annotation></text:span></text:span><text:span text:style-name="Strong_20_Emphasis"><text:span text:style-name="T5"><office:annotation><dc:date>2018-07-29T09:38:09.247528186</dc:date><text:p>HTML: &lt;meta name=&quot;created&quot; content=&quot;00:00:00&quot;&gt;</text:p></office:annotation></text:span></text:span><text:span text:style-name="Strong_20_Emphasis"><text:span text:style-name="T5"><office:annotation><dc:date>2018-07-29T09:38:09.247537497</dc:date><text:p>HTML: &lt;meta name=&quot;changed&quot; content=&quot;2018-06-13T20:26:03.305702553&quot;&gt;</text:p></office:annotation></text:span></text:span><text:span text:style-name="Strong_20_Emphasis"><text:span text:style-name="T5"><office:annotation><dc:date>2018-07-29T09:38:09.247546448</dc:date><text:p>HTML: &lt;meta name=&quot;created&quot; content=&quot;00:00:00&quot;&gt;</text:p></office:annotation></text:span></text:span><text:span text:style-name="Strong_20_Emphasis"><text:span text:style-name="T5"><office:annotation><dc:date>2018-07-29T09:38:09.247556421</dc:date><text:p>HTML: &lt;meta name=&quot;changed&quot; content=&quot;2018-06-12T12:28:00.714637591&quot;&gt;</text:p></office:annotation></text:span></text:span><text:span text:style-name="Strong_20_Emphasis"><text:span text:style-name="T5"><office:annotation><dc:date>2018-07-29T09:38:09.247565550</dc:date><text:p>HTML: &lt;meta name=&quot;created&quot; content=&quot;00:00:00&quot;&gt;</text:p></office:annotation></text:span></text:span><text:span text:style-name="Strong_20_Emphasis"><text:span text:style-name="T5"><office:annotation><dc:date>2018-07-29T09:38:09.247575245</dc:date><text:p>HTML: &lt;meta name=&quot;changed&quot; content=&quot;2018-06-11T22:59:09.625284365&quot;&gt;</text:p></office:annotation></text:span></text:span><text:span text:style-name="Strong_20_Emphasis"><text:span text:style-name="T5"><office:annotation><dc:date>2018-07-29T09:38:09.247584908</dc:date><text:p>HTML: &lt;meta name=&quot;created&quot; content=&quot;2018-06-11T22:51:04.642681485&quot;&gt;</text:p></office:annotation></text:span></text:span><text:span text:style-name="Strong_20_Emphasis"><text:span text:style-name="T5"><office:annotation><dc:date>2018-07-29T09:38:09.247594383</dc:date><text:p>HTML: &lt;meta name=&quot;changed&quot; content=&quot;2018-06-11T22:52:11.240135258&quot;&gt;</text:p></office:annotation></text:span></text:span><text:span text:style-name="Strong_20_Emphasis"><text:span text:style-name="T5">Título: </text:span></text:span><text:span text:style-name="Strong_20_Emphasis"><text:span text:style-name="T5"><office:annotation><dc:date>2018-07-29T09:38:09.247661007</dc:date><text:p>HTML: &lt;meta name=&quot;created&quot; content=&quot;00:00:00&quot;&gt;</text:p></office:annotation></text:span></text:span><text:span text:style-name="Strong_20_Emphasis"><text:span text:style-name="T5"><office:annotation><dc:date>2018-07-29T09:38:09.247671874</dc:date><text:p>HTML: &lt;meta name=&quot;changed&quot; content=&quot;2018-06-14T22:55:38.007259856&quot;&gt;</text:p></office:annotation></text:span></text:span><text:span text:style-name="Strong_20_Emphasis"><text:span text:style-name="T5"><office:annotation><dc:date>2018-07-29T09:38:09.247680627</dc:date><text:p>HTML: &lt;meta name=&quot;created&quot; content=&quot;00:00:00&quot;&gt;</text:p></office:annotation></text:span></text:span><text:span text:style-name="Strong_20_Emphasis"><text:span text:style-name="T5"><office:annotation><dc:date>2018-07-29T09:38:09.247690755</dc:date><text:p>HTML: &lt;meta name=&quot;changed&quot; content=&quot;2018-06-14T20:52:51.033526204&quot;&gt;</text:p></office:annotation></text:span></text:span><text:span text:style-name="Strong_20_Emphasis"><text:span text:style-name="T5"><office:annotation><dc:date>2018-07-29T09:38:09.247699669</dc:date><text:p>HTML: &lt;meta name=&quot;created&quot; content=&quot;00:00:00&quot;&gt;</text:p></office:annotation></text:span></text:span><text:span text:style-name="Strong_20_Emphasis"><text:span text:style-name="T5"><office:annotation><dc:date>2018-07-29T09:38:09.247709171</dc:date><text:p>HTML: &lt;meta name=&quot;changed&quot; content=&quot;2018-06-14T17:27:12.577284577&quot;&gt;</text:p></office:annotation></text:span></text:span><text:span text:style-name="Strong_20_Emphasis"><text:span text:style-name="T5"><office:annotation><dc:date>2018-07-29T09:38:09.247718137</dc:date><text:p>HTML: &lt;meta name=&quot;created&quot; content=&quot;00:00:00&quot;&gt;</text:p></office:annotation></text:span></text:span><text:span text:style-name="Strong_20_Emphasis"><text:span text:style-name="T5"><office:annotation><dc:date>2018-07-29T09:38:09.247727647</dc:date><text:p>HTML: &lt;meta name=&quot;changed&quot; content=&quot;2018-06-14T12:58:12.332824081&quot;&gt;</text:p></office:annotation></text:span></text:span><text:span text:style-name="Strong_20_Emphasis"><text:span text:style-name="T5"><office:annotation><dc:date>2018-07-29T09:38:09.247736475</dc:date><text:p>HTML: &lt;meta name=&quot;created&quot; content=&quot;00:00:00&quot;&gt;</text:p></office:annotation></text:span></text:span><text:span text:style-name="Strong_20_Emphasis"><text:span text:style-name="T5"><office:annotation><dc:date>2018-07-29T09:38:09.247746056</dc:date><text:p>HTML: &lt;meta name=&quot;changed&quot; content=&quot;2018-06-14T07:07:38.845049501&quot;&gt;</text:p></office:annotation></text:span></text:span><text:span text:style-name="Strong_20_Emphasis"><text:span text:style-name="T5"><office:annotation><dc:date>2018-07-29T09:38:09.247754591</dc:date><text:p>HTML: &lt;meta name=&quot;created&quot; content=&quot;00:00:00&quot;&gt;</text:p></office:annotation></text:span></text:span><text:span text:style-name="Strong_20_Emphasis"><text:span text:style-name="T5"><office:annotation><dc:date>2018-07-29T09:38:09.247764219</dc:date><text:p>HTML: &lt;meta name=&quot;changed&quot; content=&quot;2018-06-13T22:59:08.975991996&quot;&gt;</text:p></office:annotation></text:span></text:span><text:span text:style-name="Strong_20_Emphasis"><text:span text:style-name="T5"><office:annotation><dc:date>2018-07-29T09:38:09.247773468</dc:date><text:p>HTML: &lt;meta name=&quot;created&quot; content=&quot;00:00:00&quot;&gt;</text:p></office:annotation></text:span></text:span><text:span text:style-name="Strong_20_Emphasis"><text:span text:style-name="T5"><office:annotation><dc:date>2018-07-29T09:38:09.247782865</dc:date><text:p>HTML: &lt;meta name=&quot;changed&quot; content=&quot;2018-06-13T20:26:03.305702553&quot;&gt;</text:p></office:annotation></text:span></text:span><text:span text:style-name="Strong_20_Emphasis"><text:span text:style-name="T5"><office:annotation><dc:date>2018-07-29T09:38:09.247791451</dc:date><text:p>HTML: &lt;meta name=&quot;created&quot; content=&quot;00:00:00&quot;&gt;</text:p></office:annotation></text:span></text:span><text:span text:style-name="Strong_20_Emphasis"><text:span text:style-name="T5"><office:annotation><dc:date>2018-07-29T09:38:09.247800899</dc:date><text:p>HTML: &lt;meta name=&quot;changed&quot; content=&quot;2018-06-12T12:28:00.714637591&quot;&gt;</text:p></office:annotation></text:span></text:span><text:span text:style-name="Strong_20_Emphasis"><text:span text:style-name="T5"><office:annotation><dc:date>2018-07-29T09:38:09.247809475</dc:date><text:p>HTML: &lt;meta name=&quot;created&quot; content=&quot;00:00:00&quot;&gt;</text:p></office:annotation></text:span></text:span><text:span text:style-name="Strong_20_Emphasis"><text:span text:style-name="T5"><office:annotation><dc:date>2018-07-29T09:38:09.247818975</dc:date><text:p>HTML: &lt;meta name=&quot;changed&quot; content=&quot;2018-06-11T22:59:09.625284365&quot;&gt;</text:p></office:annotation></text:span></text:span><text:span text:style-name="Strong_20_Emphasis"><text:span text:style-name="T5"><office:annotation><dc:date>2018-07-29T09:38:09.247828458</dc:date><text:p>HTML: &lt;meta name=&quot;created&quot; content=&quot;2018-06-11T22:51:04.642681485&quot;&gt;</text:p></office:annotation></text:span></text:span><text:span text:style-name="Strong_20_Emphasis"><text:span text:style-name="T5"><office:annotation><dc:date>2018-07-29T09:38:09.247837807</dc:date><text:p>HTML: &lt;meta name=&quot;changed&quot; content=&quot;2018-06-11T22:52:11.240135258&quot;&gt;</text:p></office:annotation></text:span></text:span><text:span text:style-name="Strong_20_Emphasis"><text:span text:style-name="T5">CHAPTER A DAY (NEEMIAS)<text:line-break/>Autor: NORMAN</text:span></text:span><text:span text:style-name="Strong_20_Emphasis"><text:span text:style-name="T4"> </text:span></text:span><text:span text:style-name="Strong_20_Emphasis"><text:span text:style-name="T5">BERRY </text:span></text:span><text:span text:style-name="Strong_20_Emphasis"><text:span text:style-name="T2"><text:line-break/><text:line-break/></text:span></text:span><text:span text:style-name="Strong_20_Emphasis"><text:span text:style-name="T7">Literaturas em formato</text:span></text:span><text:span text:style-name="Strong_20_Emphasis"><text:span text:style-name="T6"> </text:span></text:span><text:span text:style-name="Strong_20_Emphasis"><text:span text:style-name="T7">digital:<text:line-break/></text:span></text:span><text:a xlink:type="simple" xlink:href="http://www.acervodigitalcristao.com.br/" text:style-name="Internet_20_link" text:visited-style-name="Visited_20_Internet_20_Link"><text:span text:style-name="Strong_20_Emphasis"><text:span text:style-name="T2">www.acervodigitalcristao.com.br</text:span></text:span></text:a><text:span text:style-name="Strong_20_Emphasis"><text:span text:style-name="T8"><text:line-break/><text:line-break/></text:span></text:span><text:span text:style-name="Strong_20_Emphasis"><text:span text:style-name="T3">Literaturas em formato</text:span></text:span><text:span text:style-name="Strong_20_Emphasis"> </text:span><text:span text:style-name="Strong_20_Emphasis"><text:span text:style-name="T3">Impresso:<text:line-break/></text:span></text:span><text:a xlink:type="simple" xlink:href="http://www.verdadesvivas.com.br/" text:style-name="Internet_20_link" text:visited-style-name="Visited_20_Internet_20_Link"><text:span text:style-name="Strong_20_Emphasis"><text:span text:style-name="T2">www.verdadesvivas.com.br</text:span></text:span></text:a><text:span text:style-name="Strong_20_Emphasis"><text:span text:style-name="T8"><text:line-break/><text:line-break/></text:span></text:span><text:span text:style-name="Strong_20_Emphasis"><text:span text:style-name="T3">Evangelho em 03 Minutos:</text:span></text:span><text:span text:style-name="Strong_20_Emphasis"> </text:span><text:span text:style-name="Strong_20_Emphasis"><text:span text:style-name="T2"><text:line-break/></text:span></text:span><text:a xlink:type="simple" xlink:href="http://www.3minutos.net/" text:style-name="Internet_20_link" text:visited-style-name="Visited_20_Internet_20_Link"><text:span text:style-name="Strong_20_Emphasis"><text:span text:style-name="T2">www.3minutos.net</text:span></text:span></text:a><text:span text:style-name="Strong_20_Emphasis"><text:span text:style-name="T8"><text:line-break/><text:line-break/></text:span></text:span><text:span text:style-name="Strong_20_Emphasis"><text:span text:style-name="T3">O que respondi:<text:line-break/></text:span></text:span><text:a xlink:type="simple" xlink:href="http://www.respondi.com.br/" text:style-name="Internet_20_link" text:visited-style-name="Visited_20_Internet_20_Link"><text:span text:style-name="Strong_20_Emphasis"><text:span text:style-name="T2">www.respondi.com.br</text:span></text:span></text:a></text:p><text:h text:style-name="P3" text:outline-level="2"><text:bookmark text:name="__RefHeading___Toc2017_1280209449"/>#995</text:h><text:p text:style-name="P6"/><text:p text:style-name="P7">Nós, como Cristãos, somos exortados a vivermos à margem da cultura. Isto é, não somos, e nem podemos ser, parte da corrente cultural, por causa do bendito fato de que nossas mentes foram renovadas em Cristo.</text:p><text:p text:style-name="P6"/><text:h text:style-name="P2" text:outline-level="2"><text:bookmark text:name="__RefHeading___Toc2019_1280209449"/><text:a xlink:type="simple" xlink:href="http://mysword.info/b?r=Neh_1" text:style-name="Internet_20_link" text:visited-style-name="Visited_20_Internet_20_Link"><text:span text:style-name="T1">NEEMIAS 1</text:span></text:a></text:h><text:p text:style-name="P6"/><text:p text:style-name="P6"><text:span text:style-name="T1">O segundo dos 5 livros que descreve a época após um pequeno grupo de cerca de 50.000 ou menos (Judá e Benjamim) ter voltado a Jerusalém. Esdras nos contou da reconstrução do templo, hoje começamos a ler sobre a reconstrução do muro ao redor de Jerusalém. Do mesmo modo como eles precisavam de um muro para protegê-los das artimanhas e violência do inimigo, precisamos nos manter separados, (não isolados) do mundo. 2 Tm </text:span><text:a xlink:type="simple" xlink:href="http://mysword.info/b?r=2Ti_2:20-21" text:style-name="Internet_20_link" text:visited-style-name="Visited_20_Internet_20_Link"><text:span text:style-name="T1">2:20-21</text:span></text:a><text:span text:style-name="T1"> e </text:span><text:a xlink:type="simple" xlink:href="http://mysword.info/b?r=2Co_6:14" text:style-name="Internet_20_link" text:visited-style-name="Visited_20_Internet_20_Link"><text:span text:style-name="T1">2 Co 6:14</text:span></text:a><text:span text:style-name="T1">. Este livro se passa cerca de 12 anos após o tempo de Esdras. Nos dá a última visão histórica do povo de Deus no Antigo Testamento. Cremos que estamos vivendo nos últimos dias do povo de Deus neste &quot;tempo da graça&quot;. Possamos ser sensíveis ao que Deus está nos dizendo hoje. Mas provavelmente a maior lição para aprendermos hoje é que Neemias (significa Conforto de Jeová), por meio de seu livro, mostra que ele entendia perfeitamente as condições de ruína do povo de Deus.</text:span></text:p><text:p text:style-name="P6"/><text:p text:style-name="P6"><text:a xlink:type="simple" xlink:href="http://mysword.info/b?r=Neh_1:1" text:style-name="Internet_20_link" text:visited-style-name="Visited_20_Internet_20_Link"><text:span text:style-name="T1">Ne 1:1</text:span></text:a><text:span text:style-name="T1"> Susã estava na terra de seu cativeiro. Fica onde hoje é o Irã. Neemias vivia num palácio, e mesmo assim vemos que ele deixou aquele palácio e sofreu muitos problemas por amar o povo de Deus.</text:span></text:p><text:p text:style-name="P6"/><text:p text:style-name="P6"><text:a xlink:type="simple" xlink:href="http://mysword.info/b?r=Neh_1:2-3" text:style-name="Internet_20_link" text:visited-style-name="Visited_20_Internet_20_Link"><text:span text:style-name="T1">Ne 1:2-3</text:span></text:a><text:span text:style-name="T1"> Neemias inquiriu sobre seus irmãos, os Judeus que haviam voltado à sua terra, e descobre que estão passando por dificuldades.</text:span></text:p><text:p text:style-name="P6"/><text:p text:style-name="P6"><text:a xlink:type="simple" xlink:href="http://mysword.info/b?r=Neh_1:4-11" text:style-name="Internet_20_link" text:visited-style-name="Visited_20_Internet_20_Link"><text:span text:style-name="T1">Ne 1:4-11</text:span></text:a><text:span text:style-name="T1"> Nesta oração, Neemias mostra o seu profundo amor por seu povo, e sua grande dor por seus problemas.</text:span></text:p><text:p text:style-name="P6"/><text:p text:style-name="P6"><text:a xlink:type="simple" xlink:href="http://mysword.info/b?r=Neh_1:6" text:style-name="Internet_20_link" text:visited-style-name="Visited_20_Internet_20_Link"><text:span text:style-name="T1">Ne 1:6</text:span></text:a><text:span text:style-name="T1"> Ele admite que esses problemas ocorreram por causa do pecado e da desobediência, mas não culpa outros por isso, porém diz... &quot;eu e a casa de meu pai temos pecado&quot;. Neemias está ciente da triste ruína de seu próprio povo, os Judeus, e ele está também ciente da fidelidade do Senhor, a Quem se volta em oração.</text:span></text:p><text:p text:style-name="P6"/><text:p text:style-name="P6"><text:a xlink:type="simple" xlink:href="http://mysword.info/b?r=Neh_1:11" text:style-name="Internet_20_link" text:visited-style-name="Visited_20_Internet_20_Link"><text:span text:style-name="T1">Ne 1:11</text:span></text:a><text:span text:style-name="T1"> Neemias tinha uma posição de grande honra ali, mas ele chorou e orou porque o povo do Senhor estava em grande tristeza e tribulação. Repare que ele coloca o grande rei simplesmente como &quot;este homem&quot; diante de Deus.</text:span></text:p><text:p text:style-name="P6"/><text:h text:style-name="P1" text:outline-level="2"><text:bookmark text:name="__RefHeading___Toc2021_1280209449"/>#996</text:h><text:p text:style-name="P6"/><text:p text:style-name="P6"><text:span text:style-name="T1">Um garotinho disse: &quot;Eu sei porque as flores crescem. Elas querem sair logo da terra suja&quot;. (</text:span><text:a xlink:type="simple" xlink:href="http://mysword.info/b?r=Rom_12:9" text:style-name="Internet_20_link" text:visited-style-name="Visited_20_Internet_20_Link"><text:span text:style-name="T1">Rm 12:9</text:span></text:a><text:span text:style-name="T1">)</text:span></text:p><text:p text:style-name="P6"/><text:h text:style-name="P2" text:outline-level="2"><text:bookmark text:name="__RefHeading___Toc2023_1280209449"/><text:a xlink:type="simple" xlink:href="http://mysword.info/b?r=Neh_2" text:style-name="Internet_20_link" text:visited-style-name="Visited_20_Internet_20_Link"><text:span text:style-name="T1">NEEMIAS 2</text:span></text:a></text:h><text:p text:style-name="P6"/><text:p text:style-name="P6"><text:a xlink:type="simple" xlink:href="http://mysword.info/b?r=Neh_2:2" text:style-name="Internet_20_link" text:visited-style-name="Visited_20_Internet_20_Link"><text:span text:style-name="T1">Ne 2:2</text:span></text:a><text:span text:style-name="T1"> O rei repara que Neemias parece triste, e pergunta a razão. Aparecer triste na presença do rei podia significar a morte.</text:span></text:p><text:p text:style-name="P6"/><text:p text:style-name="P6"><text:a xlink:type="simple" xlink:href="http://mysword.info/b?r=Neh_2:4-5" text:style-name="Internet_20_link" text:visited-style-name="Visited_20_Internet_20_Link"><text:span text:style-name="T1">Ne 2:4-5</text:span></text:a><text:span text:style-name="T1"> Entre a pergunta e a resposta, houve uma rápida oração silenciosa ao Senhor. Que excelente hábito para qualquer um de nós!</text:span></text:p><text:p text:style-name="P6"/><text:p text:style-name="P6"><text:a xlink:type="simple" xlink:href="http://mysword.info/b?r=Neh_2:5-8" text:style-name="Internet_20_link" text:visited-style-name="Visited_20_Internet_20_Link"><text:span text:style-name="T1">Ne 2:5-8</text:span></text:a><text:span text:style-name="T1"> O rei escuta seu pedido e este é prontamente atendido.</text:span></text:p><text:p text:style-name="P6"/><text:p text:style-name="P6"><text:a xlink:type="simple" xlink:href="http://mysword.info/b?r=Neh_2:10" text:style-name="Internet_20_link" text:visited-style-name="Visited_20_Internet_20_Link"><text:span text:style-name="T1">Ne 2:10</text:span></text:a><text:span text:style-name="T1"> Sinais de problemas no horizonte. Dois homens, Sambalate e Tobias, ouvem acerca da visita de Neemias e ficam irados. (Sambalate era de Moabe - Tobias era de Amom. O ímpio princípio de seus povos é contado em Gênesis </text:span><text:a xlink:type="simple" xlink:href="http://mysword.info/b?r=Gen_19:32-38" text:style-name="Internet_20_link" text:visited-style-name="Visited_20_Internet_20_Link"><text:span text:style-name="T1">19:32-38</text:span></text:a><text:span text:style-name="T1">).</text:span></text:p><text:p text:style-name="P6"/><text:p text:style-name="P6"><text:a xlink:type="simple" xlink:href="http://mysword.info/b?r=Neh_2:12-18" text:style-name="Internet_20_link" text:visited-style-name="Visited_20_Internet_20_Link"><text:span text:style-name="T1">Ne 2:12-18</text:span></text:a><text:span text:style-name="T1"> Neemias faz uma volta de inspeção e descobre que as condições são muito ruins. Mas no </text:span><text:a xlink:type="simple" xlink:href="http://mysword.info/b?r=Neh_2:18" text:style-name="Internet_20_link" text:visited-style-name="Visited_20_Internet_20_Link"><text:span text:style-name="T1">versículo 18</text:span></text:a><text:span text:style-name="T1">, ele fala com confiança da mão de Deus. Nós também estamos vivendo em um dia de indiferença semelhante, mas podemos também contr com o Senhor para que esteja conosco, e podemos também sair a edificar (encorajar) uns aos outros.</text:span></text:p><text:p text:style-name="P6"/><text:p text:style-name="P6"><text:a xlink:type="simple" xlink:href="http://mysword.info/b?r=Neh_2:19" text:style-name="Internet_20_link" text:visited-style-name="Visited_20_Internet_20_Link"><text:span text:style-name="T1">Ne 2:19</text:span></text:a><text:span text:style-name="T1"> Aqueles 2 inimigos mais uma vez, e mais um se junta a eles para rirem e zombarem.</text:span></text:p><text:p text:style-name="P6"/><text:h text:style-name="P1" text:outline-level="2"><text:bookmark text:name="__RefHeading___Toc2025_1280209449"/>#997</text:h><text:p text:style-name="P6"/><text:p text:style-name="P6"><text:span text:style-name="T1">A menos que exista em nós aquilo que está acima de nós, logo acabaremos sucumbindo àquilo que está ao redor de nós. (</text:span><text:a xlink:type="simple" xlink:href="http://mysword.info/b?r=col_3:1-3" text:style-name="Internet_20_link" text:visited-style-name="Visited_20_Internet_20_Link"><text:span text:style-name="T1">Cl 3:1-3</text:span></text:a><text:span text:style-name="T1">).</text:span></text:p><text:p text:style-name="P6"/><text:h text:style-name="P2" text:outline-level="2"><text:bookmark text:name="__RefHeading___Toc2027_1280209449"/><text:a xlink:type="simple" xlink:href="http://mysword.info/b?r=Neh_3:1-13" text:style-name="Internet_20_link" text:visited-style-name="Visited_20_Internet_20_Link"><text:span text:style-name="T1">NEEMIAS 3, Vers. 1-13</text:span></text:a></text:h><text:p text:style-name="P6"/><text:p text:style-name="P7">A construção do muro ao redor da cidade de Jerusalém. Era para manter a salvo os que estavam dentro da cidade e separá-los de seus inimigos do lado de fora. Devemos amar aqueles que continuam fora, perdidos e culpados, mas não devemos nos misturar a eles.</text:p><text:p text:style-name="P6"/><text:p text:style-name="P6"/><text:p text:style-name="P6"><text:a xlink:type="simple" xlink:href="http://mysword.info/b?r=Neh_3:1" text:style-name="Internet_20_link" text:visited-style-name="Visited_20_Internet_20_Link"><text:span text:style-name="T1">Ne 3:1</text:span></text:a><text:span text:style-name="T1"> Esiasibe, o sumo sacerdote, constrói algo. Mas leia </text:span><text:a xlink:type="simple" xlink:href="http://mysword.info/b?r=Neh_13:4,28" text:style-name="Internet_20_link" text:visited-style-name="Visited_20_Internet_20_Link"><text:span text:style-name="T1">13:4 e 28</text:span></text:a><text:span text:style-name="T1">. Ele estava ligado aos inimigos. Depois veja os versículos </text:span><text:a xlink:type="simple" xlink:href="http://mysword.info/b?r=Neh_3:20,21" text:style-name="Internet_20_link" text:visited-style-name="Visited_20_Internet_20_Link"><text:span text:style-name="T1">20 e 21</text:span></text:a><text:span text:style-name="T1"> de nosso capítulo; ele não construiu em frente à sua casa. Esses homens construíram a porta das ovelhas - a primeira porta mencionada, pois é como ovelhas perdidas que somos encontrados e redimidos e levados para dentro.</text:span></text:p><text:p text:style-name="P6"/><text:p text:style-name="P6"><text:a xlink:type="simple" xlink:href="http://mysword.info/b?r=Neh_3:3" text:style-name="Internet_20_link" text:visited-style-name="Visited_20_Internet_20_Link"><text:span text:style-name="T1">Ne 3:3</text:span></text:a><text:span text:style-name="T1"> A primeira porta. (Agora somos salvos, e cada um é uma de Suas ovelhas, podendo ser &quot;pescadores de homens&quot;, para ganhar outros para o Senhor).</text:span></text:p><text:p text:style-name="P6"/><text:p text:style-name="P6"><text:a xlink:type="simple" xlink:href="http://mysword.info/b?r=Neh_3:5" text:style-name="Internet_20_link" text:visited-style-name="Visited_20_Internet_20_Link"><text:span text:style-name="T1">Ne 3:5</text:span></text:a><text:span text:style-name="T1"> Como eles trabalhavam.</text:span></text:p><text:p text:style-name="P6"/><text:p text:style-name="P6"><text:a xlink:type="simple" xlink:href="http://mysword.info/b?r=Neh_3:6" text:style-name="Internet_20_link" text:visited-style-name="Visited_20_Internet_20_Link"><text:span text:style-name="T1">Ne 3:6</text:span></text:a><text:span text:style-name="T1"> A &quot;velha porta&quot;. (Hoje quando tudo o que é velho é considerado fora de moda, é bom lembrar que a verdade de Deus nunca fica fora de moda).</text:span></text:p><text:p text:style-name="P6"/><text:p text:style-name="P6"><text:a xlink:type="simple" xlink:href="http://mysword.info/b?r=Neh_3:12" text:style-name="Internet_20_link" text:visited-style-name="Visited_20_Internet_20_Link"><text:span text:style-name="T1">Ne 3:12</text:span></text:a><text:span text:style-name="T1"> (Talvez algumas filhas não gostem muito quando seus pais constroem um muro que impede seu contato com as diversões e os amigos mundanos). Essas fiéis filhas ajudaram seu pai a construir o muro!</text:span></text:p><text:p text:style-name="P6"/><text:h text:style-name="P1" text:outline-level="2"><text:bookmark text:name="__RefHeading___Toc2029_1280209449"/>#998</text:h><text:p text:style-name="P6"/><text:p text:style-name="P7">O pior de todos os castigos é Ele deixar que sigamos nossos próprios caminhos.</text:p><text:p text:style-name="P6"/><text:h text:style-name="P2" text:outline-level="2"><text:bookmark text:name="__RefHeading___Toc2031_1280209449"/><text:a xlink:type="simple" xlink:href="http://mysword.info/b?r=Neh_3:14-32" text:style-name="Internet_20_link" text:visited-style-name="Visited_20_Internet_20_Link"><text:span text:style-name="T1">NEEMIAS 3, Vers. 14-32</text:span></text:a></text:h><text:p text:style-name="P6"/><text:p text:style-name="P6"><text:a xlink:type="simple" xlink:href="http://mysword.info/b?r=Neh_3:14" text:style-name="Internet_20_link" text:visited-style-name="Visited_20_Internet_20_Link"><text:span text:style-name="T1">Ne 3:14</text:span></text:a><text:span text:style-name="T1"> A porta do esterco! (Paulo disse &quot;Tenho também por perda todas as coisas... e as considero como escória [esterco], para que possa ganhar a Cristo&quot;. Tudo o que parece tão valioso não passa de esterco e coisas sem valor, comparadas a Cristo). Malquias coloca ferrolhos e fechaduras naquela porta.</text:span></text:p><text:p text:style-name="P6"/><text:p text:style-name="P6"><text:a xlink:type="simple" xlink:href="http://mysword.info/b?r=Neh_3:23" text:style-name="Internet_20_link" text:visited-style-name="Visited_20_Internet_20_Link"><text:span text:style-name="T1">Ne 3:23</text:span></text:a><text:span text:style-name="T1"> Aqui dois homens repararam &quot;defronte da sua casa&quot;. (Uma coisa é dizer a alguém que deve ser fiel e se separar, mas outra é aplicar isso à nossa própria família.)</text:span></text:p><text:p text:style-name="P6"/><text:p text:style-name="P6"><text:a xlink:type="simple" xlink:href="http://mysword.info/b?r=Neh_3:30" text:style-name="Internet_20_link" text:visited-style-name="Visited_20_Internet_20_Link"><text:span text:style-name="T1">Ne 3:30</text:span></text:a><text:span text:style-name="T1"> &quot;Defronte de sua câmara&quot;. Este é o caso mais pessoal de todos... (Não contar aos outros o que fazemos, nem mesmo dessa feita à sua própria casa ou família, mas somente sua câmara - bem onde vivia).</text:span></text:p><text:p text:style-name="P6"/><text:p text:style-name="P6"><text:a xlink:type="simple" xlink:href="http://mysword.info/b?r=Neh_3:32" text:style-name="Internet_20_link" text:visited-style-name="Visited_20_Internet_20_Link"><text:span text:style-name="T1">Ne 3:32</text:span></text:a><text:span text:style-name="T1"> De volta onde começamos. O muro está completo, e agora o povo de Deus está dentro e o inimigo fora.</text:span></text:p><text:p text:style-name="P6"/><text:h text:style-name="P1" text:outline-level="2"><text:bookmark text:name="__RefHeading___Toc2033_1280209449"/>#999</text:h><text:p text:style-name="P6"/><text:p text:style-name="P7">Se a membrana deste mundo desceu sobre nossa visão espiritual, escondendo Cristo de nós, só Ele poderá removê-la.</text:p><text:p text:style-name="P6"/><text:h text:style-name="P2" text:outline-level="2"><text:bookmark text:name="__RefHeading___Toc2035_1280209449"/><text:a xlink:type="simple" xlink:href="http://mysword.info/b?r=Neh_4" text:style-name="Internet_20_link" text:visited-style-name="Visited_20_Internet_20_Link"><text:span text:style-name="T1">NEEMIAS 4</text:span></text:a></text:h><text:p text:style-name="P6"/><text:p text:style-name="P6"><text:a xlink:type="simple" xlink:href="http://mysword.info/b?r=Neh_4:1-6" text:style-name="Internet_20_link" text:visited-style-name="Visited_20_Internet_20_Link"><text:span text:style-name="T1">Ne 4:1-6</text:span></text:a><text:span text:style-name="T1"> Os mesmos dois inimigos estavam muito irados; eles zombavam do trabalho. Mas Neemias diz, &quot;construímos o muro&quot;. Não deixe que a zombaria ou a ira faça você parar de viver para a glória de Deus. Podem existir até outros cristãos que irão zombar de você e lhe dizer que você está muito separado - mas apenas siga adiante construindo seu muro.</text:span></text:p><text:p text:style-name="P6"/><text:p text:style-name="P6"><text:a xlink:type="simple" xlink:href="http://mysword.info/b?r=Neh_4:14" text:style-name="Internet_20_link" text:visited-style-name="Visited_20_Internet_20_Link"><text:span text:style-name="T1">Ne 4:14</text:span></text:a><text:span text:style-name="T1"> Neemias encoraja os trabalhadores e diz, &quot;lembrem-se do Senhor...&quot;</text:span></text:p><text:p text:style-name="P6"/><text:p text:style-name="P6"><text:a xlink:type="simple" xlink:href="http://mysword.info/b?r=Neh_4:16-23" text:style-name="Internet_20_link" text:visited-style-name="Visited_20_Internet_20_Link"><text:span text:style-name="T1">Ne 4:16-23</text:span></text:a><text:span text:style-name="T1"> Daquele dia em diante, havia vigília e prontidão em defender essa obra do Senhor. Em Efésios </text:span><text:a xlink:type="simple" xlink:href="http://mysword.info/b?r=Eph_6" text:style-name="Internet_20_link" text:visited-style-name="Visited_20_Internet_20_Link"><text:span text:style-name="T1">capítulo 6</text:span></text:a><text:span text:style-name="T1">, lemos de toda a armadura de Deus, e precisamos de toda ela, pois há muitos inimigos poderosos e vigilantes.</text:span></text:p><text:p text:style-name="P6"/><text:h text:style-name="P1" text:outline-level="2"><text:bookmark text:name="__RefHeading___Toc2037_1280209449"/>#1000</text:h><text:p text:style-name="P6"/><text:p text:style-name="P7">A aliança com o mundo nos impede de vencer o mundo.</text:p><text:p text:style-name="P6"/><text:h text:style-name="P2" text:outline-level="2"><text:bookmark text:name="__RefHeading___Toc2039_1280209449"/><text:a xlink:type="simple" xlink:href="http://mysword.info/b?r=Neh_5" text:style-name="Internet_20_link" text:visited-style-name="Visited_20_Internet_20_Link"><text:span text:style-name="T1">NEEMIAS 5</text:span></text:a></text:h><text:p text:style-name="P6"/><text:p text:style-name="P6"><text:a xlink:type="simple" xlink:href="http://mysword.info/b?r=Neh_5:1-5" text:style-name="Internet_20_link" text:visited-style-name="Visited_20_Internet_20_Link"><text:span text:style-name="T1">Ne 5:1-5</text:span></text:a><text:span text:style-name="T1"> Problemas entre esses menos obreiros. A avareza é um pecado terrível.</text:span></text:p><text:p text:style-name="P6"/><text:p text:style-name="P6"><text:a xlink:type="simple" xlink:href="http://mysword.info/b?r=Neh_5:6-13" text:style-name="Internet_20_link" text:visited-style-name="Visited_20_Internet_20_Link"><text:span text:style-name="T1">Ne 5:6-13</text:span></text:a><text:span text:style-name="T1"> Neemias fica irado com isso, e fala de modo severo, prometendo a eles restaurar e corrigir o que tinha sido tomado erroneamente. Suas palavras de repreensão fizeram efeito, e os culpados prometem devolver tudo.</text:span></text:p><text:p text:style-name="P6"/><text:p text:style-name="P6"><text:a xlink:type="simple" xlink:href="http://mysword.info/b?r=Neh_5:14-16" text:style-name="Internet_20_link" text:visited-style-name="Visited_20_Internet_20_Link"><text:span text:style-name="T1">Ne 5:14-16</text:span></text:a><text:span text:style-name="T1"> O próprio Neemias dá um bom exemplo de fidelidade e desprendimento. Se quisermos encorajar outros para agradar ao Senhor, não teremos muito sucesso se nós próprios não estivermos vivendo como deveríamos. Neemias diz, &quot;por causa do temor de Deus&quot;.</text:span></text:p><text:p text:style-name="P6"/><text:p text:style-name="P6"><text:a xlink:type="simple" xlink:href="http://mysword.info/b?r=Neh_5:17-19" text:style-name="Internet_20_link" text:visited-style-name="Visited_20_Internet_20_Link"><text:span text:style-name="T1">Ne 5:17-19</text:span></text:a><text:span text:style-name="T1"> Neemias se preocupava com seu povo e até com os pagãos! O egoísmo é algo odioso ao Senhor. Se realmente amamos o povo de Deus, temos muitas oportunidades de mostrar isso.</text:span></text:p><text:p text:style-name="P6"/><text:h text:style-name="P1" text:outline-level="2"><text:bookmark text:name="__RefHeading___Toc2041_1280209449"/>#1001</text:h><text:p text:style-name="P6"/><text:p text:style-name="P7">A Palavra de Deus não será simples se não houver sujeição a Ele.</text:p><text:p text:style-name="P6"/><text:h text:style-name="P2" text:outline-level="2"><text:bookmark text:name="__RefHeading___Toc2043_1280209449"/><text:a xlink:type="simple" xlink:href="http://mysword.info/b?r=Neh_6" text:style-name="Internet_20_link" text:visited-style-name="Visited_20_Internet_20_Link"><text:span text:style-name="T1">NEEMIAS 6 </text:span></text:a></text:h><text:p text:style-name="P6"/><text:p text:style-name="P6"><text:a xlink:type="simple" xlink:href="http://mysword.info/b?r=Neh_6:1-4" text:style-name="Internet_20_link" text:visited-style-name="Visited_20_Internet_20_Link"><text:span text:style-name="T1">Ne 6:1-4</text:span></text:a><text:span text:style-name="T1"> Os mesmos inimigos não desistiram de seu ódio, mas desta vez tentam um outro método. Eles sugerem a Neemias, &quot;vem, e congreguemo-nos juntamente...&quot; Como isso soava inofensivo. Neemias disse &quot;não&quot; quatro vezes. Hoje o &quot;Movimento Ecumênico&quot; é um grande esforço para tentar unir todos os grupos religiosos para formar uma grande igreja. Temos uma figura disso aqui. Possamos também responder &quot;não&quot;. </text:span></text:p><text:p text:style-name="P6"/><text:p text:style-name="P6"><text:a xlink:type="simple" xlink:href="http://mysword.info/b?r=Neh_6:5-8" text:style-name="Internet_20_link" text:visited-style-name="Visited_20_Internet_20_Link"><text:span text:style-name="T1">Ne 6:5-8</text:span></text:a><text:span text:style-name="T1"> O inimigo tenta outra vez, com falsas acusações, e diz, &quot;vem, pois, agora, e consultemos juntamente&quot;. Outra vez Neemias se recusa a ser enganado.</text:span></text:p><text:p text:style-name="P6"/><text:p text:style-name="P6"><text:a xlink:type="simple" xlink:href="http://mysword.info/b?r=Neh_6:9" text:style-name="Internet_20_link" text:visited-style-name="Visited_20_Internet_20_Link"><text:span text:style-name="T1">Ne 6:9</text:span></text:a><text:span text:style-name="T1"> Ele se volta a Deus em busca de forças.</text:span></text:p><text:p text:style-name="P6"/><text:p text:style-name="P6"><text:a xlink:type="simple" xlink:href="http://mysword.info/b?r=Neh_6:10-14" text:style-name="Internet_20_link" text:visited-style-name="Visited_20_Internet_20_Link"><text:span text:style-name="T1">Ne 6:10-14</text:span></text:a><text:span text:style-name="T1"> Novas tentativas de impedir este servo de Deus. Neemias leva tudo ao Senhor e segue mansamente com seu trabalho.</text:span></text:p><text:p text:style-name="P6"/><text:p text:style-name="P6"><text:a xlink:type="simple" xlink:href="http://mysword.info/b?r=Neh_6:15" text:style-name="Internet_20_link" text:visited-style-name="Visited_20_Internet_20_Link"><text:span text:style-name="T1">Ne 6:15</text:span></text:a><text:span text:style-name="T1"> A obra está terminada. O muro e todas as suas portas estavam agora completados.</text:span></text:p><text:p text:style-name="P6"/><text:p text:style-name="P6"><text:a xlink:type="simple" xlink:href="http://mysword.info/b?r=Neh_6:17-19" text:style-name="Internet_20_link" text:visited-style-name="Visited_20_Internet_20_Link"><text:span text:style-name="T1">Ne 6:17-19</text:span></text:a><text:span text:style-name="T1"> Ao invés de zombar ou ameaçar, o inimigo tenta fazer amizade com alguns que estão dentro do muro. Vemos até casamentos acontecerem entre aqueles inimigos fora e o povo de Deus dentro, pois Mesulão era um dos edificadores do muro.</text:span></text:p><text:p text:style-name="P6"/><text:h text:style-name="P1" text:outline-level="2"><text:bookmark text:name="__RefHeading___Toc2045_1280209449"/>#1002</text:h><text:p text:style-name="P6"/><text:p text:style-name="P7">Onde há discernimento espiritual, as coisas se tornam simples e claras como o dia. O segredo do Senhor está com aqueles que O temem.</text:p><text:p text:style-name="P6"/><text:h text:style-name="P2" text:outline-level="2"><text:bookmark text:name="__RefHeading___Toc2047_1280209449"/><text:a xlink:type="simple" xlink:href="http://mysword.info/b?r=Neh_7" text:style-name="Internet_20_link" text:visited-style-name="Visited_20_Internet_20_Link"><text:span text:style-name="T1">NEEMIAS 7</text:span></text:a></text:h><text:p text:style-name="P6"/><text:p text:style-name="P6"><text:a xlink:type="simple" xlink:href="http://mysword.info/b?r=Neh_7:2" text:style-name="Internet_20_link" text:visited-style-name="Visited_20_Internet_20_Link"><text:span text:style-name="T1">Ne 7:2</text:span></text:a><text:span text:style-name="T1"> Hanani recebeu a responsabilidade sobre Jerusalém. Não diz que ele era rico ou sábio, ou habilidoso. Mas que era fiel e temia a Deus.</text:span></text:p><text:p text:style-name="P6"/><text:p text:style-name="P6"><text:a xlink:type="simple" xlink:href="http://mysword.info/b?r=Neh_7:3" text:style-name="Internet_20_link" text:visited-style-name="Visited_20_Internet_20_Link"><text:span text:style-name="T1">Ne 7:3</text:span></text:a><text:span text:style-name="T1"> Vigilância - as portas não podiam ser abertas até o sol estar quente. Isto significava ter luz em abundância, de modo que nenhum inimigo poderia entrar fingindo ser um verdadeiro cidadão. Se aquele muro havia sido construído para abrigar o povo de Deus, e para mantê-lo em separação, então era preciso que existisse fidelidade em manter fora dele aqueles que não tinham um coração para o Senhor.</text:span></text:p><text:p text:style-name="P6"/><text:p text:style-name="P6"><text:a xlink:type="simple" xlink:href="http://mysword.info/b?r=Neh_7:5-66" text:style-name="Internet_20_link" text:visited-style-name="Visited_20_Internet_20_Link"><text:span text:style-name="T1">Ne 7:5-66</text:span></text:a><text:span text:style-name="T1"> Uma longa lista de nomes daqueles que moravam na cidade, somando 42.360. Deus sabia o nome de cada um deles.</text:span></text:p><text:p text:style-name="P6"/><text:p text:style-name="P6"><text:a xlink:type="simple" xlink:href="http://mysword.info/b?r=Neh_7:64" text:style-name="Internet_20_link" text:visited-style-name="Visited_20_Internet_20_Link"><text:span text:style-name="T1">Ne 7:64</text:span></text:a><text:span text:style-name="T1"> Há alguns cujos nomes não foram encontrados. Mas em Filipenses </text:span><text:a xlink:type="simple" xlink:href="http://mysword.info/b?r=Php_4:3" text:style-name="Internet_20_link" text:visited-style-name="Visited_20_Internet_20_Link"><text:span text:style-name="T1">4:3</text:span></text:a><text:span text:style-name="T1"> encontramos aqueles que tinham seus nomes no &quot;livro da vida&quot;!</text:span></text:p><text:p text:style-name="P6"/><text:h text:style-name="P1" text:outline-level="2"><text:bookmark text:name="__RefHeading___Toc2049_1280209449"/>#1003</text:h><text:p text:style-name="P6"/><text:p text:style-name="P7">Quanto mais perto de Deus um homem caminha pela graça, mais brando ele se torna para com a falta dos outros.</text:p><text:p text:style-name="P6"/><text:h text:style-name="P2" text:outline-level="2"><text:bookmark text:name="__RefHeading___Toc2051_1280209449"/><text:a xlink:type="simple" xlink:href="http://mysword.info/b?r=Neh_8" text:style-name="Internet_20_link" text:visited-style-name="Visited_20_Internet_20_Link"><text:span text:style-name="T1">NEEMIAS 8</text:span></text:a></text:h><text:p text:style-name="P6"/><text:p text:style-name="P6"><text:a xlink:type="simple" xlink:href="http://mysword.info/b?r=Neh_8:1-8" text:style-name="Internet_20_link" text:visited-style-name="Visited_20_Internet_20_Link"><text:span text:style-name="T1">Ne 8:1-8</text:span></text:a><text:span text:style-name="T1"> Os homens e mulheres se reuniram na porta das águas e escutaram, da manhã ao meio-dia, enquanto Esdras lia para eles a Palavra de Deus. Como é importante atender ao chamado do Senhor, sair da confusão religiosa que é representada por Babilônia, e então, ouvir a Sua Palavra.</text:span></text:p><text:p text:style-name="P6"/><text:p text:style-name="P6"><text:a xlink:type="simple" xlink:href="http://mysword.info/b?r=Neh_8:8" text:style-name="Internet_20_link" text:visited-style-name="Visited_20_Internet_20_Link"><text:span text:style-name="T1">Ne 8:8</text:span></text:a><text:span text:style-name="T1"> Era muito importante ler as escrituras com clareza, e explicar-lhes para que elas pudessem ser compreendidas. Isso traz alegria, veja o </text:span><text:a xlink:type="simple" xlink:href="http://mysword.info/b?r=Neh_8:11" text:style-name="Internet_20_link" text:visited-style-name="Visited_20_Internet_20_Link"><text:span text:style-name="T1">vers. 11</text:span></text:a><text:span text:style-name="T1">.</text:span></text:p><text:p text:style-name="P6"/><text:p text:style-name="P6"><text:a xlink:type="simple" xlink:href="http://mysword.info/b?r=Neh_8:9-12" text:style-name="Internet_20_link" text:visited-style-name="Visited_20_Internet_20_Link"><text:span text:style-name="T1">Ne 8:9-12</text:span></text:a><text:span text:style-name="T1"> O próprio Senhor Se alegrou quando viu o Seu povo reunido outra vez ao centro que Ele estabeleceu.</text:span></text:p><text:p text:style-name="P6"/><text:p text:style-name="P6"><text:a xlink:type="simple" xlink:href="http://mysword.info/b?r=Neh_8:13-18" text:style-name="Internet_20_link" text:visited-style-name="Visited_20_Internet_20_Link"><text:span text:style-name="T1">Ne 8:13-18</text:span></text:a><text:span text:style-name="T1"> Eles guardaram a &quot;festa dos tabernáculos&quot; (uma figura do milênio vindouro). Façamos nós também da leitura da Palavra do Senhor nosso costume diário.</text:span></text:p><text:p text:style-name="P6"/><text:h text:style-name="P1" text:outline-level="2"><text:bookmark text:name="__RefHeading___Toc2053_1280209449"/>#1004</text:h><text:p text:style-name="P6"/><text:p text:style-name="P7">A submissão à vontade divina é o travesseiro mais macio no qual podemos descansar.</text:p><text:p text:style-name="P6"/><text:h text:style-name="P2" text:outline-level="2"><text:bookmark text:name="__RefHeading___Toc2055_1280209449"/><text:a xlink:type="simple" xlink:href="http://mysword.info/b?r=Neh_9" text:style-name="Internet_20_link" text:visited-style-name="Visited_20_Internet_20_Link"><text:span text:style-name="T1">NEEMIAS 9</text:span></text:a></text:h><text:p text:style-name="P6"/><text:p text:style-name="P7">Uma mudança ocorre, da satisfação ao jejum! Havia satisfação porque guardavam a festa que falava de bênção futura. Nós também podemos nos alegrar ao olharmos adiante para o dia quando o próprio Senhor virá e nos levará para casa. Mas quando pensamos no quanto falhamos, é bom nos humilharmos. Que figura essa de uma verdadeira confissão!</text:p><text:p text:style-name="P6"/><text:p text:style-name="P6"><text:a xlink:type="simple" xlink:href="http://mysword.info/b?r=Neh_9:2-3" text:style-name="Internet_20_link" text:visited-style-name="Visited_20_Internet_20_Link"><text:span text:style-name="T1">Ne 9:2-3</text:span></text:a><text:span text:style-name="T1"> Passos importantes - separação de todos os estrangeiros - confissão de seus pecados - leitura do livro da lei, e adoração ao Senhor. Haveria mais adoração se nos lembrássemos dessas outras coisas tão importantes.</text:span></text:p><text:p text:style-name="P6"/><text:p text:style-name="P6"><text:a xlink:type="simple" xlink:href="http://mysword.info/b?r=Neh_9:4-38" text:style-name="Internet_20_link" text:visited-style-name="Visited_20_Internet_20_Link"><text:span text:style-name="T1">Ne 9:4-38</text:span></text:a><text:span text:style-name="T1"> Um maravilhoso registro das fiéis atitudes de Deus desde os dias de Abraão.</text:span></text:p><text:p text:style-name="P6"/><text:p text:style-name="P6"><text:a xlink:type="simple" xlink:href="http://mysword.info/b?r=Neh_9:16-17" text:style-name="Internet_20_link" text:visited-style-name="Visited_20_Internet_20_Link"><text:span text:style-name="T1">Ne 9:16-17</text:span></text:a><text:span text:style-name="T1"> A culpa e infidelidade deles são lembradas - bem como a bondade de Deus.</text:span></text:p><text:p text:style-name="P6"/><text:p text:style-name="P6"><text:a xlink:type="simple" xlink:href="http://mysword.info/b?r=Neh_9:18-19" text:style-name="Internet_20_link" text:visited-style-name="Visited_20_Internet_20_Link"><text:span text:style-name="T1">Ne 9:18-19</text:span></text:a><text:span text:style-name="T1"> O fracasso de Israel e a fidelidade de Deus. (Apesar de falharmos tanto, o Senhor tem sido tão fiel para conosco. Somos gratos por Sua fidelidade).</text:span></text:p><text:p text:style-name="P6"/><text:p text:style-name="P6"><text:a xlink:type="simple" xlink:href="http://mysword.info/b?r=Neh_9:33" text:style-name="Internet_20_link" text:visited-style-name="Visited_20_Internet_20_Link"><text:span text:style-name="T1">Ne 9:33</text:span></text:a><text:span text:style-name="T1"> Que maravilhosa confissão! Estejamos sempre prontos para admitir totalmente nossa própria falha.</text:span></text:p><text:p text:style-name="P6"/><text:h text:style-name="P1" text:outline-level="2"><text:bookmark text:name="__RefHeading___Toc2057_1280209449"/>#1005</text:h><text:p text:style-name="P6"/><text:p text:style-name="P7">Satanás consegue introduzir todo o seu poder numa alma no momento que nela surja uma sombra de desconfiança de Deus.</text:p><text:p text:style-name="P6"/><text:h text:style-name="P2" text:outline-level="2"><text:bookmark text:name="__RefHeading___Toc2059_1280209449"/><text:a xlink:type="simple" xlink:href="http://mysword.info/b?r=Neh_10" text:style-name="Internet_20_link" text:visited-style-name="Visited_20_Internet_20_Link"><text:span text:style-name="T1">NEEMIAS 10</text:span></text:a></text:h><text:p text:style-name="P6"/><text:p text:style-name="P6"><text:span text:style-name="T1">Os nomes daqueles que selaram o concerto - começando com Neemias. Além de todos aqueles que assinaram o concerto, no </text:span><text:a xlink:type="simple" xlink:href="http://mysword.info/b?r=Neh_10:28" text:style-name="Internet_20_link" text:visited-style-name="Visited_20_Internet_20_Link"><text:span text:style-name="T1">versículo 28</text:span></text:a><text:span text:style-name="T1"> lemos &quot;e o restante do povo...&quot; Sua vida é, ou um auxílio, ou um obstáculo, para todos os outros crentes.</text:span></text:p><text:p text:style-name="P6"/><text:p text:style-name="P6"><text:a xlink:type="simple" xlink:href="http://mysword.info/b?r=Neh_10:32-39" text:style-name="Internet_20_link" text:visited-style-name="Visited_20_Internet_20_Link"><text:span text:style-name="T1">Ne 10:32-39</text:span></text:a><text:span text:style-name="T1"> Encontramos uma feliz prontidão em levar ao Senhor tudo o que poderia ser usado em Seu serviço.</text:span></text:p><text:p text:style-name="P6"/><text:p text:style-name="P6"><text:a xlink:type="simple" xlink:href="http://mysword.info/b?r=Neh_10:34" text:style-name="Internet_20_link" text:visited-style-name="Visited_20_Internet_20_Link"><text:span text:style-name="T1">Ne 10:34</text:span></text:a><text:span text:style-name="T1"> O que era a &quot;oferta da lenha&quot;? Nenhuma oferta queimada no fogo jamais poderia ser feita se não tivessem lenha. Talvez o Israelita que trazia algumas braçadas de lenha ao sacerdote, achasse que seu trabalho não tinha valor. Mas o Senhor chamou isso de &quot;oferta de lenha&quot;, e deu valor a ela. Veja com quantas vezes a expressão &quot;casa de Deus&quot; ou &quot;casa do Senhor&quot; é usada.</text:span></text:p><text:p text:style-name="P6"/><text:h text:style-name="P1" text:outline-level="2"><text:bookmark text:name="__RefHeading___Toc2061_1280209449"/>#1006</text:h><text:p text:style-name="P6"/><text:p text:style-name="P7">A liberdade da vontade não passa de escravidão ao diabo.</text:p><text:p text:style-name="P6"/><text:h text:style-name="P2" text:outline-level="2"><text:bookmark text:name="__RefHeading___Toc2063_1280209449"/><text:a xlink:type="simple" xlink:href="http://mysword.info/b?r=Neh_11" text:style-name="Internet_20_link" text:visited-style-name="Visited_20_Internet_20_Link"><text:span text:style-name="T1">NEEMIAS 11</text:span></text:a></text:h><text:p text:style-name="P6"/><text:p text:style-name="P7">O povo foi assentado em diferentes lugares da terra. Encontramos vários nomes, pois Deus tem um interesse individual em cada um dos Seus.</text:p><text:p text:style-name="P6"/><text:p text:style-name="P6"><text:a xlink:type="simple" xlink:href="http://mysword.info/b?r=Neh_11:2" text:style-name="Internet_20_link" text:visited-style-name="Visited_20_Internet_20_Link"><text:span text:style-name="T1">Ne 11:2</text:span></text:a><text:span text:style-name="T1"> Ligue este versículo ao Salmo </text:span><text:a xlink:type="simple" xlink:href="http://mysword.info/b?r=Psa_137:5,6" text:style-name="Internet_20_link" text:visited-style-name="Visited_20_Internet_20_Link"><text:span text:style-name="T1">137:5,6</text:span></text:a><text:span text:style-name="T1">.</text:span></text:p><text:p text:style-name="P6"/><text:p text:style-name="P6"><text:a xlink:type="simple" xlink:href="http://mysword.info/b?r=Neh_11:19" text:style-name="Internet_20_link" text:visited-style-name="Visited_20_Internet_20_Link"><text:span text:style-name="T1">Ne 11:19</text:span></text:a><text:span text:style-name="T1"> Os porteiros. Algumas pessoas que achavam que deviam estar dentro eram mantidas fora. Por isso homens fiéis eram escolhidos para essa tarefa.</text:span></text:p><text:p text:style-name="P6"/><text:p text:style-name="P6"><text:a xlink:type="simple" xlink:href="http://mysword.info/b?r=Neh_11:22" text:style-name="Internet_20_link" text:visited-style-name="Visited_20_Internet_20_Link"><text:span text:style-name="T1">Ne 11:22</text:span></text:a><text:span text:style-name="T1"> Cantores. Que alegria deve dar ao coração de Deus quando Ele olha e vê o Seu povo cantando de tanta alegria no coração.</text:span></text:p><text:p text:style-name="P6"/><text:h text:style-name="P1" text:outline-level="2"><text:bookmark text:name="__RefHeading___Toc2065_1280209449"/>#1007</text:h><text:p text:style-name="P6"/><text:p text:style-name="P7">A diferença entre a Bíblia e todos os outros livros é esta: Para entender a Bíblia você precisa conhecer o Autor.</text:p><text:p text:style-name="P6"/><text:h text:style-name="P2" text:outline-level="2"><text:bookmark text:name="__RefHeading___Toc2067_1280209449"/><text:a xlink:type="simple" xlink:href="http://mysword.info/b?r=Neh_12" text:style-name="Internet_20_link" text:visited-style-name="Visited_20_Internet_20_Link"><text:span text:style-name="T1">NEEMIAS 12</text:span></text:a></text:h><text:p text:style-name="P6"/><text:p text:style-name="P6"><text:a xlink:type="simple" xlink:href="http://mysword.info/b?r=Neh_12:24-25" text:style-name="Internet_20_link" text:visited-style-name="Visited_20_Internet_20_Link"><text:span text:style-name="T1">Ne 12:24-25</text:span></text:a><text:span text:style-name="T1"> Por três vezes neste capítulo os cantores e porteiros são mencionados. Cantores, para louvar ao Senhor. Porteiros, para guardar as portas. Repare no </text:span><text:a xlink:type="simple" xlink:href="http://mysword.info/b?r=Neh_12:25" text:style-name="Internet_20_link" text:visited-style-name="Visited_20_Internet_20_Link"><text:span text:style-name="T1">vers. 25</text:span></text:a><text:span text:style-name="T1"> - porteiros fazendo a guarda junto aos batentes das portas. Era bem ali que esses homens fiéis ficavam. </text:span></text:p><text:p text:style-name="P6"/><text:p text:style-name="P6"><text:a xlink:type="simple" xlink:href="http://mysword.info/b?r=Neh_12:29" text:style-name="Internet_20_link" text:visited-style-name="Visited_20_Internet_20_Link"><text:span text:style-name="T1">Ne 12:29</text:span></text:a><text:span text:style-name="T1"> Repare onde os cantores moravam. Eles queriam ficar perto de Jerusalém.</text:span></text:p><text:p text:style-name="P6"/><text:p text:style-name="P6"><text:a xlink:type="simple" xlink:href="http://mysword.info/b?r=Neh_12:36" text:style-name="Internet_20_link" text:visited-style-name="Visited_20_Internet_20_Link"><text:span text:style-name="T1">Ne 12:36</text:span></text:a><text:span text:style-name="T1"> Repare quem está guiando seus irmãos... Esdras, o fiel escriba.</text:span></text:p><text:p text:style-name="P6"/><text:p text:style-name="P6"><text:a xlink:type="simple" xlink:href="http://mysword.info/b?r=Neh_12:43" text:style-name="Internet_20_link" text:visited-style-name="Visited_20_Internet_20_Link"><text:span text:style-name="T1">Ne 12:43</text:span></text:a><text:span text:style-name="T1"> Que maravilhoso cântico, e que louvor. &quot;Deus os alegrara com grande alegria&quot;.</text:span></text:p><text:p text:style-name="P6"/><text:p text:style-name="P6"><text:a xlink:type="simple" xlink:href="http://mysword.info/b?r=Neh_12:45" text:style-name="Internet_20_link" text:visited-style-name="Visited_20_Internet_20_Link"><text:span text:style-name="T1">Ne 12:45</text:span></text:a><text:span text:style-name="T1"> &quot;Conforme o mandado de Davi&quot;, eles voltaram às origens.</text:span></text:p><text:p text:style-name="P6"/><text:h text:style-name="P1" text:outline-level="2"><text:bookmark text:name="__RefHeading___Toc2069_1280209449"/>#1008</text:h><text:p text:style-name="P6"/><text:p text:style-name="P7">Nosso Livro de estudos é a Palavra de Deus, nosso Mestre é o Espírito Santo e nossa sala de aula é a vida. Nosso Senhor pode nos ensinar em casa, ou na assembléia, ou na vida diária. Mas a meta é sempre a mesma - justiça! - conformidade a Cristo.</text:p><text:p text:style-name="P6"/><text:h text:style-name="P2" text:outline-level="2"><text:bookmark text:name="__RefHeading___Toc2071_1280209449"/><text:a xlink:type="simple" xlink:href="http://mysword.info/b?r=Neh_13" text:style-name="Internet_20_link" text:visited-style-name="Visited_20_Internet_20_Link"><text:span text:style-name="T1">NEEMIAS 13</text:span></text:a></text:h><text:p text:style-name="P6"/><text:p text:style-name="P6"><text:a xlink:type="simple" xlink:href="http://mysword.info/b?r=Neh_13:1-3" text:style-name="Internet_20_link" text:visited-style-name="Visited_20_Internet_20_Link"><text:span text:style-name="T1">Ne 13:1-3</text:span></text:a><text:span text:style-name="T1"> Quando a Palavra do Senhor foi lida, descobriu-se que nenhum Amonita ou Moabita deveria jamais entrar na congregação do Senhor. Assim que escutaram isso, agiram, e se separaram de todo &quot;elemento misto&quot;. Não foi a primeira vez que fizeram essa separação. Cerca de 11 anos antes, no capítulo </text:span><text:a xlink:type="simple" xlink:href="http://mysword.info/b?r=Neh_9:2" text:style-name="Internet_20_link" text:visited-style-name="Visited_20_Internet_20_Link"><text:span text:style-name="T1">9:2</text:span></text:a><text:span text:style-name="T1">, eles tinham entendido que tinham se misturado com o mundo ao redor. (Uma das mais bem-sucedidas armadilhas de Satanás é nos levar de volta à amizade com incrédulos). Já mencionamos várias vezes a parede de separação neste livro. Que possamos entender o que isso significa para nós hoje.</text:span></text:p><text:p text:style-name="P6"/><text:p text:style-name="P6"><text:a xlink:type="simple" xlink:href="http://mysword.info/b?r=Neh_13:4-9" text:style-name="Internet_20_link" text:visited-style-name="Visited_20_Internet_20_Link"><text:span text:style-name="T1">Ne 13:4-9</text:span></text:a><text:span text:style-name="T1"> É difícil de acreditar que isso iria acontecer. Eliasibe tinha sido o primeiro a edificar quando o muro foi iniciado no </text:span><text:a xlink:type="simple" xlink:href="http://mysword.info/b?r=Neh_3" text:style-name="Internet_20_link" text:visited-style-name="Visited_20_Internet_20_Link"><text:span text:style-name="T1">capítulo 3</text:span></text:a><text:span text:style-name="T1">. Ele, um sacerdote, já tinha cedido aquela sala para Tobias; um daqueles ativos inimigos! Neemias ficou tão irado que jogou fora tudo o que pertencia a Tobias e limpou aquela sala e a restaurou ao seu uso adequado. Graças a Deus por homens fiéis!</text:span></text:p><text:p text:style-name="P6"/><text:p text:style-name="P6"><text:a xlink:type="simple" xlink:href="http://mysword.info/b?r=Neh_13:17" text:style-name="Internet_20_link" text:visited-style-name="Visited_20_Internet_20_Link"><text:span text:style-name="T1">Ne 13:17</text:span></text:a><text:span text:style-name="T1"> Neemias fala aos nobres, pois eles não se importavam pelo Sábado.</text:span></text:p><text:p text:style-name="P6"/><text:p text:style-name="P6"><text:a xlink:type="simple" xlink:href="http://mysword.info/b?r=Neh_13:21" text:style-name="Internet_20_link" text:visited-style-name="Visited_20_Internet_20_Link"><text:span text:style-name="T1">Ne 13:21</text:span></text:a><text:span text:style-name="T1"> Agora ele fala aos mercadores pois eles também falhavam em honrar o Sábado.</text:span></text:p><text:p text:style-name="P6"/><text:p text:style-name="P6"><text:a xlink:type="simple" xlink:href="http://mysword.info/b?r=Neh_13:25" text:style-name="Internet_20_link" text:visited-style-name="Visited_20_Internet_20_Link"><text:span text:style-name="T1">Ne 13:25</text:span></text:a><text:span text:style-name="T1"> Mais uma vez ele fala a alguns dentre os Judeus, que haviam tomado esposas, e lhes recorda que essa foi exatamente uma das coisas que levaram o rei Salomão a fracassar de modo tão horrível. Será que Neemias tinha o direito de reprovar tanto? Tinha. Ele estava lutando por aquilo que era certo aos olhos do Senhor. Lembremo-nos de que a Palavra de Deus nos é dada para ser lida e obedecida. Leia </text:span><text:a xlink:type="simple" xlink:href="http://mysword.info/b?r=Jud_1:3" text:style-name="Internet_20_link" text:visited-style-name="Visited_20_Internet_20_Link"><text:span text:style-name="T1">Judas 3</text:span></text:a><text:span text:style-name="T1">. Por quatro vezes Neemias orou, &quot;Lembra-Te de mim, Deus meu...&quot; e foram suas últimas palavras.</text:span></text:p><text:p text:style-name="P6"/></text:section></office:text></office:body></office:document-content>