<?xml version="1.0" encoding="UTF-8"?>
<office:document-content xmlns:office="urn:oasis:names:tc:opendocument:xmlns:office:1.0" xmlns:style="urn:oasis:names:tc:opendocument:xmlns:style:1.0" xmlns:text="urn:oasis:names:tc:opendocument:xmlns:text:1.0" xmlns:table="urn:oasis:names:tc:opendocument:xmlns:table:1.0" xmlns:draw="urn:oasis:names:tc:opendocument:xmlns:drawing:1.0" xmlns:fo="urn:oasis:names:tc:opendocument:xmlns:xsl-fo-compatible:1.0" xmlns:xlink="http://www.w3.org/1999/xlink" xmlns:dc="http://purl.org/dc/elements/1.1/" xmlns:meta="urn:oasis:names:tc:opendocument:xmlns:meta:1.0" xmlns:number="urn:oasis:names:tc:opendocument:xmlns:datastyle:1.0" xmlns:svg="urn:oasis:names:tc:opendocument:xmlns:svg-compatible:1.0" xmlns:chart="urn:oasis:names:tc:opendocument:xmlns:chart:1.0" xmlns:dr3d="urn:oasis:names:tc:opendocument:xmlns:dr3d:1.0" xmlns:math="http://www.w3.org/1998/Math/MathML" xmlns:form="urn:oasis:names:tc:opendocument:xmlns:form:1.0" xmlns:script="urn:oasis:names:tc:opendocument:xmlns:script:1.0" xmlns:ooo="http://openoffice.org/2004/office" xmlns:ooow="http://openoffice.org/2004/writer" xmlns:oooc="http://openoffice.org/2004/calc" xmlns:dom="http://www.w3.org/2001/xml-events" xmlns:xforms="http://www.w3.org/2002/xforms" xmlns:xsd="http://www.w3.org/2001/XMLSchema" xmlns:xsi="http://www.w3.org/2001/XMLSchema-instance" xmlns:rpt="http://openoffice.org/2005/report" xmlns:of="urn:oasis:names:tc:opendocument:xmlns:of:1.2" xmlns:xhtml="http://www.w3.org/1999/xhtml" xmlns:grddl="http://www.w3.org/2003/g/data-view#" xmlns:officeooo="http://openoffice.org/2009/office" xmlns:tableooo="http://openoffice.org/2009/table" xmlns:drawooo="http://openoffice.org/2010/draw" xmlns:calcext="urn:org:documentfoundation:names:experimental:calc:xmlns:calcext:1.0" xmlns:loext="urn:org:documentfoundation:names:experimental:office:xmlns:loext:1.0" xmlns:field="urn:openoffice:names:experimental:ooo-ms-interop:xmlns:field:1.0" xmlns:formx="urn:openoffice:names:experimental:ooxml-odf-interop:xmlns:form:1.0" xmlns:css3t="http://www.w3.org/TR/css3-text/" office:version="1.2"><office:scripts/><office:font-face-decls><style:font-face style:name="FreeSans1" svg:font-family="FreeSans"/><style:font-face style:name="Liberation Sans" svg:font-family="&apos;Liberation Sans&apos;, sans-serif"/><style:font-face style:name="Noto Sans CJK SC Regular1" svg:font-family="&apos;Noto Sans CJK SC Regular&apos;"/><style:font-face style:name="FreeSans2" svg:font-family="FreeSans" style:font-family-generic="swiss"/><style:font-face style:name="Liberation Serif" svg:font-family="&apos;Liberation Serif&apos;" style:font-family-generic="roman" style:font-pitch="variable"/><style:font-face style:name="Thorndale" svg:font-family="Thorndale" style:font-family-generic="roman" style:font-pitch="variable"/><style:font-face style:name="Albany" svg:font-family="Albany" style:font-family-generic="swiss" style:font-pitch="variable"/><style:font-face style:name="FreeSans" svg:font-family="FreeSans" style:font-family-generic="system" style:font-pitch="variable"/><style:font-face style:name="Noto Sans CJK SC Regular" svg:font-family="&apos;Noto Sans CJK SC Regular&apos;" style:font-family-generic="system" style:font-pitch="variable"/></office:font-face-decls><office:automatic-styles><style:style style:name="P1" style:family="paragraph" style:parent-style-name="Text_20_body" style:master-page-name="HTML"><style:paragraph-properties fo:margin-top="0cm" fo:margin-bottom="0cm" loext:contextual-spacing="false" fo:line-height="150%" fo:text-align="start" style:justify-single-word="false" style:page-number="auto"/></style:style><style:style style:name="P2" style:family="paragraph" style:parent-style-name="Text_20_body"><style:paragraph-properties fo:margin-top="0cm" fo:margin-bottom="0cm" loext:contextual-spacing="false" fo:line-height="150%" fo:text-align="start" style:justify-single-word="false"/></style:style><style:style style:name="P3" style:family="paragraph" style:parent-style-name="Text_20_body"><style:paragraph-properties fo:margin-top="0cm" fo:margin-bottom="0cm" loext:contextual-spacing="false" fo:line-height="150%" fo:text-align="justify" style:justify-single-word="false"/></style:style><style:style style:name="P4" style:family="paragraph" style:parent-style-name="Text_20_body"><style:paragraph-properties fo:margin-top="0cm" fo:margin-bottom="0cm" loext:contextual-spacing="false" fo:line-height="150%" fo:text-align="justify" style:justify-single-word="false"/><style:text-properties style:font-name="Liberation Sans" fo:font-size="12pt"/></style:style><style:style style:name="P5" style:family="paragraph" style:parent-style-name="Heading_20_2"><style:paragraph-properties fo:line-height="150%"/><style:text-properties style:font-name="Liberation Sans" fo:font-size="12pt"/></style:style><style:style style:name="P6" style:family="paragraph" style:parent-style-name="Heading_20_2"><style:paragraph-properties fo:line-height="150%"/></style:style><style:style style:name="P7" style:family="paragraph" style:parent-style-name="Heading_20_2"><style:paragraph-properties fo:line-height="150%" fo:break-before="page"/><style:text-properties style:font-name="Liberation Sans" fo:font-size="12pt"/></style:style><style:style style:name="T1" style:family="text"><style:text-properties style:font-name="Liberation Sans" fo:font-size="12pt"/></style:style><style:style style:name="T2" style:family="text"><style:text-properties style:font-name="Liberation Sans" fo:font-size="12pt" fo:font-weight="bold"/></style:style><style:style style:name="T3" style:family="text"><style:text-properties style:font-name="Liberation Sans" fo:font-size="12pt" fo:font-weight="normal"/></style:style><style:style style:name="T4" style:family="text"><style:text-properties fo:font-variant="normal" fo:text-transform="none"/></style:style><style:style style:name="T5" style:family="text"><style:text-properties fo:font-variant="normal" fo:text-transform="none" style:font-name="Liberation Sans" fo:font-size="12pt" fo:font-style="normal" fo:font-weight="normal"/></style:style><style:style style:name="T6" style:family="text"><style:text-properties fo:color="#000000"/></style:style><style:style style:name="T7" style:family="text"><style:text-properties fo:color="#000000" style:font-name="Liberation Sans" fo:font-size="12pt" fo:font-weight="normal"/></style:style><style:style style:name="T8" style:family="text"><style:text-properties fo:color="#000099" style:text-line-through-style="none" style:text-line-through-type="none" style:font-name="Liberation Sans" fo:font-size="12pt" style:text-underline-style="none" fo:font-weight="bold" style:text-blinking="false"/></style:style><style:style style:name="fr1" style:family="graphic" style:parent-style-name="Graphics"><style:graphic-properties style:wrap="right" style:number-wrapped-paragraphs="no-limit" style:wrap-contour="false" style:vertical-pos="top" style:vertical-rel="paragraph-content" style:horizontal-pos="left" style:horizontal-rel="paragraph" style:mirror="none" fo:clip="rect(0cm, 0cm, 0cm, 0cm)" draw:luminance="0%" draw:contrast="0%" draw:red="0%" draw:green="0%" draw:blue="0%" draw:gamma="100%" draw:color-inversion="false" draw:image-opacity="100%" draw:color-mode="standard"/></style:style><style:style style:name="Sect1" style:family="section"><style:section-properties style:writing-mode="lr-tb" style:editable="false"><style:columns fo:column-count="1" fo:column-gap="0cm"/></style:section-properties></style:style></office:automatic-styles><office:body><office:text><text:sequence-decls><text:sequence-decl text:display-outline-level="0" text:name="Illustration"/><text:sequence-decl text:display-outline-level="0" text:name="Table"/><text:sequence-decl text:display-outline-level="0" text:name="Text"/><text:sequence-decl text:display-outline-level="0" text:name="Drawing"/></text:sequence-decls><text:section text:style-name="Sect1" text:name="texto"><text:p text:style-name="P1"><draw:frame draw:style-name="fr1" draw:name="Figura1" text:anchor-type="paragraph" svg:width="17.013cm" svg:height="24.897cm" draw:z-index="0"><draw:image xlink:href="Pictures/1000020100000A5D00000F2F55CC825061236E54.png" xlink:type="simple" xlink:show="embed" xlink:actuate="onLoad"/></draw:frame><office:annotation><dc:date>2018-07-29T09:37:35.184619961</dc:date><text:p>HTML: &lt;meta name=&quot;created&quot; content=&quot;00:00:00&quot;&gt;</text:p></office:annotation><office:annotation><dc:date>2018-07-29T09:37:35.184643357</dc:date><text:p>HTML: &lt;meta name=&quot;changed&quot; content=&quot;2018-07-29T09:26:28.256736139&quot;&gt;</text:p></office:annotation><office:annotation><dc:date>2018-07-29T09:37:35.184659430</dc:date><text:p>HTML: &lt;meta name=&quot;created&quot; content=&quot;00:00:00&quot;&gt;</text:p></office:annotation><office:annotation><dc:date>2018-07-29T09:37:35.184676316</dc:date><text:p>HTML: &lt;meta name=&quot;changed&quot; content=&quot;2018-07-29T09:03:32.208867563&quot;&gt;</text:p></office:annotation><office:annotation><dc:date>2018-07-29T09:37:35.184691623</dc:date><text:p>HTML: &lt;meta name=&quot;created&quot; content=&quot;00:00:00&quot;&gt;</text:p></office:annotation><office:annotation><dc:date>2018-07-29T09:37:35.184708012</dc:date><text:p>HTML: &lt;meta name=&quot;changed&quot; content=&quot;2018-07-25T07:26:03.909285954&quot;&gt;</text:p></office:annotation><office:annotation><dc:date>2018-07-29T09:37:35.184722841</dc:date><text:p>HTML: &lt;meta name=&quot;created&quot; content=&quot;00:00:00&quot;&gt;</text:p></office:annotation><office:annotation><dc:date>2018-07-29T09:37:35.184738877</dc:date><text:p>HTML: &lt;meta name=&quot;changed&quot; content=&quot;2018-07-25T07:21:09.778891494&quot;&gt;</text:p></office:annotation></text:p><text:p text:style-name="P2"><text:span text:style-name="Strong_20_Emphasis"><text:span text:style-name="T5"><office:annotation><dc:date>2018-07-29T09:37:36.465198532</dc:date><text:p>HTML: &lt;meta name=&quot;created&quot; content=&quot;00:00:00&quot;&gt;</text:p></office:annotation></text:span></text:span><text:span text:style-name="Strong_20_Emphasis"><text:span text:style-name="T5"><office:annotation><dc:date>2018-07-29T09:37:36.465211837</dc:date><text:p>HTML: &lt;meta name=&quot;changed&quot; content=&quot;2018-07-25T07:15:21.878235192&quot;&gt;</text:p></office:annotation></text:span></text:span><text:span text:style-name="Strong_20_Emphasis"><text:span text:style-name="T5"><office:annotation><dc:date>2018-07-29T09:37:36.465222028</dc:date><text:p>HTML: &lt;meta name=&quot;created&quot; content=&quot;00:00:00&quot;&gt;</text:p></office:annotation></text:span></text:span><text:span text:style-name="Strong_20_Emphasis"><text:span text:style-name="T5"><office:annotation><dc:date>2018-07-29T09:37:36.465232379</dc:date><text:p>HTML: &lt;meta name=&quot;changed&quot; content=&quot;2018-07-23T18:48:46.313178174&quot;&gt;</text:p></office:annotation></text:span></text:span><text:span text:style-name="Strong_20_Emphasis"><text:span text:style-name="T5"><office:annotation><dc:date>2018-07-29T09:37:36.465241771</dc:date><text:p>HTML: &lt;meta name=&quot;created&quot; content=&quot;00:00:00&quot;&gt;</text:p></office:annotation></text:span></text:span><text:span text:style-name="Strong_20_Emphasis"><text:span text:style-name="T5"><office:annotation><dc:date>2018-07-29T09:37:36.465251911</dc:date><text:p>HTML: &lt;meta name=&quot;changed&quot; content=&quot;2018-07-23T18:45:00.442912543&quot;&gt;</text:p></office:annotation></text:span></text:span><text:span text:style-name="Strong_20_Emphasis"><text:span text:style-name="T5"><office:annotation><dc:date>2018-07-29T09:37:36.465261224</dc:date><text:p>HTML: &lt;meta name=&quot;created&quot; content=&quot;00:00:00&quot;&gt;</text:p></office:annotation></text:span></text:span><text:span text:style-name="Strong_20_Emphasis"><text:span text:style-name="T5"><office:annotation><dc:date>2018-07-29T09:37:36.465271138</dc:date><text:p>HTML: &lt;meta name=&quot;changed&quot; content=&quot;2018-07-23T17:33:41.840489698&quot;&gt;</text:p></office:annotation></text:span></text:span><text:span text:style-name="Strong_20_Emphasis"><text:span text:style-name="T5"><office:annotation><dc:date>2018-07-29T09:37:36.465279992</dc:date><text:p>HTML: &lt;meta name=&quot;created&quot; content=&quot;00:00:00&quot;&gt;</text:p></office:annotation></text:span></text:span><text:span text:style-name="Strong_20_Emphasis"><text:span text:style-name="T5"><office:annotation><dc:date>2018-07-29T09:37:36.465289741</dc:date><text:p>HTML: &lt;meta name=&quot;changed&quot; content=&quot;2018-07-01T22:20:27.923687190&quot;&gt;</text:p></office:annotation></text:span></text:span><text:span text:style-name="Strong_20_Emphasis"><text:span text:style-name="T5"><office:annotation><dc:date>2018-07-29T09:37:36.465298989</dc:date><text:p>HTML: &lt;meta name=&quot;created&quot; content=&quot;00:00:00&quot;&gt;</text:p></office:annotation></text:span></text:span><text:span text:style-name="Strong_20_Emphasis"><text:span text:style-name="T5"><office:annotation><dc:date>2018-07-29T09:37:36.465308835</dc:date><text:p>HTML: &lt;meta name=&quot;changed&quot; content=&quot;2018-07-01T22:13:16.001692095&quot;&gt;</text:p></office:annotation></text:span></text:span><text:span text:style-name="Strong_20_Emphasis"><text:span text:style-name="T5"><office:annotation><dc:date>2018-07-29T09:37:36.465317849</dc:date><text:p>HTML: &lt;meta name=&quot;created&quot; content=&quot;00:00:00&quot;&gt;</text:p></office:annotation></text:span></text:span><text:span text:style-name="Strong_20_Emphasis"><text:span text:style-name="T5"><office:annotation><dc:date>2018-07-29T09:37:36.465326696</dc:date><text:p>HTML: &lt;meta name=&quot;changed&quot; content=&quot;00:00:00&quot;&gt;</text:p></office:annotation></text:span></text:span><text:span text:style-name="Strong_20_Emphasis"><text:span text:style-name="T5"><office:annotation><dc:date>2018-07-29T09:37:36.465335845</dc:date><text:p>HTML: &lt;meta name=&quot;created&quot; content=&quot;00:00:00&quot;&gt;</text:p></office:annotation></text:span></text:span><text:span text:style-name="Strong_20_Emphasis"><text:span text:style-name="T5"><office:annotation><dc:date>2018-07-29T09:37:36.465345628</dc:date><text:p>HTML: &lt;meta name=&quot;changed&quot; content=&quot;2018-06-29T22:40:27.905434121&quot;&gt;</text:p></office:annotation></text:span></text:span><text:span text:style-name="Strong_20_Emphasis"><text:span text:style-name="T5"><office:annotation><dc:date>2018-07-29T09:37:36.465354681</dc:date><text:p>HTML: &lt;meta name=&quot;created&quot; content=&quot;00:00:00&quot;&gt;</text:p></office:annotation></text:span></text:span><text:span text:style-name="Strong_20_Emphasis"><text:span text:style-name="T5"><office:annotation><dc:date>2018-07-29T09:37:36.465364646</dc:date><text:p>HTML: &lt;meta name=&quot;changed&quot; content=&quot;2018-06-29T22:19:54.818236607&quot;&gt;</text:p></office:annotation></text:span></text:span><text:span text:style-name="Strong_20_Emphasis"><text:span text:style-name="T5"><office:annotation><dc:date>2018-07-29T09:37:36.465373844</dc:date><text:p>HTML: &lt;meta name=&quot;created&quot; content=&quot;00:00:00&quot;&gt;</text:p></office:annotation></text:span></text:span><text:span text:style-name="Strong_20_Emphasis"><text:span text:style-name="T5"><office:annotation><dc:date>2018-07-29T09:37:36.465383785</dc:date><text:p>HTML: &lt;meta name=&quot;changed&quot; content=&quot;2018-06-29T16:48:09.289221502&quot;&gt;</text:p></office:annotation></text:span></text:span><text:span text:style-name="Strong_20_Emphasis"><text:span text:style-name="T5"><office:annotation><dc:date>2018-07-29T09:37:36.465392644</dc:date><text:p>HTML: &lt;meta name=&quot;created&quot; content=&quot;00:00:00&quot;&gt;</text:p></office:annotation></text:span></text:span><text:span text:style-name="Strong_20_Emphasis"><text:span text:style-name="T5"><office:annotation><dc:date>2018-07-29T09:37:36.465402353</dc:date><text:p>HTML: &lt;meta name=&quot;changed&quot; content=&quot;2018-06-28T13:04:28.492733451&quot;&gt;</text:p></office:annotation></text:span></text:span><text:span text:style-name="Strong_20_Emphasis"><text:span text:style-name="T5"><office:annotation><dc:date>2018-07-29T09:37:36.465411503</dc:date><text:p>HTML: &lt;meta name=&quot;created&quot; content=&quot;00:00:00&quot;&gt;</text:p></office:annotation></text:span></text:span><text:span text:style-name="Strong_20_Emphasis"><text:span text:style-name="T5"><office:annotation><dc:date>2018-07-29T09:37:36.465421215</dc:date><text:p>HTML: &lt;meta name=&quot;changed&quot; content=&quot;2018-06-26T16:14:44.639882738&quot;&gt;</text:p></office:annotation></text:span></text:span><text:span text:style-name="Strong_20_Emphasis"><text:span text:style-name="T5"><office:annotation><dc:date>2018-07-29T09:37:36.465430296</dc:date><text:p>HTML: &lt;meta name=&quot;created&quot; content=&quot;00:00:00&quot;&gt;</text:p></office:annotation></text:span></text:span><text:span text:style-name="Strong_20_Emphasis"><text:span text:style-name="T5"><office:annotation><dc:date>2018-07-29T09:37:36.465440120</dc:date><text:p>HTML: &lt;meta name=&quot;changed&quot; content=&quot;2018-06-26T00:07:28.897913089&quot;&gt;</text:p></office:annotation></text:span></text:span><text:span text:style-name="Strong_20_Emphasis"><text:span text:style-name="T5"><office:annotation><dc:date>2018-07-29T09:37:36.465449109</dc:date><text:p>HTML: &lt;meta name=&quot;created&quot; content=&quot;00:00:00&quot;&gt;</text:p></office:annotation></text:span></text:span><text:span text:style-name="Strong_20_Emphasis"><text:span text:style-name="T5"><office:annotation><dc:date>2018-07-29T09:37:36.465459093</dc:date><text:p>HTML: &lt;meta name=&quot;changed&quot; content=&quot;2018-06-25T20:14:42.039332923&quot;&gt;</text:p></office:annotation></text:span></text:span><text:span text:style-name="Strong_20_Emphasis"><text:span text:style-name="T5"><office:annotation><dc:date>2018-07-29T09:37:36.465468123</dc:date><text:p>HTML: &lt;meta name=&quot;created&quot; content=&quot;00:00:00&quot;&gt;</text:p></office:annotation></text:span></text:span><text:span text:style-name="Strong_20_Emphasis"><text:span text:style-name="T5"><office:annotation><dc:date>2018-07-29T09:37:36.465478015</dc:date><text:p>HTML: &lt;meta name=&quot;changed&quot; content=&quot;2018-06-24T22:32:07.411315002&quot;&gt;</text:p></office:annotation></text:span></text:span><text:span text:style-name="Strong_20_Emphasis"><text:span text:style-name="T5"><office:annotation><dc:date>2018-07-29T09:37:36.465487033</dc:date><text:p>HTML: &lt;meta name=&quot;created&quot; content=&quot;00:00:00&quot;&gt;</text:p></office:annotation></text:span></text:span><text:span text:style-name="Strong_20_Emphasis"><text:span text:style-name="T5"><office:annotation><dc:date>2018-07-29T09:37:36.465497542</dc:date><text:p>HTML: &lt;meta name=&quot;changed&quot; content=&quot;2018-06-24T15:42:01.493043692&quot;&gt;</text:p></office:annotation></text:span></text:span><text:span text:style-name="Strong_20_Emphasis"><text:span text:style-name="T5"><office:annotation><dc:date>2018-07-29T09:37:36.465506490</dc:date><text:p>HTML: &lt;meta name=&quot;created&quot; content=&quot;00:00:00&quot;&gt;</text:p></office:annotation></text:span></text:span><text:span text:style-name="Strong_20_Emphasis"><text:span text:style-name="T5"><office:annotation><dc:date>2018-07-29T09:37:36.465516503</dc:date><text:p>HTML: &lt;meta name=&quot;changed&quot; content=&quot;2018-06-24T09:30:05.416727667&quot;&gt;</text:p></office:annotation></text:span></text:span><text:span text:style-name="Strong_20_Emphasis"><text:span text:style-name="T5"><office:annotation><dc:date>2018-07-29T09:37:36.465526028</dc:date><text:p>HTML: &lt;meta name=&quot;created&quot; content=&quot;00:00:00&quot;&gt;</text:p></office:annotation></text:span></text:span><text:span text:style-name="Strong_20_Emphasis"><text:span text:style-name="T5"><office:annotation><dc:date>2018-07-29T09:37:36.465535658</dc:date><text:p>HTML: &lt;meta name=&quot;changed&quot; content=&quot;2018-06-23T16:36:03.100363804&quot;&gt;</text:p></office:annotation></text:span></text:span><text:span text:style-name="Strong_20_Emphasis"><text:span text:style-name="T5"><office:annotation><dc:date>2018-07-29T09:37:36.465544550</dc:date><text:p>HTML: &lt;meta name=&quot;created&quot; content=&quot;00:00:00&quot;&gt;</text:p></office:annotation></text:span></text:span><text:span text:style-name="Strong_20_Emphasis"><text:span text:style-name="T5"><office:annotation><dc:date>2018-07-29T09:37:36.465554423</dc:date><text:p>HTML: &lt;meta name=&quot;changed&quot; content=&quot;2018-06-23T11:36:03.222001170&quot;&gt;</text:p></office:annotation></text:span></text:span><text:span text:style-name="Strong_20_Emphasis"><text:span text:style-name="T5"><office:annotation><dc:date>2018-07-29T09:37:36.465563545</dc:date><text:p>HTML: &lt;meta name=&quot;created&quot; content=&quot;00:00:00&quot;&gt;</text:p></office:annotation></text:span></text:span><text:span text:style-name="Strong_20_Emphasis"><text:span text:style-name="T5"><office:annotation><dc:date>2018-07-29T09:37:36.465573392</dc:date><text:p>HTML: &lt;meta name=&quot;changed&quot; content=&quot;2018-06-21T23:23:09.057807835&quot;&gt;</text:p></office:annotation></text:span></text:span><text:span text:style-name="Strong_20_Emphasis"><text:span text:style-name="T5"><office:annotation><dc:date>2018-07-29T09:37:36.465582330</dc:date><text:p>HTML: &lt;meta name=&quot;created&quot; content=&quot;00:00:00&quot;&gt;</text:p></office:annotation></text:span></text:span><text:span text:style-name="Strong_20_Emphasis"><text:span text:style-name="T5"><office:annotation><dc:date>2018-07-29T09:37:36.465592071</dc:date><text:p>HTML: &lt;meta name=&quot;changed&quot; content=&quot;2018-06-21T17:55:17.865393136&quot;&gt;</text:p></office:annotation></text:span></text:span><text:span text:style-name="Strong_20_Emphasis"><text:span text:style-name="T5"><office:annotation><dc:date>2018-07-29T09:37:36.465601020</dc:date><text:p>HTML: &lt;meta name=&quot;created&quot; content=&quot;00:00:00&quot;&gt;</text:p></office:annotation></text:span></text:span><text:span text:style-name="Strong_20_Emphasis"><text:span text:style-name="T5"><office:annotation><dc:date>2018-07-29T09:37:36.465610555</dc:date><text:p>HTML: &lt;meta name=&quot;changed&quot; content=&quot;2018-06-21T12:21:22.763521742&quot;&gt;</text:p></office:annotation></text:span></text:span><text:span text:style-name="Strong_20_Emphasis"><text:span text:style-name="T5"><office:annotation><dc:date>2018-07-29T09:37:36.465619248</dc:date><text:p>HTML: &lt;meta name=&quot;created&quot; content=&quot;00:00:00&quot;&gt;</text:p></office:annotation></text:span></text:span><text:span text:style-name="Strong_20_Emphasis"><text:span text:style-name="T5"><office:annotation><dc:date>2018-07-29T09:37:36.465628915</dc:date><text:p>HTML: &lt;meta name=&quot;changed&quot; content=&quot;2018-06-20T18:34:19.830157535&quot;&gt;</text:p></office:annotation></text:span></text:span><text:span text:style-name="Strong_20_Emphasis"><text:span text:style-name="T5"><office:annotation><dc:date>2018-07-29T09:37:36.465637699</dc:date><text:p>HTML: &lt;meta name=&quot;created&quot; content=&quot;00:00:00&quot;&gt;</text:p></office:annotation></text:span></text:span><text:span text:style-name="Strong_20_Emphasis"><text:span text:style-name="T5"><office:annotation><dc:date>2018-07-29T09:37:36.465647271</dc:date><text:p>HTML: &lt;meta name=&quot;changed&quot; content=&quot;2018-06-19T12:54:18.844691454&quot;&gt;</text:p></office:annotation></text:span></text:span><text:span text:style-name="Strong_20_Emphasis"><text:span text:style-name="T5"><office:annotation><dc:date>2018-07-29T09:37:36.465655893</dc:date><text:p>HTML: &lt;meta name=&quot;created&quot; content=&quot;00:00:00&quot;&gt;</text:p></office:annotation></text:span></text:span><text:span text:style-name="Strong_20_Emphasis"><text:span text:style-name="T5"><office:annotation><dc:date>2018-07-29T09:37:36.465665409</dc:date><text:p>HTML: &lt;meta name=&quot;changed&quot; content=&quot;2018-06-18T23:20:12.738581285&quot;&gt;</text:p></office:annotation></text:span></text:span><text:span text:style-name="Strong_20_Emphasis"><text:span text:style-name="T5"><office:annotation><dc:date>2018-07-29T09:37:36.465673828</dc:date><text:p>HTML: &lt;meta name=&quot;created&quot; content=&quot;00:00:00&quot;&gt;</text:p></office:annotation></text:span></text:span><text:span text:style-name="Strong_20_Emphasis"><text:span text:style-name="T5"><office:annotation><dc:date>2018-07-29T09:37:36.465683312</dc:date><text:p>HTML: &lt;meta name=&quot;changed&quot; content=&quot;2018-06-18T20:39:37.890329984&quot;&gt;</text:p></office:annotation></text:span></text:span><text:span text:style-name="Strong_20_Emphasis"><text:span text:style-name="T5"><office:annotation><dc:date>2018-07-29T09:37:36.465691900</dc:date><text:p>HTML: &lt;meta name=&quot;created&quot; content=&quot;00:00:00&quot;&gt;</text:p></office:annotation></text:span></text:span><text:span text:style-name="Strong_20_Emphasis"><text:span text:style-name="T5"><office:annotation><dc:date>2018-07-29T09:37:36.465701396</dc:date><text:p>HTML: &lt;meta name=&quot;changed&quot; content=&quot;2018-06-18T12:45:23.879199387&quot;&gt;</text:p></office:annotation></text:span></text:span><text:span text:style-name="Strong_20_Emphasis"><text:span text:style-name="T5"><office:annotation><dc:date>2018-07-29T09:37:36.465710036</dc:date><text:p>HTML: &lt;meta name=&quot;created&quot; content=&quot;00:00:00&quot;&gt;</text:p></office:annotation></text:span></text:span><text:span text:style-name="Strong_20_Emphasis"><text:span text:style-name="T5"><office:annotation><dc:date>2018-07-29T09:37:36.465719570</dc:date><text:p>HTML: &lt;meta name=&quot;changed&quot; content=&quot;2018-06-17T20:02:02.143589569&quot;&gt;</text:p></office:annotation></text:span></text:span><text:span text:style-name="Strong_20_Emphasis"><text:span text:style-name="T5"><office:annotation><dc:date>2018-07-29T09:37:36.465728230</dc:date><text:p>HTML: &lt;meta name=&quot;created&quot; content=&quot;00:00:00&quot;&gt;</text:p></office:annotation></text:span></text:span><text:span text:style-name="Strong_20_Emphasis"><text:span text:style-name="T5"><office:annotation><dc:date>2018-07-29T09:37:36.465737762</dc:date><text:p>HTML: &lt;meta name=&quot;changed&quot; content=&quot;2018-06-17T19:45:54.789583280&quot;&gt;</text:p></office:annotation></text:span></text:span><text:span text:style-name="Strong_20_Emphasis"><text:span text:style-name="T5"><office:annotation><dc:date>2018-07-29T09:37:36.465746268</dc:date><text:p>HTML: &lt;meta name=&quot;created&quot; content=&quot;00:00:00&quot;&gt;</text:p></office:annotation></text:span></text:span><text:span text:style-name="Strong_20_Emphasis"><text:span text:style-name="T5"><office:annotation><dc:date>2018-07-29T09:37:36.465775153</dc:date><text:p>HTML: &lt;meta name=&quot;changed&quot; content=&quot;2018-06-16T15:19:53.989201345&quot;&gt;</text:p></office:annotation></text:span></text:span><text:span text:style-name="Strong_20_Emphasis"><text:span text:style-name="T5"><office:annotation><dc:date>2018-07-29T09:37:36.465784652</dc:date><text:p>HTML: &lt;meta name=&quot;created&quot; content=&quot;00:00:00&quot;&gt;</text:p></office:annotation></text:span></text:span><text:span text:style-name="Strong_20_Emphasis"><text:span text:style-name="T5"><office:annotation><dc:date>2018-07-29T09:37:36.465794543</dc:date><text:p>HTML: &lt;meta name=&quot;changed&quot; content=&quot;2018-06-16T13:50:44.432862129&quot;&gt;</text:p></office:annotation></text:span></text:span><text:span text:style-name="Strong_20_Emphasis"><text:span text:style-name="T5"><office:annotation><dc:date>2018-07-29T09:37:36.465803272</dc:date><text:p>HTML: &lt;meta name=&quot;created&quot; content=&quot;00:00:00&quot;&gt;</text:p></office:annotation></text:span></text:span><text:span text:style-name="Strong_20_Emphasis"><text:span text:style-name="T5"><office:annotation><dc:date>2018-07-29T09:37:36.465812956</dc:date><text:p>HTML: &lt;meta name=&quot;changed&quot; content=&quot;2018-06-16T10:49:58.030689160&quot;&gt;</text:p></office:annotation></text:span></text:span><text:span text:style-name="Strong_20_Emphasis"><text:span text:style-name="T5"><office:annotation><dc:date>2018-07-29T09:37:36.465821737</dc:date><text:p>HTML: &lt;meta name=&quot;created&quot; content=&quot;00:00:00&quot;&gt;</text:p></office:annotation></text:span></text:span><text:span text:style-name="Strong_20_Emphasis"><text:span text:style-name="T5"><office:annotation><dc:date>2018-07-29T09:37:36.465831122</dc:date><text:p>HTML: &lt;meta name=&quot;changed&quot; content=&quot;2018-06-15T13:05:31.693854059&quot;&gt;</text:p></office:annotation></text:span></text:span><text:span text:style-name="Strong_20_Emphasis"><text:span text:style-name="T5"><office:annotation><dc:date>2018-07-29T09:37:36.465840869</dc:date><text:p>HTML: &lt;meta name=&quot;changed&quot; content=&quot;2018-06-15T16:46:54.538249678&quot;&gt;</text:p></office:annotation></text:span></text:span><text:span text:style-name="Strong_20_Emphasis"><text:span text:style-name="T5"><office:annotation><dc:date>2018-07-29T09:37:36.465849927</dc:date><text:p>HTML: &lt;meta name=&quot;created&quot; content=&quot;00:00:00&quot;&gt;</text:p></office:annotation></text:span></text:span><text:span text:style-name="Strong_20_Emphasis"><text:span text:style-name="T5"><office:annotation><dc:date>2018-07-29T09:37:36.465859504</dc:date><text:p>HTML: &lt;meta name=&quot;changed&quot; content=&quot;2018-06-14T22:55:38.007259856&quot;&gt;</text:p></office:annotation></text:span></text:span><text:span text:style-name="Strong_20_Emphasis"><text:span text:style-name="T5"><office:annotation><dc:date>2018-07-29T09:37:36.465868400</dc:date><text:p>HTML: &lt;meta name=&quot;created&quot; content=&quot;00:00:00&quot;&gt;</text:p></office:annotation></text:span></text:span><text:span text:style-name="Strong_20_Emphasis"><text:span text:style-name="T5"><office:annotation><dc:date>2018-07-29T09:37:36.465877798</dc:date><text:p>HTML: &lt;meta name=&quot;changed&quot; content=&quot;2018-06-14T20:52:51.033526204&quot;&gt;</text:p></office:annotation></text:span></text:span><text:span text:style-name="Strong_20_Emphasis"><text:span text:style-name="T5"><office:annotation><dc:date>2018-07-29T09:37:36.465886744</dc:date><text:p>HTML: &lt;meta name=&quot;created&quot; content=&quot;00:00:00&quot;&gt;</text:p></office:annotation></text:span></text:span><text:span text:style-name="Strong_20_Emphasis"><text:span text:style-name="T5"><office:annotation><dc:date>2018-07-29T09:37:36.465896210</dc:date><text:p>HTML: &lt;meta name=&quot;changed&quot; content=&quot;2018-06-14T17:27:12.577284577&quot;&gt;</text:p></office:annotation></text:span></text:span><text:span text:style-name="Strong_20_Emphasis"><text:span text:style-name="T5"><office:annotation><dc:date>2018-07-29T09:37:36.465905207</dc:date><text:p>HTML: &lt;meta name=&quot;created&quot; content=&quot;00:00:00&quot;&gt;</text:p></office:annotation></text:span></text:span><text:span text:style-name="Strong_20_Emphasis"><text:span text:style-name="T5"><office:annotation><dc:date>2018-07-29T09:37:36.465914956</dc:date><text:p>HTML: &lt;meta name=&quot;changed&quot; content=&quot;2018-06-14T12:58:12.332824081&quot;&gt;</text:p></office:annotation></text:span></text:span><text:span text:style-name="Strong_20_Emphasis"><text:span text:style-name="T5"><office:annotation><dc:date>2018-07-29T09:37:36.465923560</dc:date><text:p>HTML: &lt;meta name=&quot;created&quot; content=&quot;00:00:00&quot;&gt;</text:p></office:annotation></text:span></text:span><text:span text:style-name="Strong_20_Emphasis"><text:span text:style-name="T5"><office:annotation><dc:date>2018-07-29T09:37:36.465933172</dc:date><text:p>HTML: &lt;meta name=&quot;changed&quot; content=&quot;2018-06-14T07:07:38.845049501&quot;&gt;</text:p></office:annotation></text:span></text:span><text:span text:style-name="Strong_20_Emphasis"><text:span text:style-name="T5"><office:annotation><dc:date>2018-07-29T09:37:36.465941969</dc:date><text:p>HTML: &lt;meta name=&quot;created&quot; content=&quot;00:00:00&quot;&gt;</text:p></office:annotation></text:span></text:span><text:span text:style-name="Strong_20_Emphasis"><text:span text:style-name="T5"><office:annotation><dc:date>2018-07-29T09:37:36.465952294</dc:date><text:p>HTML: &lt;meta name=&quot;changed&quot; content=&quot;2018-06-13T22:59:08.975991996&quot;&gt;</text:p></office:annotation></text:span></text:span><text:span text:style-name="Strong_20_Emphasis"><text:span text:style-name="T5"><office:annotation><dc:date>2018-07-29T09:37:36.465961072</dc:date><text:p>HTML: &lt;meta name=&quot;created&quot; content=&quot;00:00:00&quot;&gt;</text:p></office:annotation></text:span></text:span><text:span text:style-name="Strong_20_Emphasis"><text:span text:style-name="T5"><office:annotation><dc:date>2018-07-29T09:37:36.465970655</dc:date><text:p>HTML: &lt;meta name=&quot;changed&quot; content=&quot;2018-06-13T20:26:03.305702553&quot;&gt;</text:p></office:annotation></text:span></text:span><text:span text:style-name="Strong_20_Emphasis"><text:span text:style-name="T5"><office:annotation><dc:date>2018-07-29T09:37:36.465979398</dc:date><text:p>HTML: &lt;meta name=&quot;created&quot; content=&quot;00:00:00&quot;&gt;</text:p></office:annotation></text:span></text:span><text:span text:style-name="Strong_20_Emphasis"><text:span text:style-name="T5"><office:annotation><dc:date>2018-07-29T09:37:36.465989052</dc:date><text:p>HTML: &lt;meta name=&quot;changed&quot; content=&quot;2018-06-12T12:28:00.714637591&quot;&gt;</text:p></office:annotation></text:span></text:span><text:span text:style-name="Strong_20_Emphasis"><text:span text:style-name="T5"><office:annotation><dc:date>2018-07-29T09:37:36.465998476</dc:date><text:p>HTML: &lt;meta name=&quot;created&quot; content=&quot;00:00:00&quot;&gt;</text:p></office:annotation></text:span></text:span><text:span text:style-name="Strong_20_Emphasis"><text:span text:style-name="T5"><office:annotation><dc:date>2018-07-29T09:37:36.466007845</dc:date><text:p>HTML: &lt;meta name=&quot;changed&quot; content=&quot;2018-06-11T22:59:09.625284365&quot;&gt;</text:p></office:annotation></text:span></text:span><text:span text:style-name="Strong_20_Emphasis"><text:span text:style-name="T5"><office:annotation><dc:date>2018-07-29T09:37:36.466017396</dc:date><text:p>HTML: &lt;meta name=&quot;created&quot; content=&quot;2018-06-11T22:51:04.642681485&quot;&gt;</text:p></office:annotation></text:span></text:span><text:span text:style-name="Strong_20_Emphasis"><text:span text:style-name="T5"><office:annotation><dc:date>2018-07-29T09:37:36.466026915</dc:date><text:p>HTML: &lt;meta name=&quot;changed&quot; content=&quot;2018-06-11T22:52:11.240135258&quot;&gt;</text:p></office:annotation></text:span></text:span><text:span text:style-name="Strong_20_Emphasis"><text:span text:style-name="T5">Título: </text:span></text:span><text:span text:style-name="Strong_20_Emphasis"><text:span text:style-name="T5"><office:annotation><dc:date>2018-07-29T09:37:36.466093319</dc:date><text:p>HTML: &lt;meta name=&quot;created&quot; content=&quot;00:00:00&quot;&gt;</text:p></office:annotation></text:span></text:span><text:span text:style-name="Strong_20_Emphasis"><text:span text:style-name="T5"><office:annotation><dc:date>2018-07-29T09:37:36.466103899</dc:date><text:p>HTML: &lt;meta name=&quot;changed&quot; content=&quot;2018-06-14T22:55:38.007259856&quot;&gt;</text:p></office:annotation></text:span></text:span><text:span text:style-name="Strong_20_Emphasis"><text:span text:style-name="T5"><office:annotation><dc:date>2018-07-29T09:37:36.466112758</dc:date><text:p>HTML: &lt;meta name=&quot;created&quot; content=&quot;00:00:00&quot;&gt;</text:p></office:annotation></text:span></text:span><text:span text:style-name="Strong_20_Emphasis"><text:span text:style-name="T5"><office:annotation><dc:date>2018-07-29T09:37:36.466122628</dc:date><text:p>HTML: &lt;meta name=&quot;changed&quot; content=&quot;2018-06-14T20:52:51.033526204&quot;&gt;</text:p></office:annotation></text:span></text:span><text:span text:style-name="Strong_20_Emphasis"><text:span text:style-name="T5"><office:annotation><dc:date>2018-07-29T09:37:36.466131518</dc:date><text:p>HTML: &lt;meta name=&quot;created&quot; content=&quot;00:00:00&quot;&gt;</text:p></office:annotation></text:span></text:span><text:span text:style-name="Strong_20_Emphasis"><text:span text:style-name="T5"><office:annotation><dc:date>2018-07-29T09:37:36.466141307</dc:date><text:p>HTML: &lt;meta name=&quot;changed&quot; content=&quot;2018-06-14T17:27:12.577284577&quot;&gt;</text:p></office:annotation></text:span></text:span><text:span text:style-name="Strong_20_Emphasis"><text:span text:style-name="T5"><office:annotation><dc:date>2018-07-29T09:37:36.466149954</dc:date><text:p>HTML: &lt;meta name=&quot;created&quot; content=&quot;00:00:00&quot;&gt;</text:p></office:annotation></text:span></text:span><text:span text:style-name="Strong_20_Emphasis"><text:span text:style-name="T5"><office:annotation><dc:date>2018-07-29T09:37:36.466159571</dc:date><text:p>HTML: &lt;meta name=&quot;changed&quot; content=&quot;2018-06-14T12:58:12.332824081&quot;&gt;</text:p></office:annotation></text:span></text:span><text:span text:style-name="Strong_20_Emphasis"><text:span text:style-name="T5"><office:annotation><dc:date>2018-07-29T09:37:36.466179807</dc:date><text:p>HTML: &lt;meta name=&quot;created&quot; content=&quot;00:00:00&quot;&gt;</text:p></office:annotation></text:span></text:span><text:span text:style-name="Strong_20_Emphasis"><text:span text:style-name="T5"><office:annotation><dc:date>2018-07-29T09:37:36.466189701</dc:date><text:p>HTML: &lt;meta name=&quot;changed&quot; content=&quot;2018-06-14T07:07:38.845049501&quot;&gt;</text:p></office:annotation></text:span></text:span><text:span text:style-name="Strong_20_Emphasis"><text:span text:style-name="T5"><office:annotation><dc:date>2018-07-29T09:37:36.466198548</dc:date><text:p>HTML: &lt;meta name=&quot;created&quot; content=&quot;00:00:00&quot;&gt;</text:p></office:annotation></text:span></text:span><text:span text:style-name="Strong_20_Emphasis"><text:span text:style-name="T5"><office:annotation><dc:date>2018-07-29T09:37:36.466208397</dc:date><text:p>HTML: &lt;meta name=&quot;changed&quot; content=&quot;2018-06-13T22:59:08.975991996&quot;&gt;</text:p></office:annotation></text:span></text:span><text:span text:style-name="Strong_20_Emphasis"><text:span text:style-name="T5"><office:annotation><dc:date>2018-07-29T09:37:36.466217060</dc:date><text:p>HTML: &lt;meta name=&quot;created&quot; content=&quot;00:00:00&quot;&gt;</text:p></office:annotation></text:span></text:span><text:span text:style-name="Strong_20_Emphasis"><text:span text:style-name="T5"><office:annotation><dc:date>2018-07-29T09:37:36.466227030</dc:date><text:p>HTML: &lt;meta name=&quot;changed&quot; content=&quot;2018-06-13T20:26:03.305702553&quot;&gt;</text:p></office:annotation></text:span></text:span><text:span text:style-name="Strong_20_Emphasis"><text:span text:style-name="T5"><office:annotation><dc:date>2018-07-29T09:37:36.466235858</dc:date><text:p>HTML: &lt;meta name=&quot;created&quot; content=&quot;00:00:00&quot;&gt;</text:p></office:annotation></text:span></text:span><text:span text:style-name="Strong_20_Emphasis"><text:span text:style-name="T5"><office:annotation><dc:date>2018-07-29T09:37:36.466245301</dc:date><text:p>HTML: &lt;meta name=&quot;changed&quot; content=&quot;2018-06-12T12:28:00.714637591&quot;&gt;</text:p></office:annotation></text:span></text:span><text:span text:style-name="Strong_20_Emphasis"><text:span text:style-name="T5"><office:annotation><dc:date>2018-07-29T09:37:36.466254501</dc:date><text:p>HTML: &lt;meta name=&quot;created&quot; content=&quot;00:00:00&quot;&gt;</text:p></office:annotation></text:span></text:span><text:span text:style-name="Strong_20_Emphasis"><text:span text:style-name="T5"><office:annotation><dc:date>2018-07-29T09:37:36.466263975</dc:date><text:p>HTML: &lt;meta name=&quot;changed&quot; content=&quot;2018-06-11T22:59:09.625284365&quot;&gt;</text:p></office:annotation></text:span></text:span><text:span text:style-name="Strong_20_Emphasis"><text:span text:style-name="T5"><office:annotation><dc:date>2018-07-29T09:37:36.466273578</dc:date><text:p>HTML: &lt;meta name=&quot;created&quot; content=&quot;2018-06-11T22:51:04.642681485&quot;&gt;</text:p></office:annotation></text:span></text:span><text:span text:style-name="Strong_20_Emphasis"><text:span text:style-name="T5"><office:annotation><dc:date>2018-07-29T09:37:36.466283179</dc:date><text:p>HTML: &lt;meta name=&quot;changed&quot; content=&quot;2018-06-11T22:52:11.240135258&quot;&gt;</text:p></office:annotation></text:span></text:span><text:span text:style-name="Strong_20_Emphasis"><text:span text:style-name="T5">CHAPTER A DAY (GALATAS)<text:line-break/>Autor: NORMAN</text:span></text:span><text:span text:style-name="Strong_20_Emphasis"><text:span text:style-name="T4"> </text:span></text:span><text:span text:style-name="Strong_20_Emphasis"><text:span text:style-name="T5">BERRY </text:span></text:span><text:span text:style-name="Strong_20_Emphasis"><text:span text:style-name="T2"><text:line-break/><text:line-break/></text:span></text:span><text:span text:style-name="Strong_20_Emphasis"><text:span text:style-name="T7">Literaturas em formato</text:span></text:span><text:span text:style-name="Strong_20_Emphasis"><text:span text:style-name="T6"> </text:span></text:span><text:span text:style-name="Strong_20_Emphasis"><text:span text:style-name="T7">digital:<text:line-break/></text:span></text:span><text:a xlink:type="simple" xlink:href="http://www.acervodigitalcristao.com.br/" text:style-name="Internet_20_link" text:visited-style-name="Visited_20_Internet_20_Link"><text:span text:style-name="Strong_20_Emphasis"><text:span text:style-name="T2">www.acervodigitalcristao.com.br</text:span></text:span></text:a><text:span text:style-name="Strong_20_Emphasis"><text:span text:style-name="T8"><text:line-break/><text:line-break/></text:span></text:span><text:span text:style-name="Strong_20_Emphasis"><text:span text:style-name="T3">Literaturas em formato</text:span></text:span><text:span text:style-name="Strong_20_Emphasis"> </text:span><text:span text:style-name="Strong_20_Emphasis"><text:span text:style-name="T3">Impresso:<text:line-break/></text:span></text:span><text:a xlink:type="simple" xlink:href="http://www.verdadesvivas.com.br/" text:style-name="Internet_20_link" text:visited-style-name="Visited_20_Internet_20_Link"><text:span text:style-name="Strong_20_Emphasis"><text:span text:style-name="T2">www.verdadesvivas.com.br</text:span></text:span></text:a><text:span text:style-name="Strong_20_Emphasis"><text:span text:style-name="T8"><text:line-break/><text:line-break/></text:span></text:span><text:span text:style-name="Strong_20_Emphasis"><text:span text:style-name="T3">Evangelho em 03 Minutos:</text:span></text:span><text:span text:style-name="Strong_20_Emphasis"> </text:span><text:span text:style-name="Strong_20_Emphasis"><text:span text:style-name="T2"><text:line-break/></text:span></text:span><text:a xlink:type="simple" xlink:href="http://www.3minutos.net/" text:style-name="Internet_20_link" text:visited-style-name="Visited_20_Internet_20_Link"><text:span text:style-name="Strong_20_Emphasis"><text:span text:style-name="T2">www.3minutos.net</text:span></text:span></text:a><text:span text:style-name="Strong_20_Emphasis"><text:span text:style-name="T8"><text:line-break/><text:line-break/></text:span></text:span><text:span text:style-name="Strong_20_Emphasis"><text:span text:style-name="T3">O que respondi:<text:line-break/></text:span></text:span><text:a xlink:type="simple" xlink:href="http://www.respondi.com.br/" text:style-name="Internet_20_link" text:visited-style-name="Visited_20_Internet_20_Link"><text:span text:style-name="Strong_20_Emphasis"><text:span text:style-name="T2">www.respondi.com.br</text:span></text:span></text:a></text:p><text:h text:style-name="P7" text:outline-level="2"><text:bookmark text:name="__RefHeading___Toc7449_1419486361"/>#267</text:h><text:p text:style-name="P3"/><text:p text:style-name="P4">Uma Bíblia que está caindo aos pedaços geralmente pertence a alguém que não está!</text:p><text:p text:style-name="P3"/><text:h text:style-name="P6" text:outline-level="2"><text:bookmark text:name="__RefHeading___Toc7451_1419486361"/><text:a xlink:type="simple" xlink:href="http://mysword.info/b?r=Gal_1" text:style-name="Internet_20_link" text:visited-style-name="Visited_20_Internet_20_Link"><text:span text:style-name="T1">GÁLATAS 1</text:span></text:a></text:h><text:p text:style-name="P3"/><text:p text:style-name="P3"><text:span text:style-name="T1">Aqui há mais sinais de perigo ao longo de nosso caminho por este mundo... (o deserto do crente). 1 Coríntios foi uma série de avisos contra os perigos morais e doutrinários. Gálatas é sobre os perigos espirituais (ou religiosos). Ambos os livros têm um versículo (sinal de perigo) que é o mesmo - </text:span><text:a xlink:type="simple" xlink:href="http://mysword.info/b?r=1Co_5:6" text:style-name="Internet_20_link" text:visited-style-name="Visited_20_Internet_20_Link"><text:span text:style-name="T1">1 Co 5:6</text:span></text:a><text:span text:style-name="T1"> e </text:span><text:a xlink:type="simple" xlink:href="http://mysword.info/b?r=Gal_5:9" text:style-name="Internet_20_link" text:visited-style-name="Visited_20_Internet_20_Link"><text:span text:style-name="T1">Gl 5:9</text:span></text:a><text:span text:style-name="T1">. Leia </text:span><text:a xlink:type="simple" xlink:href="http://mysword.info/b?r=Php_3:6" text:style-name="Internet_20_link" text:visited-style-name="Visited_20_Internet_20_Link"><text:span text:style-name="T1">Fp 3:6</text:span></text:a><text:span text:style-name="T1"> e </text:span><text:a xlink:type="simple" xlink:href="http://mysword.info/b?r=1Ti_1:15" text:style-name="Internet_20_link" text:visited-style-name="Visited_20_Internet_20_Link"><text:span text:style-name="T1">1Tm 1:15</text:span></text:a><text:span text:style-name="T1"> para ver como Paulo tinha sido antes de ser salvo. Exteriormente e moralmente, Paulo tinha sido irrepreensível, mas espiritualmente ele estava pecando, pois estava pecando contra Cristo. Todo erro religioso ou doutrinário é contra Cristo. O apóstolo Paulo estava tão contrariado com o erro religioso no qual os crentes da Galácia haviam caído, que não diz nenhuma palavra favorável a eles, mas vai direto ao assunto que tanto o aborrecia.</text:span></text:p><text:p text:style-name="P3"/><text:p text:style-name="P3"><text:a xlink:type="simple" xlink:href="http://mysword.info/b?r=Gal_1:1" text:style-name="Internet_20_link" text:visited-style-name="Visited_20_Internet_20_Link"><text:span text:style-name="T1">Gl 1:1</text:span></text:a><text:span text:style-name="T1"> Paulo demonstra sua autoridade como apóstolo, que não lhe fora dada por homens, mas por Jesus Cristo.</text:span></text:p><text:p text:style-name="P3"/><text:p text:style-name="P3"><text:a xlink:type="simple" xlink:href="http://mysword.info/b?r=Gal_1:6-9" text:style-name="Internet_20_link" text:visited-style-name="Visited_20_Internet_20_Link"><text:span text:style-name="T1">Gl 1:6-9</text:span></text:a><text:span text:style-name="T1"> Ele avisa do &quot;outro evangelho&quot;, pois alguns mestres já haviam se introduzido com falsas doutrinas. Até mesmo se um anjo apresentasse qualquer outra doutrina além daquela que Paulo estava apresentando, seria maldito. A má doutrina que estava sendo ensinada era que os crentes precisavam guardar a lei para se manterem salvos. E hoje há muitos que tentam fazer isto. Carregam suas Bíblias e podem citar vários versículos mas irão tentar nos colocar sob a lei.</text:span></text:p><text:p text:style-name="P3"/><text:p text:style-name="P3"><text:a xlink:type="simple" xlink:href="http://mysword.info/b?r=Gal_1:11-20" text:style-name="Internet_20_link" text:visited-style-name="Visited_20_Internet_20_Link"><text:span text:style-name="T1">Gl 1:11-20</text:span></text:a><text:span text:style-name="T1"> Paulo não recebeu o evangelho de outros crentes, ou mesmo dos outros apóstolos, mas do próprio Senhor. Ele nos diz isso para que recebamos os avisos como vindos do Senhor.</text:span></text:p><text:p text:style-name="P3"/><text:h text:style-name="P5" text:outline-level="2"><text:bookmark text:name="__RefHeading___Toc7453_1419486361"/>#268</text:h><text:p text:style-name="P3"/><text:p text:style-name="P4">Para eu poder ligar a Palavra de Deus ao Espírito de Deus, preciso ter meus olhos fixos em Cristo.</text:p><text:p text:style-name="P3"/><text:h text:style-name="P6" text:outline-level="2"><text:bookmark text:name="__RefHeading___Toc7455_1419486361"/><text:a xlink:type="simple" xlink:href="http://mysword.info/b?r=Gal_2" text:style-name="Internet_20_link" text:visited-style-name="Visited_20_Internet_20_Link"><text:span text:style-name="T1">GÁLATAS 2</text:span></text:a></text:h><text:p text:style-name="P3"/><text:p text:style-name="P3"><text:a xlink:type="simple" xlink:href="http://mysword.info/b?r=Gal_2:4" text:style-name="Internet_20_link" text:visited-style-name="Visited_20_Internet_20_Link"><text:span text:style-name="T1">Gl 2:4</text:span></text:a><text:span text:style-name="T1"> Duas palavras importantes para se entender a Epístola. &quot;Liberdade&quot; e &quot;Servidão&quot; - a liberdade do evangelho de nosso Senhor Jesus, e a servidão da lei.</text:span></text:p><text:p text:style-name="P3"/><text:p text:style-name="P3"><text:a xlink:type="simple" xlink:href="http://mysword.info/b?r=Gal_2:9" text:style-name="Internet_20_link" text:visited-style-name="Visited_20_Internet_20_Link"><text:span text:style-name="T1">Gl 2:9</text:span></text:a><text:span text:style-name="T1"> Paulo explica que o Senhor havia enviado a ele especificamente para pregar aos &quot;incircuncisos&quot; (os Gentios ou pagãos). Pedro foi enviado aos &quot;circuncisos&quot;, (os Judeus). Satanás quer dividir estes dois grupos, mas o Espírito de Deus uniu ambos em um.</text:span></text:p><text:p text:style-name="P3"/><text:p text:style-name="P3"><text:a xlink:type="simple" xlink:href="http://mysword.info/b?r=Gal_2:11-12" text:style-name="Internet_20_link" text:visited-style-name="Visited_20_Internet_20_Link"><text:span text:style-name="T1">Gl 2:11-12</text:span></text:a><text:span text:style-name="T1"> A princípio Pedro se relacionava tanto com Judeus como com Gentios, mas depois se separou dos Gentios, e nisso havia o perigo de uma triste divisão. Paulo o corrige rigidamente por isso.</text:span></text:p><text:p text:style-name="P3"/><text:p text:style-name="P3"><text:a xlink:type="simple" xlink:href="http://mysword.info/b?r=Gal_2:16" text:style-name="Internet_20_link" text:visited-style-name="Visited_20_Internet_20_Link"><text:span text:style-name="T1">Gl 2:16</text:span></text:a><text:span text:style-name="T1"> Ele segue adiante para mostrar que não somos salvos por procurarmos guardar a lei, mas pela fé em Cristo. Por Sua morte e por Sua vida por nós agora no céu.</text:span></text:p><text:p text:style-name="P3"/><text:p text:style-name="P3"><text:a xlink:type="simple" xlink:href="http://mysword.info/b?r=Gal_2:19-20" text:style-name="Internet_20_link" text:visited-style-name="Visited_20_Internet_20_Link"><text:span text:style-name="T1">Gl 2:19-20</text:span></text:a><text:span text:style-name="T1"> Paulo está morto para a lei, portanto ele pode seguir dizendo que &quot;e vivo, não mais eu&quot;. É assim que Deus nos livra para sempre da servidão da lei. Estamos mortos para ela, por meio da morte de Cristo. Isto não significa que não ligamos para ela, pois o crente deve viver uma vida piedosa.</text:span></text:p><text:p text:style-name="P3"/><text:p text:style-name="P3"><text:a xlink:type="simple" xlink:href="http://mysword.info/b?r=Gal_2:21" text:style-name="Internet_20_link" text:visited-style-name="Visited_20_Internet_20_Link"><text:span text:style-name="T1">Gl 2:21</text:span></text:a><text:span text:style-name="T1"> O terrível erro de se ensinar que a justiça vem pela guarda da lei.</text:span></text:p><text:p text:style-name="P3"/><text:h text:style-name="P5" text:outline-level="2"><text:bookmark text:name="__RefHeading___Toc7457_1419486361"/>#269</text:h><text:p text:style-name="P3"/><text:p text:style-name="P4">Incredulidade para com a verdade é natural... questioná-la não é difícil... mas a Palavra de Deus permanece tão clara e certa como sempre foi.</text:p><text:p text:style-name="P3"/><text:h text:style-name="P6" text:outline-level="2"><text:bookmark text:name="__RefHeading___Toc7459_1419486361"/><text:a xlink:type="simple" xlink:href="http://mysword.info/b?r=Gal_3" text:style-name="Internet_20_link" text:visited-style-name="Visited_20_Internet_20_Link"><text:span text:style-name="T1">GÁLATAS 3</text:span></text:a></text:h><text:p text:style-name="P3"/><text:p text:style-name="P4">&quot;Ó insensatos Gálatas...&quot; Era uma insensatez eles darem ouvidos a mestres que queriam colocá-los sob a lei.</text:p><text:p text:style-name="P3"/><text:p text:style-name="P3"><text:a xlink:type="simple" xlink:href="http://mysword.info/b?r=Gal_3:3" text:style-name="Internet_20_link" text:visited-style-name="Visited_20_Internet_20_Link"><text:span text:style-name="T1">Gl 3:3</text:span></text:a><text:span text:style-name="T1"> &quot;Tendo começado no Espírito...&quot; ou seja, vocês foram salvos pelo Espírito por meio da obra de Cristo - &quot;acabeis agora pela carne?&quot; Ou seja, vocês estão tentando viver a vida cristã em conformidade com a lei?</text:span></text:p><text:p text:style-name="P3"/><text:p text:style-name="P3"><text:a xlink:type="simple" xlink:href="http://mysword.info/b?r=Gal_3:10" text:style-name="Internet_20_link" text:visited-style-name="Visited_20_Internet_20_Link"><text:span text:style-name="T1">Gl 3:10</text:span></text:a><text:span text:style-name="T1"> Se você estiver tentando guardar a lei, ela só poderá amaldiçoá-lo, pois ela continuamente revela que você é culpado, por mais que você tente. Se você deseja ter algo que não é seu, é culpado de transgredir todos os mandamentos! (</text:span><text:a xlink:type="simple" xlink:href="http://mysword.info/b?r=Jas_2:10" text:style-name="Internet_20_link" text:visited-style-name="Visited_20_Internet_20_Link"><text:span text:style-name="T1">Tg 2:10</text:span></text:a><text:span text:style-name="T1">).</text:span></text:p><text:p text:style-name="P3"/><text:p text:style-name="P3"><text:a xlink:type="simple" xlink:href="http://mysword.info/b?r=Gal_3:13" text:style-name="Internet_20_link" text:visited-style-name="Visited_20_Internet_20_Link"><text:span text:style-name="T1">Gl 3:13</text:span></text:a><text:span text:style-name="T1"> Que boas novas! Somos libertos - não por nossos próprios esforços, mas pela morte de Cristo que levou aquela maldição sobre Si.</text:span></text:p><text:p text:style-name="P3"/><text:p text:style-name="P3"><text:a xlink:type="simple" xlink:href="http://mysword.info/b?r=Gal_3:21" text:style-name="Internet_20_link" text:visited-style-name="Visited_20_Internet_20_Link"><text:span text:style-name="T1">Gl 3:21</text:span></text:a><text:span text:style-name="T1"> A lei exigia obediência e justiça, e prometia vida se obedecessem, e morte se pecassem. Ela não podia dar vida pois todos pecaram.</text:span></text:p><text:p text:style-name="P3"/><text:p text:style-name="P3"><text:a xlink:type="simple" xlink:href="http://mysword.info/b?r=Gal_3:22" text:style-name="Internet_20_link" text:visited-style-name="Visited_20_Internet_20_Link"><text:span text:style-name="T1">Gl 3:22</text:span></text:a><text:span text:style-name="T1"> A lei é como um espelho que mostra o quão sujos somos.</text:span></text:p><text:p text:style-name="P3"/><text:p text:style-name="P3"><text:a xlink:type="simple" xlink:href="http://mysword.info/b?r=Gal_3:24" text:style-name="Internet_20_link" text:visited-style-name="Visited_20_Internet_20_Link"><text:span text:style-name="T1">Gl 3:24</text:span></text:a><text:span text:style-name="T1"> &quot;Justificados pela fé&quot;. O que a lei não podia fazer, Cristo fez, pois Ele levou o castigo que nós merecíamos como transgressores da lei.</text:span></text:p><text:p text:style-name="P3"/><text:p text:style-name="P3"><text:a xlink:type="simple" xlink:href="http://mysword.info/b?r=Gal_3:25" text:style-name="Internet_20_link" text:visited-style-name="Visited_20_Internet_20_Link"><text:span text:style-name="T1">Gl 3:25</text:span></text:a><text:span text:style-name="T1"> Não estamos mais sob esse aio, a lei. Não estamos mais sob a servidão, mas desfrutamos de liberdade. Não a liberdade de fazermos o que nossa velha natureza quiser, mas a liberdade de viver para agradar o Senhor. Temos uma vida que é capaz disto - (2 Pd </text:span><text:a xlink:type="simple" xlink:href="http://mysword.info/b?r=2Pe_1:3" text:style-name="Internet_20_link" text:visited-style-name="Visited_20_Internet_20_Link"><text:span text:style-name="T1">1:3</text:span></text:a><text:span text:style-name="T1">) e que se alegra em fazê-lo.</text:span></text:p><text:p text:style-name="P3"/><text:h text:style-name="P5" text:outline-level="2"><text:bookmark text:name="__RefHeading___Toc7461_1419486361"/>#270</text:h><text:p text:style-name="P3"/><text:p text:style-name="P4">Deus registra o passado e revela o futuro em Sua Palavra, para me afetar no presente.</text:p><text:p text:style-name="P3"/><text:h text:style-name="P6" text:outline-level="2"><text:bookmark text:name="__RefHeading___Toc7463_1419486361"/><text:a xlink:type="simple" xlink:href="http://mysword.info/b?r=Gal_4" text:style-name="Internet_20_link" text:visited-style-name="Visited_20_Internet_20_Link"><text:span text:style-name="T1">GÁLATAS 4</text:span></text:a></text:h><text:p text:style-name="P3"/><text:p text:style-name="P3"><text:a xlink:type="simple" xlink:href="http://mysword.info/b?r=Gal_4:3" text:style-name="Internet_20_link" text:visited-style-name="Visited_20_Internet_20_Link"><text:span text:style-name="T1">Gl 4:3</text:span></text:a><text:span text:style-name="T1"> A escravidão para com as coisas deste mundo nas quais antes estávamos cativos.</text:span></text:p><text:p text:style-name="P3"/><text:p text:style-name="P3"><text:a xlink:type="simple" xlink:href="http://mysword.info/b?r=Gal_4:5" text:style-name="Internet_20_link" text:visited-style-name="Visited_20_Internet_20_Link"><text:span text:style-name="T1">Gl 4:5</text:span></text:a><text:span text:style-name="T1"> Que contraste! Aqui somos redimidos, somos adotados na própria família de Deus e somos filhos. Um servo está escravizado, mas um filho é livre.</text:span></text:p><text:p text:style-name="P3"/><text:p text:style-name="P3"><text:a xlink:type="simple" xlink:href="http://mysword.info/b?r=Gal_4:6" text:style-name="Internet_20_link" text:visited-style-name="Visited_20_Internet_20_Link"><text:span text:style-name="T1">Gl 4:6</text:span></text:a><text:span text:style-name="T1"> Sob o controle da lei, não poderíamos chamar Deus de &quot;Pai&quot;. Mas como filhos livres, desfrutamos deste relacionamento.</text:span></text:p><text:p text:style-name="P3"/><text:p text:style-name="P3"><text:a xlink:type="simple" xlink:href="http://mysword.info/b?r=Gal_4:7" text:style-name="Internet_20_link" text:visited-style-name="Visited_20_Internet_20_Link"><text:span text:style-name="T1">Gl 4:7</text:span></text:a><text:span text:style-name="T1"> Não somos apenas filhos, mas herdeiros de Deus. Não é de admirar que Satanás quer estragar tudo isso levando-nos de volta para o jugo da lei.</text:span></text:p><text:p text:style-name="P3"/><text:p text:style-name="P3"><text:a xlink:type="simple" xlink:href="http://mysword.info/b?r=Gal_4:9" text:style-name="Internet_20_link" text:visited-style-name="Visited_20_Internet_20_Link"><text:span text:style-name="T1">Gl 4:9</text:span></text:a><text:span text:style-name="T1"> Paulo se maravilha de que eles pudessem ser enganados e retornarem à escravidão da lei. Muitos crentes hoje fazem o mesmo.</text:span></text:p><text:p text:style-name="P3"/><text:p text:style-name="P3"><text:a xlink:type="simple" xlink:href="http://mysword.info/b?r=Gal_4:21" text:style-name="Internet_20_link" text:visited-style-name="Visited_20_Internet_20_Link"><text:span text:style-name="T1">Gl 4:21</text:span></text:a><text:span text:style-name="T1"> Em outras palavras, &quot;vocês não sabem que a lei só pode condenar vocês e amaldiçoar vocês e declarar a sentença de morte?&quot;</text:span></text:p><text:p text:style-name="P3"/><text:p text:style-name="P3"><text:a xlink:type="simple" xlink:href="http://mysword.info/b?r=Gal_4:22-31" text:style-name="Internet_20_link" text:visited-style-name="Visited_20_Internet_20_Link"><text:span text:style-name="T1">Gl 4:22-31</text:span></text:a><text:span text:style-name="T1"> A histórias de Abraão e de seus filhos Ismael e Isaque. Ismael deve ser expulso para que Isaque possa ser desfrutado como o único filho. Ismael é uma figura de nossa velha posição sob a lei, e Isaque é o filho da promessa, uma figura de nossa posição em graça.</text:span></text:p><text:p text:style-name="P3"/><text:h text:style-name="P5" text:outline-level="2"><text:bookmark text:name="__RefHeading___Toc7465_1419486361"/>#271</text:h><text:p text:style-name="P3"/><text:p text:style-name="P4">Nunca haverá uma época, até que o Senhor venha, em que possa faltar luz na Palavra de Deus para guiar o crente.</text:p><text:p text:style-name="P3"/><text:h text:style-name="P6" text:outline-level="2"><text:bookmark text:name="__RefHeading___Toc7467_1419486361"/><text:a xlink:type="simple" xlink:href="http://mysword.info/b?r=Gal_5" text:style-name="Internet_20_link" text:visited-style-name="Visited_20_Internet_20_Link"><text:span text:style-name="T1">GÁLATAS 5</text:span></text:a></text:h><text:p text:style-name="P3"/><text:p text:style-name="P3"><text:a xlink:type="simple" xlink:href="http://mysword.info/b?r=Gal_5:1" text:style-name="Internet_20_link" text:visited-style-name="Visited_20_Internet_20_Link"><text:span text:style-name="T1">Gl 5:1</text:span></text:a><text:span text:style-name="T1"> Ainda numa linguagem das mais fortes, Paulo insiste com eles para que permanecessem na liberdade com que Cristo lhes havia tornado livres. Satanás é tão astuto que desviou a muitos de darem ouvidos ao evangelho da liberdade para escutarem aquilo que coloca os homens sob a servidão.</text:span></text:p><text:p text:style-name="P3"/><text:p text:style-name="P3"><text:a xlink:type="simple" xlink:href="http://mysword.info/b?r=Gal_5:4" text:style-name="Internet_20_link" text:visited-style-name="Visited_20_Internet_20_Link"><text:span text:style-name="T1">Gl 5:4</text:span></text:a><text:span text:style-name="T1"> Se alguém professa ser salvo por graça, e então volta a guardar a lei, Paulo diz que tal pessoa caiu da graça. Tenhamos cuidado.</text:span></text:p><text:p text:style-name="P3"/><text:p text:style-name="P3"><text:a xlink:type="simple" xlink:href="http://mysword.info/b?r=Gal_5:10" text:style-name="Internet_20_link" text:visited-style-name="Visited_20_Internet_20_Link"><text:span text:style-name="T1">Gl 5:10</text:span></text:a><text:span text:style-name="T1"> Paulo expressa confiança de que os Gálatas não seriam enganados por esses mestres da lei, e diz que tais mestres seriam tidos por responsáveis.</text:span></text:p><text:p text:style-name="P3"/><text:p text:style-name="P3"><text:a xlink:type="simple" xlink:href="http://mysword.info/b?r=Gal_5:13" text:style-name="Internet_20_link" text:visited-style-name="Visited_20_Internet_20_Link"><text:span text:style-name="T1">Gl 5:13</text:span></text:a><text:span text:style-name="T1"> Somos libertados da escravidão do pecado e levados à liberdade, mas não para agirmos em vontade própria e levianamente. Pense no que custou ao Senhor Jesus para nos dar essa nova vida!</text:span></text:p><text:p text:style-name="P3"/><text:p text:style-name="P3"><text:a xlink:type="simple" xlink:href="http://mysword.info/b?r=Gal_5:16-17" text:style-name="Internet_20_link" text:visited-style-name="Visited_20_Internet_20_Link"><text:span text:style-name="T1">Gl 5:16-17</text:span></text:a><text:span text:style-name="T1"> O viver no Espírito é nosso poder para evitar que façamos nossa própria vontade.</text:span></text:p><text:p text:style-name="P3"/><text:p text:style-name="P3"><text:a xlink:type="simple" xlink:href="http://mysword.info/b?r=Gal_5:19-23" text:style-name="Internet_20_link" text:visited-style-name="Visited_20_Internet_20_Link"><text:span text:style-name="T1">Gl 5:19-23</text:span></text:a><text:span text:style-name="T1"> As obras da carne e o fruto do Espírito colocados em contraste. Certamente devemos estar mostrando o fruto do Espírito em nossa vida.</text:span></text:p><text:p text:style-name="P3"/><text:h text:style-name="P5" text:outline-level="2"><text:bookmark text:name="__RefHeading___Toc7469_1419486361"/>#272</text:h><text:p text:style-name="P3"/><text:p text:style-name="P4">A Bíblia não foi escrita para informar cientistas, mas não há nenhuma descoberta da ciência que possa aniquilar a verdade que ela contém.</text:p><text:p text:style-name="P3"/><text:h text:style-name="P6" text:outline-level="2"><text:bookmark text:name="__RefHeading___Toc7471_1419486361"/><text:a xlink:type="simple" xlink:href="http://mysword.info/b?r=Gal_6" text:style-name="Internet_20_link" text:visited-style-name="Visited_20_Internet_20_Link"><text:span text:style-name="T1">GÁLATAS 6</text:span></text:a></text:h><text:p text:style-name="P3"/><text:p text:style-name="P3"><text:a xlink:type="simple" xlink:href="http://mysword.info/b?r=Gal_6:1" text:style-name="Internet_20_link" text:visited-style-name="Visited_20_Internet_20_Link"><text:span text:style-name="T1">Gl 6:1</text:span></text:a><text:span text:style-name="T1"> Se um crente descuidado cometesse alguma falta, era responsabilidade daqueles que eram espirituais ajudá-lo, lembrando-se de que qualquer um deles poderia ter cometido a mesma falta.</text:span></text:p><text:p text:style-name="P3"/><text:p text:style-name="P3"><text:a xlink:type="simple" xlink:href="http://mysword.info/b?r=Gal_6:2" text:style-name="Internet_20_link" text:visited-style-name="Visited_20_Internet_20_Link"><text:span text:style-name="T1">Gl 6:2</text:span></text:a><text:span text:style-name="T1"> Se realmente queremos ter uma lei para nossa época, aqui está uma: &quot;Levai as cargas uns dos outros&quot;. O Senhor Jesus fez isto quando esteve aqui - pois é isso o que quer dizer &quot;a lei de Cristo.&quot;</text:span></text:p><text:p text:style-name="P3"/><text:p text:style-name="P3"><text:a xlink:type="simple" xlink:href="http://mysword.info/b?r=Gal_6:7-8" text:style-name="Internet_20_link" text:visited-style-name="Visited_20_Internet_20_Link"><text:span text:style-name="T1">Gl 6:7-8</text:span></text:a><text:span text:style-name="T1"> O que semeamos, certamente ceifaremos, mesmo como crente, com todos os nossos pecados perdoados e em nosso caminho rumo ao céu! Veja </text:span><text:a xlink:type="simple" xlink:href="http://mysword.info/b?r=2Ti_2:12" text:style-name="Internet_20_link" text:visited-style-name="Visited_20_Internet_20_Link"><text:span text:style-name="T1">2Tm 2:12, 13</text:span></text:a><text:span text:style-name="T1">.</text:span></text:p><text:p text:style-name="P3"/><text:p text:style-name="P3"><text:a xlink:type="simple" xlink:href="http://mysword.info/b?r=Gal_6:9" text:style-name="Internet_20_link" text:visited-style-name="Visited_20_Internet_20_Link"><text:span text:style-name="T1">Gl 6:9</text:span></text:a><text:span text:style-name="T1"> Portanto, sirvamos, semeemos e esperemos. Pois o Senhor percebe tudo o que é feito para Ele em obediência à Sua Palavra e Ele retribuirá mais tarde.</text:span></text:p><text:p text:style-name="P3"/><text:p text:style-name="P3"><text:a xlink:type="simple" xlink:href="http://mysword.info/b?r=Gal_6:10" text:style-name="Internet_20_link" text:visited-style-name="Visited_20_Internet_20_Link"><text:span text:style-name="T1">Gl 6:10</text:span></text:a><text:span text:style-name="T1"> Talvez nos esquecemos disto.</text:span></text:p><text:p text:style-name="P3"/><text:p text:style-name="P3"><text:a xlink:type="simple" xlink:href="http://mysword.info/b?r=Gal_6:14" text:style-name="Internet_20_link" text:visited-style-name="Visited_20_Internet_20_Link"><text:span text:style-name="T1">Gl 6:14</text:span></text:a><text:span text:style-name="T1"> O mundo deu ao nosso Salvador uma cruz. E Paulo diz que a cruz permanece entre ele e o mundo que continua a odiar o Senhor. &quot;Estou crucificado&quot;, diz Paulo - em outras palavras, o mundo não me quer porque pertenço Àquele que eles desprezaram. E o mundo está crucificado para mim, diz Paulo, &quot;pois não quero a amizade daqueles que crucificaram meu Salvador&quot;.</text:span></text:p><text:p text:style-name="P3"/></text:section></office:text></office:body></office:document-content>