<?xml version="1.0" encoding="UTF-8"?>
<office:document-content xmlns:office="urn:oasis:names:tc:opendocument:xmlns:office:1.0" xmlns:style="urn:oasis:names:tc:opendocument:xmlns:style:1.0" xmlns:text="urn:oasis:names:tc:opendocument:xmlns:text:1.0" xmlns:table="urn:oasis:names:tc:opendocument:xmlns:table:1.0" xmlns:draw="urn:oasis:names:tc:opendocument:xmlns:drawing:1.0" xmlns:fo="urn:oasis:names:tc:opendocument:xmlns:xsl-fo-compatible:1.0" xmlns:xlink="http://www.w3.org/1999/xlink" xmlns:dc="http://purl.org/dc/elements/1.1/" xmlns:meta="urn:oasis:names:tc:opendocument:xmlns:meta:1.0" xmlns:number="urn:oasis:names:tc:opendocument:xmlns:datastyle:1.0" xmlns:svg="urn:oasis:names:tc:opendocument:xmlns:svg-compatible:1.0" xmlns:chart="urn:oasis:names:tc:opendocument:xmlns:chart:1.0" xmlns:dr3d="urn:oasis:names:tc:opendocument:xmlns:dr3d:1.0" xmlns:math="http://www.w3.org/1998/Math/MathML" xmlns:form="urn:oasis:names:tc:opendocument:xmlns:form:1.0" xmlns:script="urn:oasis:names:tc:opendocument:xmlns:script:1.0" xmlns:ooo="http://openoffice.org/2004/office" xmlns:ooow="http://openoffice.org/2004/writer" xmlns:oooc="http://openoffice.org/2004/calc" xmlns:dom="http://www.w3.org/2001/xml-events" xmlns:xforms="http://www.w3.org/2002/xforms" xmlns:xsd="http://www.w3.org/2001/XMLSchema" xmlns:xsi="http://www.w3.org/2001/XMLSchema-instance" xmlns:rpt="http://openoffice.org/2005/report" xmlns:of="urn:oasis:names:tc:opendocument:xmlns:of:1.2" xmlns:xhtml="http://www.w3.org/1999/xhtml" xmlns:grddl="http://www.w3.org/2003/g/data-view#" xmlns:officeooo="http://openoffice.org/2009/office" xmlns:tableooo="http://openoffice.org/2009/table" xmlns:drawooo="http://openoffice.org/2010/draw" xmlns:calcext="urn:org:documentfoundation:names:experimental:calc:xmlns:calcext:1.0" xmlns:loext="urn:org:documentfoundation:names:experimental:office:xmlns:loext:1.0" xmlns:field="urn:openoffice:names:experimental:ooo-ms-interop:xmlns:field:1.0" xmlns:formx="urn:openoffice:names:experimental:ooxml-odf-interop:xmlns:form:1.0" xmlns:css3t="http://www.w3.org/TR/css3-text/" office:version="1.2"><office:scripts/><office:font-face-decls><style:font-face style:name="FreeSans1" svg:font-family="FreeSans"/><style:font-face style:name="Liberation Sans" svg:font-family="&apos;Liberation Sans&apos;, sans-serif"/><style:font-face style:name="Noto Sans CJK SC Regular1" svg:font-family="&apos;Noto Sans CJK SC Regular&apos;"/><style:font-face style:name="FreeSans2" svg:font-family="FreeSans" style:font-family-generic="swiss"/><style:font-face style:name="Liberation Serif" svg:font-family="&apos;Liberation Serif&apos;" style:font-family-generic="roman" style:font-pitch="variable"/><style:font-face style:name="Thorndale" svg:font-family="Thorndale" style:font-family-generic="roman" style:font-pitch="variable"/><style:font-face style:name="Albany" svg:font-family="Albany" style:font-family-generic="swiss" style:font-pitch="variable"/><style:font-face style:name="FreeSans" svg:font-family="FreeSans" style:font-family-generic="system" style:font-pitch="variable"/><style:font-face style:name="Noto Sans CJK SC Regular" svg:font-family="&apos;Noto Sans CJK SC Regular&apos;" style:font-family-generic="system" style:font-pitch="variable"/></office:font-face-decls><office:automatic-styles><style:style style:name="P1" style:family="paragraph" style:parent-style-name="Text_20_body" style:master-page-name="HTML"><style:paragraph-properties fo:margin-top="0cm" fo:margin-bottom="0cm" loext:contextual-spacing="false" fo:line-height="150%" fo:text-align="start" style:justify-single-word="false" style:page-number="auto"/></style:style><style:style style:name="P2" style:family="paragraph" style:parent-style-name="Text_20_body"><style:paragraph-properties fo:margin-top="0cm" fo:margin-bottom="0cm" loext:contextual-spacing="false" fo:line-height="150%" fo:text-align="justify" style:justify-single-word="false"/></style:style><style:style style:name="P3" style:family="paragraph" style:parent-style-name="Text_20_body"><style:paragraph-properties fo:margin-top="0cm" fo:margin-bottom="0cm" loext:contextual-spacing="false" fo:line-height="150%" fo:text-align="justify" style:justify-single-word="false"/><style:text-properties style:font-name="Liberation Sans" fo:font-size="12pt"/></style:style><style:style style:name="P4" style:family="paragraph" style:parent-style-name="Text_20_body"><style:paragraph-properties fo:margin-top="0cm" fo:margin-bottom="0cm" loext:contextual-spacing="false" fo:line-height="150%" fo:text-align="start" style:justify-single-word="false" fo:break-before="page"/></style:style><style:style style:name="P5" style:family="paragraph" style:parent-style-name="Heading_20_2"><style:paragraph-properties fo:line-height="150%"/></style:style><style:style style:name="P6" style:family="paragraph" style:parent-style-name="Heading_20_2"><style:paragraph-properties fo:line-height="150%"/><style:text-properties style:font-name="Liberation Sans" fo:font-size="12pt"/></style:style><style:style style:name="P7" style:family="paragraph" style:parent-style-name="Heading_20_2"><style:paragraph-properties fo:line-height="150%" fo:break-before="page"/><style:text-properties style:font-name="Liberation Sans" fo:font-size="12pt"/></style:style><style:style style:name="T1" style:family="text"><style:text-properties style:font-name="Liberation Sans" fo:font-size="12pt"/></style:style><style:style style:name="T2" style:family="text"><style:text-properties style:font-name="Liberation Sans" fo:font-size="12pt" fo:font-weight="bold"/></style:style><style:style style:name="T3" style:family="text"><style:text-properties style:font-name="Liberation Sans" fo:font-size="12pt" fo:font-weight="normal"/></style:style><style:style style:name="T4" style:family="text"><style:text-properties fo:font-variant="normal" fo:text-transform="none"/></style:style><style:style style:name="T5" style:family="text"><style:text-properties fo:font-variant="normal" fo:text-transform="none" style:font-name="Liberation Sans" fo:font-size="12pt" fo:font-style="normal" fo:font-weight="normal"/></style:style><style:style style:name="T6" style:family="text"><style:text-properties fo:color="#000000"/></style:style><style:style style:name="T7" style:family="text"><style:text-properties fo:color="#000000" style:font-name="Liberation Sans" fo:font-size="12pt" fo:font-weight="normal"/></style:style><style:style style:name="T8" style:family="text"><style:text-properties fo:color="#000099" style:text-line-through-style="none" style:text-line-through-type="none" style:font-name="Liberation Sans" fo:font-size="12pt" style:text-underline-style="none" fo:font-weight="bold" style:text-blinking="false"/></style:style><style:style style:name="fr1" style:family="graphic" style:parent-style-name="Graphics"><style:graphic-properties style:wrap="right" style:number-wrapped-paragraphs="no-limit" style:wrap-contour="false" style:vertical-pos="top" style:vertical-rel="paragraph-content" style:horizontal-pos="left" style:horizontal-rel="paragraph" style:mirror="none" fo:clip="rect(0cm, 0cm, 0cm, 0cm)" draw:luminance="0%" draw:contrast="0%" draw:red="0%" draw:green="0%" draw:blue="0%" draw:gamma="100%" draw:color-inversion="false" draw:image-opacity="100%" draw:color-mode="standard"/></style:style><style:style style:name="Sect1" style:family="section"><style:section-properties style:writing-mode="lr-tb" style:editable="false"><style:columns fo:column-count="1" fo:column-gap="0cm"/></style:section-properties></style:style></office:automatic-styles><office:body><office:text text:use-soft-page-breaks="true"><text:sequence-decls><text:sequence-decl text:display-outline-level="0" text:name="Illustration"/><text:sequence-decl text:display-outline-level="0" text:name="Table"/><text:sequence-decl text:display-outline-level="0" text:name="Text"/><text:sequence-decl text:display-outline-level="0" text:name="Drawing"/></text:sequence-decls><text:section text:style-name="Sect1" text:name="texto"><text:p text:style-name="P1"><draw:frame draw:style-name="fr1" draw:name="Figura1" text:anchor-type="paragraph" svg:width="17.013cm" svg:height="24.897cm" draw:z-index="0"><draw:image xlink:href="Pictures/1000020100000A5D00000F2FACB51AA45EC57D4C.png" xlink:type="simple" xlink:show="embed" xlink:actuate="onLoad"/></draw:frame><office:annotation><dc:date>2018-07-29T09:37:24.875277097</dc:date><text:p>HTML: &lt;meta name=&quot;created&quot; content=&quot;00:00:00&quot;&gt;</text:p></office:annotation><office:annotation><dc:date>2018-07-29T09:37:24.875301656</dc:date><text:p>HTML: &lt;meta name=&quot;changed&quot; content=&quot;2018-07-29T09:27:20.670998789&quot;&gt;</text:p></office:annotation><office:annotation><dc:date>2018-07-29T09:37:24.875318971</dc:date><text:p>HTML: &lt;meta name=&quot;created&quot; content=&quot;00:00:00&quot;&gt;</text:p></office:annotation><office:annotation><dc:date>2018-07-29T09:37:24.875336813</dc:date><text:p>HTML: &lt;meta name=&quot;changed&quot; content=&quot;2018-07-29T09:04:32.214344257&quot;&gt;</text:p></office:annotation><office:annotation><dc:date>2018-07-29T09:37:24.875352776</dc:date><text:p>HTML: &lt;meta name=&quot;created&quot; content=&quot;00:00:00&quot;&gt;</text:p></office:annotation><office:annotation><dc:date>2018-07-29T09:37:24.875370256</dc:date><text:p>HTML: &lt;meta name=&quot;changed&quot; content=&quot;2018-07-24T12:47:02.714822612&quot;&gt;</text:p></office:annotation><office:annotation><dc:date>2018-07-29T09:37:24.875386617</dc:date><text:p>HTML: &lt;meta name=&quot;created&quot; content=&quot;00:00:00&quot;&gt;</text:p></office:annotation><office:annotation><dc:date>2018-07-29T09:37:24.875403909</dc:date><text:p>HTML: &lt;meta name=&quot;changed&quot; content=&quot;2018-07-23T18:38:51.705673169&quot;&gt;</text:p></office:annotation><office:annotation><dc:date>2018-07-29T09:37:24.875420048</dc:date><text:p>HTML: &lt;meta name=&quot;created&quot; content=&quot;00:00:00&quot;&gt;</text:p></office:annotation><office:annotation><dc:date>2018-07-29T09:37:24.875437555</dc:date><text:p>HTML: &lt;meta name=&quot;changed&quot; content=&quot;2018-07-23T18:36:43.007141577&quot;&gt;</text:p></office:annotation></text:p><text:p text:style-name="P4"><text:span text:style-name="Strong_20_Emphasis"><text:span text:style-name="T5"><office:annotation><dc:date>2018-07-29T09:37:26.159762793</dc:date><text:p>HTML: &lt;meta name=&quot;created&quot; content=&quot;00:00:00&quot;&gt;</text:p></office:annotation></text:span></text:span><text:span text:style-name="Strong_20_Emphasis"><text:span text:style-name="T5"><office:annotation><dc:date>2018-07-29T09:37:26.159776446</dc:date><text:p>HTML: &lt;meta name=&quot;changed&quot; content=&quot;2018-07-23T17:36:19.644936678&quot;&gt;</text:p></office:annotation></text:span></text:span><text:span text:style-name="Strong_20_Emphasis"><text:span text:style-name="T5"><office:annotation><dc:date>2018-07-29T09:37:26.159786739</dc:date><text:p>HTML: &lt;meta name=&quot;created&quot; content=&quot;00:00:00&quot;&gt;</text:p></office:annotation></text:span></text:span><text:span text:style-name="Strong_20_Emphasis"><text:span text:style-name="T5"><office:annotation><dc:date>2018-07-29T09:37:26.159797566</dc:date><text:p>HTML: &lt;meta name=&quot;changed&quot; content=&quot;2018-07-01T22:28:40.456270563&quot;&gt;</text:p></office:annotation></text:span></text:span><text:span text:style-name="Strong_20_Emphasis"><text:span text:style-name="T5"><office:annotation><dc:date>2018-07-29T09:37:26.159806927</dc:date><text:p>HTML: &lt;meta name=&quot;created&quot; content=&quot;00:00:00&quot;&gt;</text:p></office:annotation></text:span></text:span><text:span text:style-name="Strong_20_Emphasis"><text:span text:style-name="T5"><office:annotation><dc:date>2018-07-29T09:37:26.159817207</dc:date><text:p>HTML: &lt;meta name=&quot;changed&quot; content=&quot;2018-07-01T22:13:16.001692095&quot;&gt;</text:p></office:annotation></text:span></text:span><text:span text:style-name="Strong_20_Emphasis"><text:span text:style-name="T5"><office:annotation><dc:date>2018-07-29T09:37:26.159826851</dc:date><text:p>HTML: &lt;meta name=&quot;created&quot; content=&quot;00:00:00&quot;&gt;</text:p></office:annotation></text:span></text:span><text:span text:style-name="Strong_20_Emphasis"><text:span text:style-name="T5"><office:annotation><dc:date>2018-07-29T09:37:26.159836132</dc:date><text:p>HTML: &lt;meta name=&quot;changed&quot; content=&quot;00:00:00&quot;&gt;</text:p></office:annotation></text:span></text:span><text:span text:style-name="Strong_20_Emphasis"><text:span text:style-name="T5"><office:annotation><dc:date>2018-07-29T09:37:26.159845021</dc:date><text:p>HTML: &lt;meta name=&quot;created&quot; content=&quot;00:00:00&quot;&gt;</text:p></office:annotation></text:span></text:span><text:span text:style-name="Strong_20_Emphasis"><text:span text:style-name="T5"><office:annotation><dc:date>2018-07-29T09:37:26.159854861</dc:date><text:p>HTML: &lt;meta name=&quot;changed&quot; content=&quot;2018-06-29T22:40:27.905434121&quot;&gt;</text:p></office:annotation></text:span></text:span><text:span text:style-name="Strong_20_Emphasis"><text:span text:style-name="T5"><office:annotation><dc:date>2018-07-29T09:37:26.159864039</dc:date><text:p>HTML: &lt;meta name=&quot;created&quot; content=&quot;00:00:00&quot;&gt;</text:p></office:annotation></text:span></text:span><text:span text:style-name="Strong_20_Emphasis"><text:span text:style-name="T5"><office:annotation><dc:date>2018-07-29T09:37:26.159873488</dc:date><text:p>HTML: &lt;meta name=&quot;changed&quot; content=&quot;2018-06-29T22:19:54.818236607&quot;&gt;</text:p></office:annotation></text:span></text:span><text:span text:style-name="Strong_20_Emphasis"><text:span text:style-name="T5"><office:annotation><dc:date>2018-07-29T09:37:26.159882051</dc:date><text:p>HTML: &lt;meta name=&quot;created&quot; content=&quot;00:00:00&quot;&gt;</text:p></office:annotation></text:span></text:span><text:span text:style-name="Strong_20_Emphasis"><text:span text:style-name="T5"><office:annotation><dc:date>2018-07-29T09:37:26.159891416</dc:date><text:p>HTML: &lt;meta name=&quot;changed&quot; content=&quot;2018-06-29T16:48:09.289221502&quot;&gt;</text:p></office:annotation></text:span></text:span><text:span text:style-name="Strong_20_Emphasis"><text:span text:style-name="T5"><office:annotation><dc:date>2018-07-29T09:37:26.159900335</dc:date><text:p>HTML: &lt;meta name=&quot;created&quot; content=&quot;00:00:00&quot;&gt;</text:p></office:annotation></text:span></text:span><text:span text:style-name="Strong_20_Emphasis"><text:span text:style-name="T5"><office:annotation><dc:date>2018-07-29T09:37:26.159910166</dc:date><text:p>HTML: &lt;meta name=&quot;changed&quot; content=&quot;2018-06-28T13:04:28.492733451&quot;&gt;</text:p></office:annotation></text:span></text:span><text:span text:style-name="Strong_20_Emphasis"><text:span text:style-name="T5"><office:annotation><dc:date>2018-07-29T09:37:26.159919825</dc:date><text:p>HTML: &lt;meta name=&quot;created&quot; content=&quot;00:00:00&quot;&gt;</text:p></office:annotation></text:span></text:span><text:span text:style-name="Strong_20_Emphasis"><text:span text:style-name="T5"><office:annotation><dc:date>2018-07-29T09:37:26.159929629</dc:date><text:p>HTML: &lt;meta name=&quot;changed&quot; content=&quot;2018-06-26T16:14:44.639882738&quot;&gt;</text:p></office:annotation></text:span></text:span><text:span text:style-name="Strong_20_Emphasis"><text:span text:style-name="T5"><office:annotation><dc:date>2018-07-29T09:37:26.159938531</dc:date><text:p>HTML: &lt;meta name=&quot;created&quot; content=&quot;00:00:00&quot;&gt;</text:p></office:annotation></text:span></text:span><text:span text:style-name="Strong_20_Emphasis"><text:span text:style-name="T5"><office:annotation><dc:date>2018-07-29T09:37:26.159947997</dc:date><text:p>HTML: &lt;meta name=&quot;changed&quot; content=&quot;2018-06-26T00:07:28.897913089&quot;&gt;</text:p></office:annotation></text:span></text:span><text:span text:style-name="Strong_20_Emphasis"><text:span text:style-name="T5"><office:annotation><dc:date>2018-07-29T09:37:26.159956743</dc:date><text:p>HTML: &lt;meta name=&quot;created&quot; content=&quot;00:00:00&quot;&gt;</text:p></office:annotation></text:span></text:span><text:span text:style-name="Strong_20_Emphasis"><text:span text:style-name="T5"><office:annotation><dc:date>2018-07-29T09:37:26.159966253</dc:date><text:p>HTML: &lt;meta name=&quot;changed&quot; content=&quot;2018-06-25T20:14:42.039332923&quot;&gt;</text:p></office:annotation></text:span></text:span><text:span text:style-name="Strong_20_Emphasis"><text:span text:style-name="T5"><office:annotation><dc:date>2018-07-29T09:37:26.159974935</dc:date><text:p>HTML: &lt;meta name=&quot;created&quot; content=&quot;00:00:00&quot;&gt;</text:p></office:annotation></text:span></text:span><text:span text:style-name="Strong_20_Emphasis"><text:span text:style-name="T5"><office:annotation><dc:date>2018-07-29T09:37:26.159984417</dc:date><text:p>HTML: &lt;meta name=&quot;changed&quot; content=&quot;2018-06-24T22:32:07.411315002&quot;&gt;</text:p></office:annotation></text:span></text:span><text:span text:style-name="Strong_20_Emphasis"><text:span text:style-name="T5"><office:annotation><dc:date>2018-07-29T09:37:26.159993085</dc:date><text:p>HTML: &lt;meta name=&quot;created&quot; content=&quot;00:00:00&quot;&gt;</text:p></office:annotation></text:span></text:span><text:span text:style-name="Strong_20_Emphasis"><text:span text:style-name="T5"><office:annotation><dc:date>2018-07-29T09:37:26.160002427</dc:date><text:p>HTML: &lt;meta name=&quot;changed&quot; content=&quot;2018-06-24T15:42:01.493043692&quot;&gt;</text:p></office:annotation></text:span></text:span><text:span text:style-name="Strong_20_Emphasis"><text:span text:style-name="T5"><office:annotation><dc:date>2018-07-29T09:37:26.160011064</dc:date><text:p>HTML: &lt;meta name=&quot;created&quot; content=&quot;00:00:00&quot;&gt;</text:p></office:annotation></text:span></text:span><text:span text:style-name="Strong_20_Emphasis"><text:span text:style-name="T5"><office:annotation><dc:date>2018-07-29T09:37:26.160020451</dc:date><text:p>HTML: &lt;meta name=&quot;changed&quot; content=&quot;2018-06-24T09:30:05.416727667&quot;&gt;</text:p></office:annotation></text:span></text:span><text:span text:style-name="Strong_20_Emphasis"><text:span text:style-name="T5"><office:annotation><dc:date>2018-07-29T09:37:26.160029015</dc:date><text:p>HTML: &lt;meta name=&quot;created&quot; content=&quot;00:00:00&quot;&gt;</text:p></office:annotation></text:span></text:span><text:span text:style-name="Strong_20_Emphasis"><text:span text:style-name="T5"><office:annotation><dc:date>2018-07-29T09:37:26.160038418</dc:date><text:p>HTML: &lt;meta name=&quot;changed&quot; content=&quot;2018-06-23T16:36:03.100363804&quot;&gt;</text:p></office:annotation></text:span></text:span><text:span text:style-name="Strong_20_Emphasis"><text:span text:style-name="T5"><office:annotation><dc:date>2018-07-29T09:37:26.160046961</dc:date><text:p>HTML: &lt;meta name=&quot;created&quot; content=&quot;00:00:00&quot;&gt;</text:p></office:annotation></text:span></text:span><text:span text:style-name="Strong_20_Emphasis"><text:span text:style-name="T5"><office:annotation><dc:date>2018-07-29T09:37:26.160056416</dc:date><text:p>HTML: &lt;meta name=&quot;changed&quot; content=&quot;2018-06-23T11:36:03.222001170&quot;&gt;</text:p></office:annotation></text:span></text:span><text:span text:style-name="Strong_20_Emphasis"><text:span text:style-name="T5"><office:annotation><dc:date>2018-07-29T09:37:26.160065021</dc:date><text:p>HTML: &lt;meta name=&quot;created&quot; content=&quot;00:00:00&quot;&gt;</text:p></office:annotation></text:span></text:span><text:span text:style-name="Strong_20_Emphasis"><text:span text:style-name="T5"><office:annotation><dc:date>2018-07-29T09:37:26.160074597</dc:date><text:p>HTML: &lt;meta name=&quot;changed&quot; content=&quot;2018-06-21T23:23:09.057807835&quot;&gt;</text:p></office:annotation></text:span></text:span><text:span text:style-name="Strong_20_Emphasis"><text:span text:style-name="T5"><office:annotation><dc:date>2018-07-29T09:37:26.160083890</dc:date><text:p>HTML: &lt;meta name=&quot;created&quot; content=&quot;00:00:00&quot;&gt;</text:p></office:annotation></text:span></text:span><text:span text:style-name="Strong_20_Emphasis"><text:span text:style-name="T5"><office:annotation><dc:date>2018-07-29T09:37:26.160093521</dc:date><text:p>HTML: &lt;meta name=&quot;changed&quot; content=&quot;2018-06-21T17:55:17.865393136&quot;&gt;</text:p></office:annotation></text:span></text:span><text:span text:style-name="Strong_20_Emphasis"><text:span text:style-name="T5"><office:annotation><dc:date>2018-07-29T09:37:26.160102830</dc:date><text:p>HTML: &lt;meta name=&quot;created&quot; content=&quot;00:00:00&quot;&gt;</text:p></office:annotation></text:span></text:span><text:span text:style-name="Strong_20_Emphasis"><text:span text:style-name="T5"><office:annotation><dc:date>2018-07-29T09:37:26.160112127</dc:date><text:p>HTML: &lt;meta name=&quot;changed&quot; content=&quot;2018-06-21T12:21:22.763521742&quot;&gt;</text:p></office:annotation></text:span></text:span><text:span text:style-name="Strong_20_Emphasis"><text:span text:style-name="T5"><office:annotation><dc:date>2018-07-29T09:37:26.160120860</dc:date><text:p>HTML: &lt;meta name=&quot;created&quot; content=&quot;00:00:00&quot;&gt;</text:p></office:annotation></text:span></text:span><text:span text:style-name="Strong_20_Emphasis"><text:span text:style-name="T5"><office:annotation><dc:date>2018-07-29T09:37:26.160130431</dc:date><text:p>HTML: &lt;meta name=&quot;changed&quot; content=&quot;2018-06-20T18:34:19.830157535&quot;&gt;</text:p></office:annotation></text:span></text:span><text:span text:style-name="Strong_20_Emphasis"><text:span text:style-name="T5"><office:annotation><dc:date>2018-07-29T09:37:26.160138949</dc:date><text:p>HTML: &lt;meta name=&quot;created&quot; content=&quot;00:00:00&quot;&gt;</text:p></office:annotation></text:span></text:span><text:span text:style-name="Strong_20_Emphasis"><text:span text:style-name="T5"><office:annotation><dc:date>2018-07-29T09:37:26.160148410</dc:date><text:p>HTML: &lt;meta name=&quot;changed&quot; content=&quot;2018-06-19T12:54:18.844691454&quot;&gt;</text:p></office:annotation></text:span></text:span><text:span text:style-name="Strong_20_Emphasis"><text:span text:style-name="T5"><office:annotation><dc:date>2018-07-29T09:37:26.160157083</dc:date><text:p>HTML: &lt;meta name=&quot;created&quot; content=&quot;00:00:00&quot;&gt;</text:p></office:annotation></text:span></text:span><text:span text:style-name="Strong_20_Emphasis"><text:span text:style-name="T5"><office:annotation><dc:date>2018-07-29T09:37:26.160166352</dc:date><text:p>HTML: &lt;meta name=&quot;changed&quot; content=&quot;2018-06-18T23:20:12.738581285&quot;&gt;</text:p></office:annotation></text:span></text:span><text:span text:style-name="Strong_20_Emphasis"><text:span text:style-name="T5"><office:annotation><dc:date>2018-07-29T09:37:26.160174960</dc:date><text:p>HTML: &lt;meta name=&quot;created&quot; content=&quot;00:00:00&quot;&gt;</text:p></office:annotation></text:span></text:span><text:span text:style-name="Strong_20_Emphasis"><text:span text:style-name="T5"><office:annotation><dc:date>2018-07-29T09:37:26.160184382</dc:date><text:p>HTML: &lt;meta name=&quot;changed&quot; content=&quot;2018-06-18T20:39:37.890329984&quot;&gt;</text:p></office:annotation></text:span></text:span><text:span text:style-name="Strong_20_Emphasis"><text:span text:style-name="T5"><office:annotation><dc:date>2018-07-29T09:37:26.160192914</dc:date><text:p>HTML: &lt;meta name=&quot;created&quot; content=&quot;00:00:00&quot;&gt;</text:p></office:annotation></text:span></text:span><text:span text:style-name="Strong_20_Emphasis"><text:span text:style-name="T5"><office:annotation><dc:date>2018-07-29T09:37:26.160202273</dc:date><text:p>HTML: &lt;meta name=&quot;changed&quot; content=&quot;2018-06-18T12:45:23.879199387&quot;&gt;</text:p></office:annotation></text:span></text:span><text:span text:style-name="Strong_20_Emphasis"><text:span text:style-name="T5"><office:annotation><dc:date>2018-07-29T09:37:26.160210917</dc:date><text:p>HTML: &lt;meta name=&quot;created&quot; content=&quot;00:00:00&quot;&gt;</text:p></office:annotation></text:span></text:span><text:span text:style-name="Strong_20_Emphasis"><text:span text:style-name="T5"><office:annotation><dc:date>2018-07-29T09:37:26.160220195</dc:date><text:p>HTML: &lt;meta name=&quot;changed&quot; content=&quot;2018-06-17T20:02:02.143589569&quot;&gt;</text:p></office:annotation></text:span></text:span><text:span text:style-name="Strong_20_Emphasis"><text:span text:style-name="T5"><office:annotation><dc:date>2018-07-29T09:37:26.160228918</dc:date><text:p>HTML: &lt;meta name=&quot;created&quot; content=&quot;00:00:00&quot;&gt;</text:p></office:annotation></text:span></text:span><text:span text:style-name="Strong_20_Emphasis"><text:span text:style-name="T5"><office:annotation><dc:date>2018-07-29T09:37:26.160238329</dc:date><text:p>HTML: &lt;meta name=&quot;changed&quot; content=&quot;2018-06-17T19:45:54.789583280&quot;&gt;</text:p></office:annotation></text:span></text:span><text:span text:style-name="Strong_20_Emphasis"><text:span text:style-name="T5"><office:annotation><dc:date>2018-07-29T09:37:26.160246735</dc:date><text:p>HTML: &lt;meta name=&quot;created&quot; content=&quot;00:00:00&quot;&gt;</text:p></office:annotation></text:span></text:span><text:span text:style-name="Strong_20_Emphasis"><text:span text:style-name="T5"><office:annotation><dc:date>2018-07-29T09:37:26.160275044</dc:date><text:p>HTML: &lt;meta name=&quot;changed&quot; content=&quot;2018-06-16T15:19:53.989201345&quot;&gt;</text:p></office:annotation></text:span></text:span><text:span text:style-name="Strong_20_Emphasis"><text:span text:style-name="T5"><office:annotation><dc:date>2018-07-29T09:37:26.160284366</dc:date><text:p>HTML: &lt;meta name=&quot;created&quot; content=&quot;00:00:00&quot;&gt;</text:p></office:annotation></text:span></text:span><text:span text:style-name="Strong_20_Emphasis"><text:span text:style-name="T5"><office:annotation><dc:date>2018-07-29T09:37:26.160293944</dc:date><text:p>HTML: &lt;meta name=&quot;changed&quot; content=&quot;2018-06-16T13:50:44.432862129&quot;&gt;</text:p></office:annotation></text:span></text:span><text:span text:style-name="Strong_20_Emphasis"><text:span text:style-name="T5"><office:annotation><dc:date>2018-07-29T09:37:26.160302927</dc:date><text:p>HTML: &lt;meta name=&quot;created&quot; content=&quot;00:00:00&quot;&gt;</text:p></office:annotation></text:span></text:span><text:span text:style-name="Strong_20_Emphasis"><text:span text:style-name="T5"><office:annotation><dc:date>2018-07-29T09:37:26.160312439</dc:date><text:p>HTML: &lt;meta name=&quot;changed&quot; content=&quot;2018-06-16T10:49:58.030689160&quot;&gt;</text:p></office:annotation></text:span></text:span><text:span text:style-name="Strong_20_Emphasis"><text:span text:style-name="T5"><office:annotation><dc:date>2018-07-29T09:37:26.160321061</dc:date><text:p>HTML: &lt;meta name=&quot;created&quot; content=&quot;00:00:00&quot;&gt;</text:p></office:annotation></text:span></text:span><text:span text:style-name="Strong_20_Emphasis"><text:span text:style-name="T5"><office:annotation><dc:date>2018-07-29T09:37:26.160330721</dc:date><text:p>HTML: &lt;meta name=&quot;changed&quot; content=&quot;2018-06-15T13:05:31.693854059&quot;&gt;</text:p></office:annotation></text:span></text:span><text:span text:style-name="Strong_20_Emphasis"><text:span text:style-name="T5"><office:annotation><dc:date>2018-07-29T09:37:26.160340492</dc:date><text:p>HTML: &lt;meta name=&quot;changed&quot; content=&quot;2018-06-15T16:46:54.538249678&quot;&gt;</text:p></office:annotation></text:span></text:span><text:span text:style-name="Strong_20_Emphasis"><text:span text:style-name="T5"><office:annotation><dc:date>2018-07-29T09:37:26.160349272</dc:date><text:p>HTML: &lt;meta name=&quot;created&quot; content=&quot;00:00:00&quot;&gt;</text:p></office:annotation></text:span></text:span><text:span text:style-name="Strong_20_Emphasis"><text:span text:style-name="T5"><office:annotation><dc:date>2018-07-29T09:37:26.160358934</dc:date><text:p>HTML: &lt;meta name=&quot;changed&quot; content=&quot;2018-06-14T22:55:38.007259856&quot;&gt;</text:p></office:annotation></text:span></text:span><text:span text:style-name="Strong_20_Emphasis"><text:span text:style-name="T5"><office:annotation><dc:date>2018-07-29T09:37:26.160367853</dc:date><text:p>HTML: &lt;meta name=&quot;created&quot; content=&quot;00:00:00&quot;&gt;</text:p></office:annotation></text:span></text:span><text:span text:style-name="Strong_20_Emphasis"><text:span text:style-name="T5"><office:annotation><dc:date>2018-07-29T09:37:26.160377572</dc:date><text:p>HTML: &lt;meta name=&quot;changed&quot; content=&quot;2018-06-14T20:52:51.033526204&quot;&gt;</text:p></office:annotation></text:span></text:span><text:span text:style-name="Strong_20_Emphasis"><text:span text:style-name="T5"><office:annotation><dc:date>2018-07-29T09:37:26.160386272</dc:date><text:p>HTML: &lt;meta name=&quot;created&quot; content=&quot;00:00:00&quot;&gt;</text:p></office:annotation></text:span></text:span><text:span text:style-name="Strong_20_Emphasis"><text:span text:style-name="T5"><office:annotation><dc:date>2018-07-29T09:37:26.160395542</dc:date><text:p>HTML: &lt;meta name=&quot;changed&quot; content=&quot;2018-06-14T17:27:12.577284577&quot;&gt;</text:p></office:annotation></text:span></text:span><text:span text:style-name="Strong_20_Emphasis"><text:span text:style-name="T5"><office:annotation><dc:date>2018-07-29T09:37:26.160404459</dc:date><text:p>HTML: &lt;meta name=&quot;created&quot; content=&quot;00:00:00&quot;&gt;</text:p></office:annotation></text:span></text:span><text:span text:style-name="Strong_20_Emphasis"><text:span text:style-name="T5"><office:annotation><dc:date>2018-07-29T09:37:26.160414104</dc:date><text:p>HTML: &lt;meta name=&quot;changed&quot; content=&quot;2018-06-14T12:58:12.332824081&quot;&gt;</text:p></office:annotation></text:span></text:span><text:span text:style-name="Strong_20_Emphasis"><text:span text:style-name="T5"><office:annotation><dc:date>2018-07-29T09:37:26.160422949</dc:date><text:p>HTML: &lt;meta name=&quot;created&quot; content=&quot;00:00:00&quot;&gt;</text:p></office:annotation></text:span></text:span><text:span text:style-name="Strong_20_Emphasis"><text:span text:style-name="T5"><office:annotation><dc:date>2018-07-29T09:37:26.160432298</dc:date><text:p>HTML: &lt;meta name=&quot;changed&quot; content=&quot;2018-06-14T07:07:38.845049501&quot;&gt;</text:p></office:annotation></text:span></text:span><text:span text:style-name="Strong_20_Emphasis"><text:span text:style-name="T5"><office:annotation><dc:date>2018-07-29T09:37:26.160440950</dc:date><text:p>HTML: &lt;meta name=&quot;created&quot; content=&quot;00:00:00&quot;&gt;</text:p></office:annotation></text:span></text:span><text:span text:style-name="Strong_20_Emphasis"><text:span text:style-name="T5"><office:annotation><dc:date>2018-07-29T09:37:26.160450265</dc:date><text:p>HTML: &lt;meta name=&quot;changed&quot; content=&quot;2018-06-13T22:59:08.975991996&quot;&gt;</text:p></office:annotation></text:span></text:span><text:span text:style-name="Strong_20_Emphasis"><text:span text:style-name="T5"><office:annotation><dc:date>2018-07-29T09:37:26.160459313</dc:date><text:p>HTML: &lt;meta name=&quot;created&quot; content=&quot;00:00:00&quot;&gt;</text:p></office:annotation></text:span></text:span><text:span text:style-name="Strong_20_Emphasis"><text:span text:style-name="T5"><office:annotation><dc:date>2018-07-29T09:37:26.160468811</dc:date><text:p>HTML: &lt;meta name=&quot;changed&quot; content=&quot;2018-06-13T20:26:03.305702553&quot;&gt;</text:p></office:annotation></text:span></text:span><text:span text:style-name="Strong_20_Emphasis"><text:span text:style-name="T5"><office:annotation><dc:date>2018-07-29T09:37:26.160477556</dc:date><text:p>HTML: &lt;meta name=&quot;created&quot; content=&quot;00:00:00&quot;&gt;</text:p></office:annotation></text:span></text:span><text:span text:style-name="Strong_20_Emphasis"><text:span text:style-name="T5"><office:annotation><dc:date>2018-07-29T09:37:26.160486953</dc:date><text:p>HTML: &lt;meta name=&quot;changed&quot; content=&quot;2018-06-12T12:28:00.714637591&quot;&gt;</text:p></office:annotation></text:span></text:span><text:span text:style-name="Strong_20_Emphasis"><text:span text:style-name="T5"><office:annotation><dc:date>2018-07-29T09:37:26.160495649</dc:date><text:p>HTML: &lt;meta name=&quot;created&quot; content=&quot;00:00:00&quot;&gt;</text:p></office:annotation></text:span></text:span><text:span text:style-name="Strong_20_Emphasis"><text:span text:style-name="T5"><office:annotation><dc:date>2018-07-29T09:37:26.160505098</dc:date><text:p>HTML: &lt;meta name=&quot;changed&quot; content=&quot;2018-06-11T22:59:09.625284365&quot;&gt;</text:p></office:annotation></text:span></text:span><text:span text:style-name="Strong_20_Emphasis"><text:span text:style-name="T5"><office:annotation><dc:date>2018-07-29T09:37:26.160514801</dc:date><text:p>HTML: &lt;meta name=&quot;created&quot; content=&quot;2018-06-11T22:51:04.642681485&quot;&gt;</text:p></office:annotation></text:span></text:span><text:span text:style-name="Strong_20_Emphasis"><text:span text:style-name="T5"><office:annotation><dc:date>2018-07-29T09:37:26.160524851</dc:date><text:p>HTML: &lt;meta name=&quot;changed&quot; content=&quot;2018-06-11T22:52:11.240135258&quot;&gt;</text:p></office:annotation></text:span></text:span><text:span text:style-name="Strong_20_Emphasis"><text:span text:style-name="T5">Título: </text:span></text:span><text:span text:style-name="Strong_20_Emphasis"><text:span text:style-name="T5"><office:annotation><dc:date>2018-07-29T09:37:26.160590703</dc:date><text:p>HTML: &lt;meta name=&quot;created&quot; content=&quot;00:00:00&quot;&gt;</text:p></office:annotation></text:span></text:span><text:span text:style-name="Strong_20_Emphasis"><text:span text:style-name="T5"><office:annotation><dc:date>2018-07-29T09:37:26.160601080</dc:date><text:p>HTML: &lt;meta name=&quot;changed&quot; content=&quot;2018-06-14T22:55:38.007259856&quot;&gt;</text:p></office:annotation></text:span></text:span><text:span text:style-name="Strong_20_Emphasis"><text:span text:style-name="T5"><office:annotation><dc:date>2018-07-29T09:37:26.160609982</dc:date><text:p>HTML: &lt;meta name=&quot;created&quot; content=&quot;00:00:00&quot;&gt;</text:p></office:annotation></text:span></text:span><text:span text:style-name="Strong_20_Emphasis"><text:span text:style-name="T5"><office:annotation><dc:date>2018-07-29T09:37:26.160619679</dc:date><text:p>HTML: &lt;meta name=&quot;changed&quot; content=&quot;2018-06-14T20:52:51.033526204&quot;&gt;</text:p></office:annotation></text:span></text:span><text:span text:style-name="Strong_20_Emphasis"><text:span text:style-name="T5"><office:annotation><dc:date>2018-07-29T09:37:26.160628325</dc:date><text:p>HTML: &lt;meta name=&quot;created&quot; content=&quot;00:00:00&quot;&gt;</text:p></office:annotation></text:span></text:span><text:span text:style-name="Strong_20_Emphasis"><text:span text:style-name="T5"><office:annotation><dc:date>2018-07-29T09:37:26.160637950</dc:date><text:p>HTML: &lt;meta name=&quot;changed&quot; content=&quot;2018-06-14T17:27:12.577284577&quot;&gt;</text:p></office:annotation></text:span></text:span><text:span text:style-name="Strong_20_Emphasis"><text:span text:style-name="T5"><office:annotation><dc:date>2018-07-29T09:37:26.160646712</dc:date><text:p>HTML: &lt;meta name=&quot;created&quot; content=&quot;00:00:00&quot;&gt;</text:p></office:annotation></text:span></text:span><text:span text:style-name="Strong_20_Emphasis"><text:span text:style-name="T5"><office:annotation><dc:date>2018-07-29T09:37:26.160656366</dc:date><text:p>HTML: &lt;meta name=&quot;changed&quot; content=&quot;2018-06-14T12:58:12.332824081&quot;&gt;</text:p></office:annotation></text:span></text:span><text:span text:style-name="Strong_20_Emphasis"><text:span text:style-name="T5"><office:annotation><dc:date>2018-07-29T09:37:26.160665455</dc:date><text:p>HTML: &lt;meta name=&quot;created&quot; content=&quot;00:00:00&quot;&gt;</text:p></office:annotation></text:span></text:span><text:span text:style-name="Strong_20_Emphasis"><text:span text:style-name="T5"><office:annotation><dc:date>2018-07-29T09:37:26.160675061</dc:date><text:p>HTML: &lt;meta name=&quot;changed&quot; content=&quot;2018-06-14T07:07:38.845049501&quot;&gt;</text:p></office:annotation></text:span></text:span><text:span text:style-name="Strong_20_Emphasis"><text:span text:style-name="T5"><office:annotation><dc:date>2018-07-29T09:37:26.160683841</dc:date><text:p>HTML: &lt;meta name=&quot;created&quot; content=&quot;00:00:00&quot;&gt;</text:p></office:annotation></text:span></text:span><text:span text:style-name="Strong_20_Emphasis"><text:span text:style-name="T5"><office:annotation><dc:date>2018-07-29T09:37:26.160693129</dc:date><text:p>HTML: &lt;meta name=&quot;changed&quot; content=&quot;2018-06-13T22:59:08.975991996&quot;&gt;</text:p></office:annotation></text:span></text:span><text:span text:style-name="Strong_20_Emphasis"><text:span text:style-name="T5"><office:annotation><dc:date>2018-07-29T09:37:26.160701949</dc:date><text:p>HTML: &lt;meta name=&quot;created&quot; content=&quot;00:00:00&quot;&gt;</text:p></office:annotation></text:span></text:span><text:span text:style-name="Strong_20_Emphasis"><text:span text:style-name="T5"><office:annotation><dc:date>2018-07-29T09:37:26.160711539</dc:date><text:p>HTML: &lt;meta name=&quot;changed&quot; content=&quot;2018-06-13T20:26:03.305702553&quot;&gt;</text:p></office:annotation></text:span></text:span><text:span text:style-name="Strong_20_Emphasis"><text:span text:style-name="T5"><office:annotation><dc:date>2018-07-29T09:37:26.160720299</dc:date><text:p>HTML: &lt;meta name=&quot;created&quot; content=&quot;00:00:00&quot;&gt;</text:p></office:annotation></text:span></text:span><text:span text:style-name="Strong_20_Emphasis"><text:span text:style-name="T5"><office:annotation><dc:date>2018-07-29T09:37:26.160729763</dc:date><text:p>HTML: &lt;meta name=&quot;changed&quot; content=&quot;2018-06-12T12:28:00.714637591&quot;&gt;</text:p></office:annotation></text:span></text:span><text:span text:style-name="Strong_20_Emphasis"><text:span text:style-name="T5"><office:annotation><dc:date>2018-07-29T09:37:26.160738487</dc:date><text:p>HTML: &lt;meta name=&quot;created&quot; content=&quot;00:00:00&quot;&gt;</text:p></office:annotation></text:span></text:span><text:span text:style-name="Strong_20_Emphasis"><text:span text:style-name="T5"><office:annotation><dc:date>2018-07-29T09:37:26.160747804</dc:date><text:p>HTML: &lt;meta name=&quot;changed&quot; content=&quot;2018-06-11T22:59:09.625284365&quot;&gt;</text:p></office:annotation></text:span></text:span><text:span text:style-name="Strong_20_Emphasis"><text:span text:style-name="T5"><office:annotation><dc:date>2018-07-29T09:37:26.160757440</dc:date><text:p>HTML: &lt;meta name=&quot;created&quot; content=&quot;2018-06-11T22:51:04.642681485&quot;&gt;</text:p></office:annotation></text:span></text:span><text:span text:style-name="Strong_20_Emphasis"><text:span text:style-name="T5"><office:annotation><dc:date>2018-07-29T09:37:26.160766817</dc:date><text:p>HTML: &lt;meta name=&quot;changed&quot; content=&quot;2018-06-11T22:52:11.240135258&quot;&gt;</text:p></office:annotation></text:span></text:span><text:span text:style-name="Strong_20_Emphasis"><text:span text:style-name="T5">CHAPTER A DAY (EFÉSIOS)<text:line-break/>Autor: NORMAN</text:span></text:span><text:span text:style-name="Strong_20_Emphasis"><text:span text:style-name="T4"> </text:span></text:span><text:span text:style-name="Strong_20_Emphasis"><text:span text:style-name="T5">BERRY </text:span></text:span><text:span text:style-name="Strong_20_Emphasis"><text:span text:style-name="T2"><text:line-break/><text:line-break/></text:span></text:span><text:span text:style-name="Strong_20_Emphasis"><text:span text:style-name="T7">Literaturas em formato</text:span></text:span><text:span text:style-name="Strong_20_Emphasis"><text:span text:style-name="T6"> </text:span></text:span><text:span text:style-name="Strong_20_Emphasis"><text:span text:style-name="T7">digital:<text:line-break/></text:span></text:span><text:a xlink:type="simple" xlink:href="http://www.acervodigitalcristao.com.br/" text:style-name="Internet_20_link" text:visited-style-name="Visited_20_Internet_20_Link"><text:span text:style-name="Strong_20_Emphasis"><text:span text:style-name="T2">www.acervodigitalcristao.com.br</text:span></text:span></text:a><text:span text:style-name="Strong_20_Emphasis"><text:span text:style-name="T8"><text:line-break/><text:line-break/></text:span></text:span><text:span text:style-name="Strong_20_Emphasis"><text:span text:style-name="T3">Literaturas em formato</text:span></text:span><text:span text:style-name="Strong_20_Emphasis"> </text:span><text:span text:style-name="Strong_20_Emphasis"><text:span text:style-name="T3">Impresso:<text:line-break/></text:span></text:span><text:a xlink:type="simple" xlink:href="http://www.verdadesvivas.com.br/" text:style-name="Internet_20_link" text:visited-style-name="Visited_20_Internet_20_Link"><text:span text:style-name="Strong_20_Emphasis"><text:span text:style-name="T2">www.verdadesvivas.com.br</text:span></text:span></text:a><text:span text:style-name="Strong_20_Emphasis"><text:span text:style-name="T8"><text:line-break/><text:line-break/></text:span></text:span><text:span text:style-name="Strong_20_Emphasis"><text:span text:style-name="T3">Evangelho em 03 Minutos:</text:span></text:span><text:span text:style-name="Strong_20_Emphasis"> </text:span><text:span text:style-name="Strong_20_Emphasis"><text:span text:style-name="T2"><text:line-break/></text:span></text:span><text:a xlink:type="simple" xlink:href="http://www.3minutos.net/" text:style-name="Internet_20_link" text:visited-style-name="Visited_20_Internet_20_Link"><text:span text:style-name="Strong_20_Emphasis"><text:span text:style-name="T2">www.3minutos.net</text:span></text:span></text:a><text:span text:style-name="Strong_20_Emphasis"><text:span text:style-name="T8"><text:line-break/><text:line-break/></text:span></text:span><text:span text:style-name="Strong_20_Emphasis"><text:span text:style-name="T3">O que respondi:<text:line-break/></text:span></text:span><text:a xlink:type="simple" xlink:href="http://www.respondi.com.br/" text:style-name="Internet_20_link" text:visited-style-name="Visited_20_Internet_20_Link"><text:span text:style-name="Strong_20_Emphasis"><text:span text:style-name="T2">www.respondi.com.br</text:span></text:span></text:a></text:p><text:section text:style-name="Sect1" text:name="Sumário1"><text:p text:style-name="Text_20_body"><text:soft-page-break/></text:p></text:section><text:h text:style-name="P5" text:outline-level="2"/><text:h text:style-name="P7" text:outline-level="2"><text:bookmark text:name="__RefHeading___Toc2250_1522826305"/><text:soft-page-break/>#381</text:h><text:p text:style-name="P2"/><text:p text:style-name="P3">Precisamos de uma vontade quebrada, confiança em Deus, comunhão com Aquele que sofreu por nós, a fim de podermos nos gloriar nos sofrimentos.</text:p><text:p text:style-name="P2"/><text:h text:style-name="P5" text:outline-level="2"><text:bookmark text:name="__RefHeading___Toc2252_1522826305"/><text:a xlink:type="simple" xlink:href="http://mysword.info/b?r=Eph_1:1-8" text:style-name="Internet_20_link" text:visited-style-name="Visited_20_Internet_20_Link"><text:span text:style-name="T1">EFÉSIOS 1, Vers. 1-8</text:span></text:a></text:h><text:p text:style-name="P2"/><text:p text:style-name="P2"><text:span text:style-name="T1">O livro do Antigo Testamento que acabamos de deixar nos deu figuras dos ensinos do livro do Novo Testamento que agora iniciamos. Hoje podemos aprender a imensa lição de que ao crente foram dadas todas as bênçãos que ele poderá receber (no próprio céu). Nós as temos agora. Mas só iremos desfrutar delas se escutarmos a Deus, e vivermos em nossa vida diária as coisas que já aprendemos e compreendemos. Então, e só então, o Espírito de Deus irá nos ensinar mais das glórias de Cristo (</text:span><text:a xlink:type="simple" xlink:href="http://mysword.info/b?r=Luk_8:18" text:style-name="Internet_20_link" text:visited-style-name="Visited_20_Internet_20_Link"><text:span text:style-name="T1">Lc 8:18</text:span></text:a><text:span text:style-name="T1">). Josué </text:span><text:a xlink:type="simple" xlink:href="http://mysword.info/b?r=Jos_1:3" text:style-name="Internet_20_link" text:visited-style-name="Visited_20_Internet_20_Link"><text:span text:style-name="T1">1:3</text:span></text:a><text:span text:style-name="T1"> não diz &quot;... vo-lo darei&quot;. O que diz é a chave para se entender Efésios. Vamos ter o gozo de nossas bênçãos se aprendermos este ponto. Não é algo que aprendemos intelectualmente. As Escrituras nunca podem ser verdadeiramente aprendidas com o cérebro. É sempre por meio da consciência.</text:span></text:p><text:p text:style-name="P2"/><text:p text:style-name="P2"><text:a xlink:type="simple" xlink:href="http://mysword.info/b?r=Eph_1:1-14" text:style-name="Internet_20_link" text:visited-style-name="Visited_20_Internet_20_Link"><text:span text:style-name="T1">Ef 1:1-14</text:span></text:a><text:span text:style-name="T1"> A mais elevada verdade de toda a Bíblia. Repare que os verbos no passado são usados cerca de dez vezes. Os </text:span><text:a xlink:type="simple" xlink:href="http://mysword.info/b?r=Eph_1:3-6" text:style-name="Internet_20_link" text:visited-style-name="Visited_20_Internet_20_Link"><text:span text:style-name="T1">versículos 3-6</text:span></text:a><text:span text:style-name="T1"> são a obra de Deus Pai; </text:span><text:a xlink:type="simple" xlink:href="http://mysword.info/b?r=Eph_1:7-12" text:style-name="Internet_20_link" text:visited-style-name="Visited_20_Internet_20_Link"><text:span text:style-name="T1">7-12</text:span></text:a><text:span text:style-name="T1"> a obra do Senhor Jesus e 13-14 a obra do Espírito Santo. Repare que cada seção termina com louvor e glória!</text:span></text:p><text:p text:style-name="P2"/><text:p text:style-name="P2"><text:a xlink:type="simple" xlink:href="http://mysword.info/b?r=Eph_1:3" text:style-name="Internet_20_link" text:visited-style-name="Visited_20_Internet_20_Link"><text:span text:style-name="T1">Ef 1:3</text:span></text:a><text:span text:style-name="T1"> A posição na qual cada crente verdadeiro no Senhor Jesus Cristo está, quer ele entenda e desfrute disso, quer não. Foi isso que Deus fez. Por isso só temos que agradecer-Lhe, e é isso que significa &quot;abençoado&quot;.</text:span></text:p><text:p text:style-name="P2"/><text:p text:style-name="P2"><text:a xlink:type="simple" xlink:href="http://mysword.info/b?r=Eph_1:4" text:style-name="Internet_20_link" text:visited-style-name="Visited_20_Internet_20_Link"><text:span text:style-name="T1">Ef 1:4</text:span></text:a><text:span text:style-name="T1"> Todo crente foi escolhido em Cristo antes que o mundo fosse feito! Tão somente creia, e você agradecerá a Ele. Isso aconteceu no passado.</text:span></text:p><text:p text:style-name="P2"/><text:p text:style-name="P2"><text:a xlink:type="simple" xlink:href="http://mysword.info/b?r=Eph_1:5" text:style-name="Internet_20_link" text:visited-style-name="Visited_20_Internet_20_Link"><text:span text:style-name="T1">Ef 1:5</text:span></text:a><text:span text:style-name="T1"> Ele nos escolhe para a adoção em Sua família. Isto está no presente.</text:span></text:p><text:p text:style-name="P2"/><text:p text:style-name="P2"><text:a xlink:type="simple" xlink:href="http://mysword.info/b?r=Eph_1:6" text:style-name="Internet_20_link" text:visited-style-name="Visited_20_Internet_20_Link"><text:span text:style-name="T1">Ef 1:6</text:span></text:a><text:span text:style-name="T1"> Cristo, mesmo como Homem, foi aceito no céu. Somos aceitos nEle.</text:span></text:p><text:p text:style-name="P2"/><text:p text:style-name="P2"><text:a xlink:type="simple" xlink:href="http://mysword.info/b?r=Eph_1:8" text:style-name="Internet_20_link" text:visited-style-name="Visited_20_Internet_20_Link"><text:span text:style-name="T1">Ef 1:8</text:span></text:a><text:span text:style-name="T1"> Deus tornou conhecidos a nós todos estes segredos.</text:span></text:p><text:p text:style-name="P2"/><text:h text:style-name="P6" text:outline-level="2"><text:bookmark text:name="__RefHeading___Toc2254_1522826305"/>#382</text:h><text:p text:style-name="P2"/><text:p text:style-name="P3">A verdade revelada na Palavra leva a alma a Deus, pois Ele tem Se revelado em Sua Palavra.</text:p><text:p text:style-name="P2"/><text:h text:style-name="P5" text:outline-level="2"><text:bookmark text:name="__RefHeading___Toc2256_1522826305"/><text:a xlink:type="simple" xlink:href="http://mysword.info/b?r=Eph_1:9-23" text:style-name="Internet_20_link" text:visited-style-name="Visited_20_Internet_20_Link"><text:span text:style-name="T1">EFÉSIOS 1, Vers. 9-23</text:span></text:a></text:h><text:p text:style-name="P2"/><text:p text:style-name="P2"><text:a xlink:type="simple" xlink:href="http://mysword.info/b?r=Eph_1:10" text:style-name="Internet_20_link" text:visited-style-name="Visited_20_Internet_20_Link"><text:span text:style-name="T1">Ef 1:10</text:span></text:a><text:span text:style-name="T1"> Isto é futuro. Tudo isso se encaixa perfeitamente com aquilo que Ele irá fazer no final... toda a criação (corrompida por Satanás e pelo pecado) irá ser restaurada a uma doce unidade, e a Cabeça de tudo é Cristo.</text:span></text:p><text:p text:style-name="P2"/><text:p text:style-name="P2"><text:a xlink:type="simple" xlink:href="http://mysword.info/b?r=Eph_1:12" text:style-name="Internet_20_link" text:visited-style-name="Visited_20_Internet_20_Link"><text:span text:style-name="T1">Ef 1:12</text:span></text:a></text:p><text:p text:style-name="P2"/><text:p text:style-name="P3">Tudo isso foi feito por nós, para que cantássemos Seus louvores para sempre.</text:p><text:p text:style-name="P2"/><text:p text:style-name="P2"><text:a xlink:type="simple" xlink:href="http://mysword.info/b?r=Eph_1:13-14" text:style-name="Internet_20_link" text:visited-style-name="Visited_20_Internet_20_Link"><text:span text:style-name="T1">Ef 1:13-14</text:span></text:a><text:span text:style-name="T1"> E todo crente, após haver crido, recebeu um selo, um carimbo colocado sobre si. Trata-se do Espírito Santo. Ele permanece em cada crente para sempre. Ele é o penhor (promessa) dado por Deus até que Jesus venha nos buscar, e transforme nosso corpo para torná-lo adequado para o céu, na presença de Deus.</text:span></text:p><text:p text:style-name="P2"/><text:p text:style-name="P2"><text:a xlink:type="simple" xlink:href="http://mysword.info/b?r=Eph_1:15-23" text:style-name="Internet_20_link" text:visited-style-name="Visited_20_Internet_20_Link"><text:span text:style-name="T1">Ef 1:15-23</text:span></text:a><text:span text:style-name="T1"> Paulo nos conta o que orou em duas ocasiões neste livro. A primeira é esta, a segunda está no </text:span><text:a xlink:type="simple" xlink:href="http://mysword.info/b?r=Eph_3" text:style-name="Internet_20_link" text:visited-style-name="Visited_20_Internet_20_Link"><text:span text:style-name="T1">terceiro</text:span></text:a><text:span text:style-name="T1"> capítulo. Gosto de chamar a primeira de oração &quot;depois&quot;, e a segunda de oração &quot;AGORA&quot;. A primeira leva nossos pensamentos para o futuro na glória. Você verá nesta oração que os pensamentos de Paulo sobem direto ao céu. Deus tem o título de DEUS de nosso Senhor Jesus Cristo; porque Cristo é visto lá como o HOMEM glorificado, que desceu à terra, sofreu a morte e ressuscitou. A igreja (todos os crentes) é vista como a &quot;plenitude dAquele que cumpre tudo em todos&quot;. É uma oração breve, porém que tem muito em si.</text:span></text:p><text:p text:style-name="P2"/><text:p text:style-name="P2"><text:a xlink:type="simple" xlink:href="http://mysword.info/b?r=Eph_1:22-23" text:style-name="Internet_20_link" text:visited-style-name="Visited_20_Internet_20_Link"><text:span text:style-name="T1">Ef 1:22-23</text:span></text:a><text:span text:style-name="T1"> A igreja é o corpo de Cristo. É formada por cada crente nEle. Apenas pare para pensar no fato de que o Senhor Jesus não está completo sem nós.</text:span></text:p><text:p text:style-name="P2"/><text:h text:style-name="P6" text:outline-level="2"><text:bookmark text:name="__RefHeading___Toc2258_1522826305"/>#383</text:h><text:p text:style-name="P2"/><text:p text:style-name="P3">A ansiedade não esvazia o amanhã de suas tristezas; apenas esvazia o hoje de sua força.</text:p><text:p text:style-name="P2"/><text:h text:style-name="P5" text:outline-level="2"><text:bookmark text:name="__RefHeading___Toc2260_1522826305"/><text:a xlink:type="simple" xlink:href="http://mysword.info/b?r=Eph_2" text:style-name="Internet_20_link" text:visited-style-name="Visited_20_Internet_20_Link"><text:span text:style-name="T1">EFÉSIOS 2</text:span></text:a></text:h><text:p text:style-name="P2"/><text:p text:style-name="P2"><text:a xlink:type="simple" xlink:href="http://mysword.info/b?r=Eph_2:1-3" text:style-name="Internet_20_link" text:visited-style-name="Visited_20_Internet_20_Link"><text:span text:style-name="T1">Ef 2:1-3</text:span></text:a><text:span text:style-name="T1"> Todos nós estávamos mortos em pecados para com Deus, tanto Gentios como Judeus. (Mas a todos os crentes Deus deu vida. &quot;Vivificados&quot; significa que receberam vida).</text:span></text:p><text:p text:style-name="P2"/><text:p text:style-name="P2"><text:a xlink:type="simple" xlink:href="http://mysword.info/b?r=Eph_2:4-7" text:style-name="Internet_20_link" text:visited-style-name="Visited_20_Internet_20_Link"><text:span text:style-name="T1">Ef 2:4-7</text:span></text:a><text:span text:style-name="T1"> Tanto os crentes Judeus como Gentios são agora um em Cristo (não estando com Ele ainda). Deus fez tudo isso para mostrar Sua enorme graça para conosco em Cristo Jesus nos séculos vindouros.</text:span></text:p><text:p text:style-name="P2"/><text:p text:style-name="P2"><text:a xlink:type="simple" xlink:href="http://mysword.info/b?r=Eph_2:8-9" text:style-name="Internet_20_link" text:visited-style-name="Visited_20_Internet_20_Link"><text:span text:style-name="T1">Ef 2:8-9</text:span></text:a><text:span text:style-name="T1"> Fomos salvos pela fé (crendo). E então segue explicando que até mesmo a fé (a habilidade para crer), é um dom também. Isto é provado pelo versículo seguinte, que nada vem de nós. Tudo vem de Deus. Estes dois capítulos estão contando o lado de Deus da história da salvação. Nada tem a ver com nossa responsabilidade. Lembre-se disto.</text:span></text:p><text:p text:style-name="P2"/><text:p text:style-name="P2"><text:a xlink:type="simple" xlink:href="http://mysword.info/b?r=Eph_2:10-13" text:style-name="Internet_20_link" text:visited-style-name="Visited_20_Internet_20_Link"><text:span text:style-name="T1">Ef 2:10-13</text:span></text:a><text:span text:style-name="T1"> Pois somos feitura sua. Por que? Para podermos viver nesta Terra de modo a agradá-Lo. Éramos Gentios ou Judeus antes de sermos salvos. Naquele tempo estávamos separados de Cristo, totalmente longe dEle, e sem qualquer direito a qualquer ajuda ou bênção. Mas agora estamos em Cristo Jesus; introduzidos neste lugar de proximidade pelo sangue de Cristo.</text:span></text:p><text:p text:style-name="P2"/><text:p text:style-name="P2"><text:a xlink:type="simple" xlink:href="http://mysword.info/b?r=Eph_2:14" text:style-name="Internet_20_link" text:visited-style-name="Visited_20_Internet_20_Link"><text:span text:style-name="T1">Ef 2:14</text:span></text:a><text:span text:style-name="T1"> Em Cristo, todos os crentes estão unidos.</text:span></text:p><text:p text:style-name="P2"/><text:p text:style-name="P2"><text:a xlink:type="simple" xlink:href="http://mysword.info/b?r=Eph_2:19-22" text:style-name="Internet_20_link" text:visited-style-name="Visited_20_Internet_20_Link"><text:span text:style-name="T1">Ef 2:19-22</text:span></text:a><text:span text:style-name="T1"> Todos os crentes estão agora em uma única família, uma casa. Somos edificados sobre os apóstolos e profetas do Novo Testamento, sendo o próprio Jesus Cristo a pedra de esquina. Em Cristo, todo esse edifício se encaixa perfeitamente e cresce para ser um templo santo, ou habitação de Deus.</text:span></text:p><text:p text:style-name="P2"/><text:h text:style-name="P6" text:outline-level="2"><text:bookmark text:name="__RefHeading___Toc2262_1522826305"/>#384</text:h><text:p text:style-name="P2"/><text:p text:style-name="P3">Tão certo como Deus pode colocar Seus filhos na fornalha, Ele também estará na fornalha com eles.</text:p><text:p text:style-name="P2"/><text:h text:style-name="P5" text:outline-level="2"><text:bookmark text:name="__RefHeading___Toc2264_1522826305"/><text:a xlink:type="simple" xlink:href="http://mysword.info/b?r=Eph_3" text:style-name="Internet_20_link" text:visited-style-name="Visited_20_Internet_20_Link"><text:span text:style-name="T1">EFÉSIOS 3</text:span></text:a></text:h><text:p text:style-name="P2"/><text:p text:style-name="P3">O mistério é um segredo que Deus guardou em Seu coração até haver contado a Paulo! Este segredo é que Deus providenciaria uma noiva para Seu Filho amado, o Senhor Jesus.</text:p><text:p text:style-name="P2"/><text:p text:style-name="P2"><text:a xlink:type="simple" xlink:href="http://mysword.info/b?r=Eph_3:6" text:style-name="Internet_20_link" text:visited-style-name="Visited_20_Internet_20_Link"><text:span text:style-name="T1">Ef 3:6</text:span></text:a><text:span text:style-name="T1"> O mistério está dividido aqui em três coisas. (a) Que os Gentios seriam herdeiros (uma pessoa que herda algo) com os Judeus. (b) Que eles e os Judeus que crêem estão em um corpo. (c) Que eles compartilhariam juntos das promessas feitas por Deus em Cristo no Evangelho.</text:span></text:p><text:p text:style-name="P2"/><text:p text:style-name="P2"><text:a xlink:type="simple" xlink:href="http://mysword.info/b?r=Eph_3:7-13" text:style-name="Internet_20_link" text:visited-style-name="Visited_20_Internet_20_Link"><text:span text:style-name="T1">Ef 3:7-13</text:span></text:a><text:span text:style-name="T1"> A Paulo havia sido dada a maravilhosa obra de tornar conhecido o evangelho, as boas novas de Deus. Para falar das inescrutáveis riquezas de Cristo!</text:span></text:p><text:p text:style-name="P2"/><text:p text:style-name="P2"><text:a xlink:type="simple" xlink:href="http://mysword.info/b?r=Eph_3:14-21" text:style-name="Internet_20_link" text:visited-style-name="Visited_20_Internet_20_Link"><text:span text:style-name="T1">Ef 3:14-21</text:span></text:a><text:span text:style-name="T1"> Então chegamos à segunda oração de Paulo - a oração &quot;AGORA&quot;. Escutemos o que ele disse. Para começar, ele inicia de modo diferente, &quot;Pai de nosso Senhor Jesus Cristo&quot;. Por que? Porque o Senhor Jesus está ali como o Filho de Deus. A ênfase aqui está na intimidade de comunhão, e em nosso AGORA estar &quot;cheio de toda a plenitude de Deus&quot; (</text:span><text:a xlink:type="simple" xlink:href="http://mysword.info/b?r=Eph_3:19" text:style-name="Internet_20_link" text:visited-style-name="Visited_20_Internet_20_Link"><text:span text:style-name="T1">vers. 19</text:span></text:a><text:span text:style-name="T1">). É Deus nos enchendo AGORA com Ele mesmo. Esta proximidade é impressionante, porém real. O </text:span><text:a xlink:type="simple" xlink:href="http://mysword.info/b?r=Eph_3:16" text:style-name="Internet_20_link" text:visited-style-name="Visited_20_Internet_20_Link"><text:span text:style-name="T1">vers. 16</text:span></text:a><text:span text:style-name="T1"> nos diz que somos fortalecidos com poder pelo Seu Espírito que AGORA está em nós. &quot;Para que Cristo habite pela fé nos vossos corações&quot; AGORA.</text:span></text:p><text:p text:style-name="P2"/><text:p text:style-name="P2"><text:a xlink:type="simple" xlink:href="http://mysword.info/b?r=Eph_3:17" text:style-name="Internet_20_link" text:visited-style-name="Visited_20_Internet_20_Link"><text:span text:style-name="T1">Ef 3:17</text:span></text:a><text:span text:style-name="T1"> Estamos &quot;arraigados e fundados em amor&quot; AGORA. Estamos dentro de um cubo, &quot;a largura, e o comprimento, e a altura, e a profundidade&quot; com Deus AGORA. Conhecemos &quot;o amor de Cristo, que excede todo o entendimento&quot; AGORA.</text:span></text:p><text:p text:style-name="P2"/><text:p text:style-name="P2"><text:a xlink:type="simple" xlink:href="http://mysword.info/b?r=Eph_3:19" text:style-name="Internet_20_link" text:visited-style-name="Visited_20_Internet_20_Link"><text:span text:style-name="T1">Ef 3:19</text:span></text:a><text:span text:style-name="T1"> Ele &quot;fazer tudo muito mais abundantemente além daquilo que pedimos ou pensamos&quot; AGORA.</text:span></text:p><text:p text:style-name="P2"/><text:p text:style-name="P2"><text:a xlink:type="simple" xlink:href="http://mysword.info/b?r=Eph_3:20" text:style-name="Internet_20_link" text:visited-style-name="Visited_20_Internet_20_Link"><text:span text:style-name="T1">Ef 3:20</text:span></text:a><text:span text:style-name="T1"> &quot;Segundo o poder que em nós opera&quot; AGORA. Isto causa em você um transbordar de ações de graças e louvor, dando glória a ELE AGORA? (</text:span><text:a xlink:type="simple" xlink:href="http://mysword.info/b?r=Eph_3:21" text:style-name="Internet_20_link" text:visited-style-name="Visited_20_Internet_20_Link"><text:span text:style-name="T1">vers. 21</text:span></text:a><text:span text:style-name="T1">).</text:span></text:p><text:p text:style-name="P2"/><text:h text:style-name="P6" text:outline-level="2"><text:bookmark text:name="__RefHeading___Toc2266_1522826305"/>#385</text:h><text:p text:style-name="P2"/><text:p text:style-name="P3">Existe uma preparação da alma que deve preceder a recepção de qualquer verdade em poder.</text:p><text:p text:style-name="P2"/><text:h text:style-name="P5" text:outline-level="2"><text:bookmark text:name="__RefHeading___Toc2268_1522826305"/><text:a xlink:type="simple" xlink:href="http://mysword.info/b?r=Eph_4:1-7" text:style-name="Internet_20_link" text:visited-style-name="Visited_20_Internet_20_Link"><text:span text:style-name="T1">EFÉSIOS 4, Vers. 1-7</text:span></text:a></text:h><text:p text:style-name="P2"/><text:p text:style-name="P2"><text:span text:style-name="T1">Agora Paulo volta para onde ele falava de si mesmo como prisioneiro (</text:span><text:a xlink:type="simple" xlink:href="http://mysword.info/b?r=Eph_3:1" text:style-name="Internet_20_link" text:visited-style-name="Visited_20_Internet_20_Link"><text:span text:style-name="T1">3:1</text:span></text:a><text:span text:style-name="T1">).</text:span></text:p><text:p text:style-name="P2"/><text:p text:style-name="P2"><text:a xlink:type="simple" xlink:href="http://mysword.info/b?r=Eph_4:2-3" text:style-name="Internet_20_link" text:visited-style-name="Visited_20_Internet_20_Link"><text:span text:style-name="T1">Ef 4:2-3</text:span></text:a><text:span text:style-name="T1"> Se andamos humildemente, mansamente, pacientemente, suportando uns aos outros, porque amamos uns aos outros, então poderemos guardar a unidade do Espírito. Essa unidade do Espírito não é a unidade do corpo. Deus guarda a unidade do corpo. Mas devemos fazer tudo o que pudermos para guardar a unidade de comunhão. Não a estabelecemos, mas a mantemos. Satanás tem conseguido criar várias denominações que chamam a si mesmas de Cristãs. E pode haver verdadeiros cristãos nelas, mas o Espírito de Deus não poderia guiar dois crentes a duas comunhões diferentes. Deus estaria deste modo confundindo as pessoas. O Espírito de Deus quer reunir todos os crentes em redor de um único Centro. E este Centro é Cristo. Como podemos encontrar este Centro? Do mesmo modo como quando fomos salvos. Nós rendemos nossa vontade e nossas próprias ideias de bondade própria. Então o Espírito de Deus irá nos reunir a Cristo.</text:span></text:p><text:p text:style-name="P2"/><text:p text:style-name="P2"><text:a xlink:type="simple" xlink:href="http://mysword.info/b?r=Eph_4:4-6" text:style-name="Internet_20_link" text:visited-style-name="Visited_20_Internet_20_Link"><text:span text:style-name="T1">Ef 4:4-6</text:span></text:a><text:span text:style-name="T1"> Há três círculos aqui. O primeiro no </text:span><text:a xlink:type="simple" xlink:href="http://mysword.info/b?r=Eph_4:4" text:style-name="Internet_20_link" text:visited-style-name="Visited_20_Internet_20_Link"><text:span text:style-name="T1">versículo 4</text:span></text:a><text:span text:style-name="T1">. Dentro deste círculo estão apenas os verdadeiros crentes no Senhor Jesus Cristo... Nascer de novo é a porta para entrar neste círculo. O segundo círculo está no </text:span><text:a xlink:type="simple" xlink:href="http://mysword.info/b?r=Eph_4:5" text:style-name="Internet_20_link" text:visited-style-name="Visited_20_Internet_20_Link"><text:span text:style-name="T1">versículo 5</text:span></text:a><text:span text:style-name="T1">. Dizer &quot;Sou Cristão&quot; não me torna Cristão. Este círculo é formado de verdadeiros crentes e também daqueles que apenas dizem que são. Em outras palavras, neste círculo há os que apenas professam e os que realmente possuem. O batismo é a porta para este círculo. O terceiro está no </text:span><text:a xlink:type="simple" xlink:href="http://mysword.info/b?r=Eph_4:6" text:style-name="Internet_20_link" text:visited-style-name="Visited_20_Internet_20_Link"><text:span text:style-name="T1">versículo 6</text:span></text:a><text:span text:style-name="T1"> e inclui todas as pessoas do mundo. Nascer como um bebê é a porta para entrar nele. O final do </text:span><text:a xlink:type="simple" xlink:href="http://mysword.info/b?r=Eph_4:6" text:style-name="Internet_20_link" text:visited-style-name="Visited_20_Internet_20_Link"><text:span text:style-name="T1">versículo 6</text:span></text:a><text:span text:style-name="T1"> nos leva de volta aos crentes.</text:span></text:p><text:p text:style-name="P2"/><text:p text:style-name="P2"><text:a xlink:type="simple" xlink:href="http://mysword.info/b?r=Eph_4:7-16" text:style-name="Internet_20_link" text:visited-style-name="Visited_20_Internet_20_Link"><text:span text:style-name="T1">Ef 4:7-16</text:span></text:a><text:span text:style-name="T1"> Todo crente pode fazer algo para o Senhor. E a graça e a habilidade para fazer isso são concedidas a todos. O Senhor Jesus dá estes dons aos crentes para ajudá-los.</text:span></text:p><text:p text:style-name="P2"/><text:h text:style-name="P6" text:outline-level="2"><text:bookmark text:name="__RefHeading___Toc2270_1522826305"/>#386 </text:h><text:p text:style-name="P2"/><text:p text:style-name="P3">Aquele que é perfeita luz, sempre habitando na luz, suportou três horas de indizíveis trevas, para que nós que habitávamos nas trevas pudéssemos ser introduzidos em Sua gloriosa luz.</text:p><text:p text:style-name="P2"/><text:h text:style-name="P5" text:outline-level="2"><text:bookmark text:name="__RefHeading___Toc2272_1522826305"/><text:a xlink:type="simple" xlink:href="http://mysword.info/b?r=Eph_4:8-22" text:style-name="Internet_20_link" text:visited-style-name="Visited_20_Internet_20_Link"><text:span text:style-name="T1">EFÉSIOS 4, Vers. 8-22</text:span></text:a></text:h><text:p text:style-name="P2"/><text:p text:style-name="P2"><text:a xlink:type="simple" xlink:href="http://mysword.info/b?r=Eph_4:8-10" text:style-name="Internet_20_link" text:visited-style-name="Visited_20_Internet_20_Link"><text:span text:style-name="T1">Ef 4:8-10</text:span></text:a><text:span text:style-name="T1"> Uma citação do </text:span><text:a xlink:type="simple" xlink:href="http://mysword.info/b?r=Psa_68:18" text:style-name="Internet_20_link" text:visited-style-name="Visited_20_Internet_20_Link"><text:span text:style-name="T1">Salmo </text:span></text:a><text:a xlink:type="simple" xlink:href="http://mysword.info/b?r=Psa_68:18" text:style-name="Internet_20_link" text:visited-style-name="Visited_20_Internet_20_Link"><text:span text:style-name="T1">68:18</text:span></text:a><text:span text:style-name="T1">, imagine só! O Senhor destruiu totalmente o poder de Satanás, e subiu ao céu como Homem, tornando-se o inimigo agora um cativo Seu. Agora Ele pode conceder dons ao Seu Corpo, a igreja.</text:span></text:p><text:p text:style-name="P2"/><text:p text:style-name="P2"><text:a xlink:type="simple" xlink:href="http://mysword.info/b?r=Eph_4:11-16" text:style-name="Internet_20_link" text:visited-style-name="Visited_20_Internet_20_Link"><text:span text:style-name="T1">Ef 4:11-16</text:span></text:a><text:span text:style-name="T1"> Estes dons são pessoas. Normalmente, uma pessoa não tem mais que uma função. Estes dons continuam até que a igreja seja levada para o céu. Alguns Cristãos aceitam cargos para fazer coisas que exigem quatro ou cinco habilidades, o que as Escrituras nunca dizem pertencer a uma só pessoa.</text:span></text:p><text:p text:style-name="P2"/><text:p text:style-name="P2"><text:a xlink:type="simple" xlink:href="http://mysword.info/b?r=Eph_4:17-19" text:style-name="Internet_20_link" text:visited-style-name="Visited_20_Internet_20_Link"><text:span text:style-name="T1">Ef 4:17-19</text:span></text:a><text:span text:style-name="T1"> Um aviso para não se viver como vivem os incrédulos. Então vem uma descrição do que é realmente a vida do incrédulo.</text:span></text:p><text:p text:style-name="P2"/><text:p text:style-name="P2"><text:a xlink:type="simple" xlink:href="http://mysword.info/b?r=Eph_4:20-21" text:style-name="Internet_20_link" text:visited-style-name="Visited_20_Internet_20_Link"><text:span text:style-name="T1">Ef 4:20-21</text:span></text:a><text:span text:style-name="T1"> Nossa vida deve mostrar que somos crentes verdadeiros.</text:span></text:p><text:p text:style-name="P2"/><text:p text:style-name="P2"><text:a xlink:type="simple" xlink:href="http://mysword.info/b?r=Eph_4:22-32" text:style-name="Internet_20_link" text:visited-style-name="Visited_20_Internet_20_Link"><text:span text:style-name="T1">Ef 4:22-32</text:span></text:a><text:span text:style-name="T1"> Diversas coisas que não devemos fazer.</text:span></text:p><text:p text:style-name="P2"/><text:h text:style-name="P6" text:outline-level="2"><text:bookmark text:name="__RefHeading___Toc2274_1522826305"/>#387</text:h><text:p text:style-name="P2"/><text:p text:style-name="P3">É melhor lutar contra a maré, que seguir a correnteza junto com o mundo.</text:p><text:p text:style-name="P2"/><text:h text:style-name="P5" text:outline-level="2"><text:bookmark text:name="__RefHeading___Toc2276_1522826305"/><text:a xlink:type="simple" xlink:href="http://mysword.info/b?r=Eph_5" text:style-name="Internet_20_link" text:visited-style-name="Visited_20_Internet_20_Link"><text:span text:style-name="T1">EFÉSIOS 5</text:span></text:a></text:h><text:p text:style-name="P2"/><text:p text:style-name="P2"><text:a xlink:type="simple" xlink:href="http://mysword.info/b?r=Eph_5:1-2" text:style-name="Internet_20_link" text:visited-style-name="Visited_20_Internet_20_Link"><text:span text:style-name="T1">Ef 5:1-2</text:span></text:a><text:span text:style-name="T1"> Deus e Cristo são colocados diante de nós como Exemplos. Mas repare o contraste que se segue.</text:span></text:p><text:p text:style-name="P2"/><text:p text:style-name="P2"><text:a xlink:type="simple" xlink:href="http://mysword.info/b?r=Eph_5:3-5" text:style-name="Internet_20_link" text:visited-style-name="Visited_20_Internet_20_Link"><text:span text:style-name="T1">Ef 5:3-5</text:span></text:a><text:span text:style-name="T1"> É difícil crer que nós crentes podemos afundar tanto. Mas Deus nos conhece melhor do que nós mesmos.</text:span></text:p><text:p text:style-name="P2"/><text:p text:style-name="P2"><text:a xlink:type="simple" xlink:href="http://mysword.info/b?r=Eph_5:10-21" text:style-name="Internet_20_link" text:visited-style-name="Visited_20_Internet_20_Link"><text:span text:style-name="T1">Ef 5:10-21</text:span></text:a><text:span text:style-name="T1"> Diversos avisos e encorajamentos. Do </text:span><text:a xlink:type="simple" xlink:href="http://mysword.info/b?r=Eph_6" text:style-name="Internet_20_link" text:visited-style-name="Visited_20_Internet_20_Link"><text:span text:style-name="T1">versículo</text:span></text:a><text:span text:style-name="T1"> 22 ao 9 do capítulo 6 há instruções importantes para cada tipo de pessoa.</text:span></text:p><text:p text:style-name="P2"/><text:p text:style-name="P2"><text:a xlink:type="simple" xlink:href="http://mysword.info/b?r=Eph_5:14" text:style-name="Internet_20_link" text:visited-style-name="Visited_20_Internet_20_Link"><text:span text:style-name="T1">Ef 5:14</text:span></text:a><text:span text:style-name="T1"> Nós, os crentes, devemos acordar. Os &quot;mortos&quot; são os incrédulos ao nosso redor. Cristo então resplandecerá sobre nós.</text:span></text:p><text:p text:style-name="P2"/><text:p text:style-name="P2"><text:a xlink:type="simple" xlink:href="http://mysword.info/b?r=Eph_5:16" text:style-name="Internet_20_link" text:visited-style-name="Visited_20_Internet_20_Link"><text:span text:style-name="T1">Ef 5:16</text:span></text:a><text:span text:style-name="T1"> Não dispomos de muito tempo para viver para o Senhor.</text:span></text:p><text:p text:style-name="P2"><text:soft-page-break/></text:p><text:p text:style-name="P2"><text:a xlink:type="simple" xlink:href="http://mysword.info/b?r=Eph_5:22-32" text:style-name="Internet_20_link" text:visited-style-name="Visited_20_Internet_20_Link"><text:span text:style-name="T1">Ef 5:22-32</text:span></text:a><text:span text:style-name="T1"> Agora Deus nos dá perfeitas instruções para um matrimônio.</text:span></text:p><text:p text:style-name="P2"/><text:p text:style-name="P2"><text:a xlink:type="simple" xlink:href="http://mysword.info/b?r=Eph_5:22-24" text:style-name="Internet_20_link" text:visited-style-name="Visited_20_Internet_20_Link"><text:span text:style-name="T1">Ef 5:22-24</text:span></text:a><text:span text:style-name="T1"> As esposas devem ser submissas, devem se adaptar a seus próprios maridos.</text:span></text:p><text:p text:style-name="P2"/><text:p text:style-name="P2"><text:a xlink:type="simple" xlink:href="http://mysword.info/b?r=Eph_5:25-33" text:style-name="Internet_20_link" text:visited-style-name="Visited_20_Internet_20_Link"><text:span text:style-name="T1">Ef 5:25-33</text:span></text:a><text:span text:style-name="T1"> Os maridos devem amar suas esposas, e para isso é dado o exemplo.</text:span></text:p><text:p text:style-name="P2"/><text:p text:style-name="P2"><text:a xlink:type="simple" xlink:href="http://mysword.info/b?r=Eph_5:32" text:style-name="Internet_20_link" text:visited-style-name="Visited_20_Internet_20_Link"><text:span text:style-name="T1">Ef 5:32</text:span></text:a><text:span text:style-name="T1"> O matrimônio é uma figura do mistério, isto é, do Senhor e Sua noiva (nós, os que cremos).</text:span></text:p><text:p text:style-name="P2"/><text:h text:style-name="P6" text:outline-level="2"><text:bookmark text:name="__RefHeading___Toc2278_1522826305"/>#388</text:h><text:p text:style-name="P2"/><text:p text:style-name="P3">O fato de eu procurar me livrar da tribulação demonstra que ainda necessito dela.</text:p><text:p text:style-name="P2"/><text:h text:style-name="P5" text:outline-level="2"><text:bookmark text:name="__RefHeading___Toc2280_1522826305"/><text:a xlink:type="simple" xlink:href="http://mysword.info/b?r=Eph_6" text:style-name="Internet_20_link" text:visited-style-name="Visited_20_Internet_20_Link"><text:span text:style-name="T1">EFÉSIOS 6</text:span></text:a></text:h><text:p text:style-name="P2"/><text:p text:style-name="P2"><text:a xlink:type="simple" xlink:href="http://mysword.info/b?r=Eph_6:1-3" text:style-name="Internet_20_link" text:visited-style-name="Visited_20_Internet_20_Link"><text:span text:style-name="T1">Ef 6:1-3</text:span></text:a><text:span text:style-name="T1"> Os filhos devem fazer tudo aquilo que seus pais lhes dizem para fazer, desde que não seja algo que as Escrituras proíbam. (Isto se aplica às esposas nos versículos </text:span><text:a xlink:type="simple" xlink:href="http://mysword.info/b?r=Eph_5:22-24" text:style-name="Internet_20_link" text:visited-style-name="Visited_20_Internet_20_Link"><text:span text:style-name="T1">22-24</text:span></text:a><text:span text:style-name="T1"> do capítulo 5).</text:span></text:p><text:p text:style-name="P2"/><text:p text:style-name="P2"><text:a xlink:type="simple" xlink:href="http://mysword.info/b?r=Eph_6:4" text:style-name="Internet_20_link" text:visited-style-name="Visited_20_Internet_20_Link"><text:span text:style-name="T1">Ef 6:4</text:span></text:a><text:span text:style-name="T1"> Os pais não devem provocar ou irritar seus filhos para que não se irem. Mas devem criá-los com ternura, indicando-lhes Cristo.</text:span></text:p><text:p text:style-name="P2"/><text:p text:style-name="P2"><text:a xlink:type="simple" xlink:href="http://mysword.info/b?r=Eph_6:5-9" text:style-name="Internet_20_link" text:visited-style-name="Visited_20_Internet_20_Link"><text:span text:style-name="T1">Ef 6:5-9</text:span></text:a><text:span text:style-name="T1"> Os servos (escravos naqueles dias) devem ser obedientes a seus senhores, como se fizessem tudo para o Senhor. Os mestres devem retribuir a bondade.</text:span></text:p><text:p text:style-name="P2"/><text:p text:style-name="P2"><text:a xlink:type="simple" xlink:href="http://mysword.info/b?r=Eph_6:10" text:style-name="Internet_20_link" text:visited-style-name="Visited_20_Internet_20_Link"><text:span text:style-name="T1">Ef 6:10</text:span></text:a><text:span text:style-name="T1"> Instruções para uma perfeita proteção, colocando-se a armadura de Deus.</text:span></text:p><text:p text:style-name="P2"/><text:p text:style-name="P2"><text:a xlink:type="simple" xlink:href="http://mysword.info/b?r=Eph_6:11-19" text:style-name="Internet_20_link" text:visited-style-name="Visited_20_Internet_20_Link"><text:span text:style-name="T1">Ef 6:11-19</text:span></text:a><text:span text:style-name="T1"> Ela nos protege das artimanhas de Satanás para nos enganar. Ele nos engana até fazendo-nos pensar que não precisamos disso. Nossa luta é contra o mal espiritual em suas diversas formas. Conseguiremos AGUENTAR se a utilizarmos!</text:span></text:p><text:p text:style-name="P2"/><text:p text:style-name="P2"><text:a xlink:type="simple" xlink:href="http://mysword.info/b?r=Eph_6:14" text:style-name="Internet_20_link" text:visited-style-name="Visited_20_Internet_20_Link"><text:span text:style-name="T1">Ef 6:14</text:span></text:a><text:span text:style-name="T1"> Uma boa consciência.</text:span></text:p><text:p text:style-name="P2"/><text:p text:style-name="P2"><text:a xlink:type="simple" xlink:href="http://mysword.info/b?r=Eph_6:15" text:style-name="Internet_20_link" text:visited-style-name="Visited_20_Internet_20_Link"><text:span text:style-name="T1">Ef 6:15</text:span></text:a><text:span text:style-name="T1"> Nosso andar irá nos preparar para falarmos àqueles que se encontram perdidos.</text:span></text:p><text:p text:style-name="P2"/><text:p text:style-name="P2"><text:a xlink:type="simple" xlink:href="http://mysword.info/b?r=Eph_6:16" text:style-name="Internet_20_link" text:visited-style-name="Visited_20_Internet_20_Link"><text:span text:style-name="T1">Ef 6:16</text:span></text:a><text:span text:style-name="T1"> Confiança no favor de Deus, que é onde todo crente está firmado.</text:span></text:p><text:p text:style-name="P2"/><text:p text:style-name="P2"><text:a xlink:type="simple" xlink:href="http://mysword.info/b?r=Eph_6:17" text:style-name="Internet_20_link" text:visited-style-name="Visited_20_Internet_20_Link"><text:span text:style-name="T1">Ef 6:17</text:span></text:a><text:span text:style-name="T1"> Usando a Palavra de Deus para proteger nossos pensamentos. A espada é como a Palavra de Deus. Serve tanto para o ataque como para a defesa.</text:span></text:p><text:p text:style-name="P2"/><text:p text:style-name="P2"><text:a xlink:type="simple" xlink:href="http://mysword.info/b?r=Eph_6:23-24" text:style-name="Internet_20_link" text:visited-style-name="Visited_20_Internet_20_Link"><text:span text:style-name="T1">Ef 6:23-24</text:span></text:a><text:span text:style-name="T1"> Paz, amor e graça... as possessões do crente!</text:span></text:p><text:p text:style-name="P2"/></text:section></office:text></office:body></office:document-content>