<?xml version="1.0" encoding="UTF-8"?>
<office:document-content xmlns:office="urn:oasis:names:tc:opendocument:xmlns:office:1.0" xmlns:style="urn:oasis:names:tc:opendocument:xmlns:style:1.0" xmlns:text="urn:oasis:names:tc:opendocument:xmlns:text:1.0" xmlns:table="urn:oasis:names:tc:opendocument:xmlns:table:1.0" xmlns:draw="urn:oasis:names:tc:opendocument:xmlns:drawing:1.0" xmlns:fo="urn:oasis:names:tc:opendocument:xmlns:xsl-fo-compatible:1.0" xmlns:xlink="http://www.w3.org/1999/xlink" xmlns:dc="http://purl.org/dc/elements/1.1/" xmlns:meta="urn:oasis:names:tc:opendocument:xmlns:meta:1.0" xmlns:number="urn:oasis:names:tc:opendocument:xmlns:datastyle:1.0" xmlns:svg="urn:oasis:names:tc:opendocument:xmlns:svg-compatible:1.0" xmlns:chart="urn:oasis:names:tc:opendocument:xmlns:chart:1.0" xmlns:dr3d="urn:oasis:names:tc:opendocument:xmlns:dr3d:1.0" xmlns:math="http://www.w3.org/1998/Math/MathML" xmlns:form="urn:oasis:names:tc:opendocument:xmlns:form:1.0" xmlns:script="urn:oasis:names:tc:opendocument:xmlns:script:1.0" xmlns:ooo="http://openoffice.org/2004/office" xmlns:ooow="http://openoffice.org/2004/writer" xmlns:oooc="http://openoffice.org/2004/calc" xmlns:dom="http://www.w3.org/2001/xml-events" xmlns:xforms="http://www.w3.org/2002/xforms" xmlns:xsd="http://www.w3.org/2001/XMLSchema" xmlns:xsi="http://www.w3.org/2001/XMLSchema-instance" xmlns:rpt="http://openoffice.org/2005/report" xmlns:of="urn:oasis:names:tc:opendocument:xmlns:of:1.2" xmlns:xhtml="http://www.w3.org/1999/xhtml" xmlns:grddl="http://www.w3.org/2003/g/data-view#" xmlns:officeooo="http://openoffice.org/2009/office" xmlns:tableooo="http://openoffice.org/2009/table" xmlns:drawooo="http://openoffice.org/2010/draw" xmlns:calcext="urn:org:documentfoundation:names:experimental:calc:xmlns:calcext:1.0" xmlns:loext="urn:org:documentfoundation:names:experimental:office:xmlns:loext:1.0" xmlns:field="urn:openoffice:names:experimental:ooo-ms-interop:xmlns:field:1.0" xmlns:formx="urn:openoffice:names:experimental:ooxml-odf-interop:xmlns:form:1.0" xmlns:css3t="http://www.w3.org/TR/css3-text/" office:version="1.2"><office:scripts/><office:font-face-decls><style:font-face style:name="FreeSans1" svg:font-family="FreeSans"/><style:font-face style:name="Liberation Sans" svg:font-family="&apos;Liberation Sans&apos;, sans-serif"/><style:font-face style:name="Noto Sans CJK SC Regular1" svg:font-family="&apos;Noto Sans CJK SC Regular&apos;"/><style:font-face style:name="FreeSans2" svg:font-family="FreeSans" style:font-family-generic="swiss"/><style:font-face style:name="Liberation Serif" svg:font-family="&apos;Liberation Serif&apos;" style:font-family-generic="roman" style:font-pitch="variable"/><style:font-face style:name="Thorndale" svg:font-family="Thorndale" style:font-family-generic="roman" style:font-pitch="variable"/><style:font-face style:name="Albany" svg:font-family="Albany" style:font-family-generic="swiss" style:font-pitch="variable"/><style:font-face style:name="FreeSans" svg:font-family="FreeSans" style:font-family-generic="system" style:font-pitch="variable"/><style:font-face style:name="Noto Sans CJK SC Regular" svg:font-family="&apos;Noto Sans CJK SC Regular&apos;" style:font-family-generic="system" style:font-pitch="variable"/></office:font-face-decls><office:automatic-styles><style:style style:name="P1" style:family="paragraph" style:parent-style-name="Heading_20_2"><style:paragraph-properties fo:line-height="150%"/></style:style><style:style style:name="P2" style:family="paragraph" style:parent-style-name="Heading_20_2"><style:paragraph-properties fo:line-height="150%"/><style:text-properties style:font-name="Liberation Sans" fo:font-size="12pt"/></style:style><style:style style:name="P3" style:family="paragraph" style:parent-style-name="Heading_20_2"><style:paragraph-properties fo:line-height="150%" fo:break-before="page"/><style:text-properties style:font-name="Liberation Sans" fo:font-size="12pt"/></style:style><style:style style:name="P4" style:family="paragraph" style:parent-style-name="Text_20_body" style:master-page-name="HTML"><style:paragraph-properties fo:margin-top="0cm" fo:margin-bottom="0cm" loext:contextual-spacing="false" fo:line-height="150%" fo:text-align="start" style:justify-single-word="false" style:page-number="auto"/></style:style><style:style style:name="P5" style:family="paragraph" style:parent-style-name="Text_20_body"><style:paragraph-properties fo:margin-top="0cm" fo:margin-bottom="0cm" loext:contextual-spacing="false" fo:line-height="150%" fo:text-align="justify" style:justify-single-word="false"/></style:style><style:style style:name="P6" style:family="paragraph" style:parent-style-name="Text_20_body"><style:paragraph-properties fo:margin-top="0cm" fo:margin-bottom="0cm" loext:contextual-spacing="false" fo:line-height="150%" fo:text-align="justify" style:justify-single-word="false"/><style:text-properties style:font-name="Liberation Sans" fo:font-size="12pt"/></style:style><style:style style:name="P7" style:family="paragraph" style:parent-style-name="Text_20_body"><style:paragraph-properties fo:margin-top="0cm" fo:margin-bottom="0cm" loext:contextual-spacing="false" fo:line-height="150%" fo:text-align="start" style:justify-single-word="false" fo:break-before="page"/></style:style><style:style style:name="T1" style:family="text"><style:text-properties style:font-name="Liberation Sans" fo:font-size="12pt"/></style:style><style:style style:name="T2" style:family="text"><style:text-properties style:font-name="Liberation Sans" fo:font-size="12pt" fo:font-weight="bold"/></style:style><style:style style:name="T3" style:family="text"><style:text-properties style:font-name="Liberation Sans" fo:font-size="12pt" fo:font-weight="normal"/></style:style><style:style style:name="T4" style:family="text"><style:text-properties fo:font-variant="normal" fo:text-transform="none"/></style:style><style:style style:name="T5" style:family="text"><style:text-properties fo:font-variant="normal" fo:text-transform="none" style:font-name="Liberation Sans" fo:font-size="12pt" fo:font-style="normal" fo:font-weight="normal"/></style:style><style:style style:name="T6" style:family="text"><style:text-properties fo:color="#000000"/></style:style><style:style style:name="T7" style:family="text"><style:text-properties fo:color="#000000" style:font-name="Liberation Sans" fo:font-size="12pt" fo:font-weight="normal"/></style:style><style:style style:name="T8" style:family="text"><style:text-properties fo:color="#000099" style:text-line-through-style="none" style:text-line-through-type="none" style:font-name="Liberation Sans" fo:font-size="12pt" style:text-underline-style="none" fo:font-weight="bold" style:text-blinking="false"/></style:style><style:style style:name="fr1" style:family="graphic" style:parent-style-name="Graphics"><style:graphic-properties style:wrap="right" style:number-wrapped-paragraphs="no-limit" style:wrap-contour="false" style:vertical-pos="top" style:vertical-rel="paragraph-content" style:horizontal-pos="left" style:horizontal-rel="paragraph" style:mirror="none" fo:clip="rect(0cm, 0cm, 0cm, 0cm)" draw:luminance="0%" draw:contrast="0%" draw:red="0%" draw:green="0%" draw:blue="0%" draw:gamma="100%" draw:color-inversion="false" draw:image-opacity="100%" draw:color-mode="standard"/></style:style><style:style style:name="Sect1" style:family="section"><style:section-properties style:writing-mode="lr-tb" style:editable="false"><style:columns fo:column-count="1" fo:column-gap="0cm"/></style:section-properties></style:style></office:automatic-styles><office:body><office:text text:use-soft-page-breaks="true"><text:sequence-decls><text:sequence-decl text:display-outline-level="0" text:name="Illustration"/><text:sequence-decl text:display-outline-level="0" text:name="Table"/><text:sequence-decl text:display-outline-level="0" text:name="Text"/><text:sequence-decl text:display-outline-level="0" text:name="Drawing"/></text:sequence-decls><text:section text:style-name="Sect1" text:name="texto"><text:p text:style-name="P4"><draw:frame draw:style-name="fr1" draw:name="Figura1" text:anchor-type="paragraph" svg:width="17.013cm" svg:height="24.897cm" draw:z-index="0"><draw:image xlink:href="Pictures/1000020100000A5D00000F2FC51C906D6E520E7D.png" xlink:type="simple" xlink:show="embed" xlink:actuate="onLoad"/></draw:frame><office:annotation><dc:date>2018-07-29T09:37:26.563251583</dc:date><text:p>HTML: &lt;meta name=&quot;created&quot; content=&quot;00:00:00&quot;&gt;</text:p></office:annotation><office:annotation><dc:date>2018-07-29T09:37:26.563333664</dc:date><text:p>HTML: &lt;meta name=&quot;changed&quot; content=&quot;2018-07-29T09:27:12.399599046&quot;&gt;</text:p></office:annotation><office:annotation><dc:date>2018-07-29T09:37:26.563354528</dc:date><text:p>HTML: &lt;meta name=&quot;created&quot; content=&quot;00:00:00&quot;&gt;</text:p></office:annotation><office:annotation><dc:date>2018-07-29T09:37:26.563375866</dc:date><text:p>HTML: &lt;meta name=&quot;changed&quot; content=&quot;2018-07-29T09:04:21.752444398&quot;&gt;</text:p></office:annotation><office:annotation><dc:date>2018-07-29T09:37:26.563386422</dc:date><text:p>HTML: &lt;meta name=&quot;created&quot; content=&quot;00:00:00&quot;&gt;</text:p></office:annotation><office:annotation><dc:date>2018-07-29T09:37:26.563397507</dc:date><text:p>HTML: &lt;meta name=&quot;changed&quot; content=&quot;2018-07-24T12:46:41.563159918&quot;&gt;</text:p></office:annotation><office:annotation><dc:date>2018-07-29T09:37:26.563407889</dc:date><text:p>HTML: &lt;meta name=&quot;created&quot; content=&quot;00:00:00&quot;&gt;</text:p></office:annotation><office:annotation><dc:date>2018-07-29T09:37:26.563419240</dc:date><text:p>HTML: &lt;meta name=&quot;changed&quot; content=&quot;2018-07-23T18:38:43.198880878&quot;&gt;</text:p></office:annotation><office:annotation><dc:date>2018-07-29T09:37:26.563429418</dc:date><text:p>HTML: &lt;meta name=&quot;created&quot; content=&quot;00:00:00&quot;&gt;</text:p></office:annotation><office:annotation><dc:date>2018-07-29T09:37:26.563441035</dc:date><text:p>HTML: &lt;meta name=&quot;changed&quot; content=&quot;2018-07-23T18:36:40.758540714&quot;&gt;</text:p></office:annotation></text:p><text:p text:style-name="P7"><text:span text:style-name="Strong_20_Emphasis"><text:span text:style-name="T5"><office:annotation><dc:date>2018-07-29T09:37:27.805822915</dc:date><text:p>HTML: &lt;meta name=&quot;created&quot; content=&quot;00:00:00&quot;&gt;</text:p></office:annotation></text:span></text:span><text:span text:style-name="Strong_20_Emphasis"><text:span text:style-name="T5"><office:annotation><dc:date>2018-07-29T09:37:27.805836419</dc:date><text:p>HTML: &lt;meta name=&quot;changed&quot; content=&quot;2018-07-23T17:35:48.701705692&quot;&gt;</text:p></office:annotation></text:span></text:span><text:span text:style-name="Strong_20_Emphasis"><text:span text:style-name="T5"><office:annotation><dc:date>2018-07-29T09:37:27.805846317</dc:date><text:p>HTML: &lt;meta name=&quot;created&quot; content=&quot;00:00:00&quot;&gt;</text:p></office:annotation></text:span></text:span><text:span text:style-name="Strong_20_Emphasis"><text:span text:style-name="T5"><office:annotation><dc:date>2018-07-29T09:37:27.805856976</dc:date><text:p>HTML: &lt;meta name=&quot;changed&quot; content=&quot;2018-07-01T22:54:25.413103704&quot;&gt;</text:p></office:annotation></text:span></text:span><text:span text:style-name="Strong_20_Emphasis"><text:span text:style-name="T5"><office:annotation><dc:date>2018-07-29T09:37:27.805866542</dc:date><text:p>HTML: &lt;meta name=&quot;created&quot; content=&quot;00:00:00&quot;&gt;</text:p></office:annotation></text:span></text:span><text:span text:style-name="Strong_20_Emphasis"><text:span text:style-name="T5"><office:annotation><dc:date>2018-07-29T09:37:27.805876539</dc:date><text:p>HTML: &lt;meta name=&quot;changed&quot; content=&quot;2018-07-01T22:13:16.001692095&quot;&gt;</text:p></office:annotation></text:span></text:span><text:span text:style-name="Strong_20_Emphasis"><text:span text:style-name="T5"><office:annotation><dc:date>2018-07-29T09:37:27.805885823</dc:date><text:p>HTML: &lt;meta name=&quot;created&quot; content=&quot;00:00:00&quot;&gt;</text:p></office:annotation></text:span></text:span><text:span text:style-name="Strong_20_Emphasis"><text:span text:style-name="T5"><office:annotation><dc:date>2018-07-29T09:37:27.805894809</dc:date><text:p>HTML: &lt;meta name=&quot;changed&quot; content=&quot;00:00:00&quot;&gt;</text:p></office:annotation></text:span></text:span><text:span text:style-name="Strong_20_Emphasis"><text:span text:style-name="T5"><office:annotation><dc:date>2018-07-29T09:37:27.805904024</dc:date><text:p>HTML: &lt;meta name=&quot;created&quot; content=&quot;00:00:00&quot;&gt;</text:p></office:annotation></text:span></text:span><text:span text:style-name="Strong_20_Emphasis"><text:span text:style-name="T5"><office:annotation><dc:date>2018-07-29T09:37:27.805914100</dc:date><text:p>HTML: &lt;meta name=&quot;changed&quot; content=&quot;2018-06-29T22:40:27.905434121&quot;&gt;</text:p></office:annotation></text:span></text:span><text:span text:style-name="Strong_20_Emphasis"><text:span text:style-name="T5"><office:annotation><dc:date>2018-07-29T09:37:27.805923265</dc:date><text:p>HTML: &lt;meta name=&quot;created&quot; content=&quot;00:00:00&quot;&gt;</text:p></office:annotation></text:span></text:span><text:span text:style-name="Strong_20_Emphasis"><text:span text:style-name="T5"><office:annotation><dc:date>2018-07-29T09:37:27.805933252</dc:date><text:p>HTML: &lt;meta name=&quot;changed&quot; content=&quot;2018-06-29T22:19:54.818236607&quot;&gt;</text:p></office:annotation></text:span></text:span><text:span text:style-name="Strong_20_Emphasis"><text:span text:style-name="T5"><office:annotation><dc:date>2018-07-29T09:37:27.805941835</dc:date><text:p>HTML: &lt;meta name=&quot;created&quot; content=&quot;00:00:00&quot;&gt;</text:p></office:annotation></text:span></text:span><text:span text:style-name="Strong_20_Emphasis"><text:span text:style-name="T5"><office:annotation><dc:date>2018-07-29T09:37:27.805951403</dc:date><text:p>HTML: &lt;meta name=&quot;changed&quot; content=&quot;2018-06-29T16:48:09.289221502&quot;&gt;</text:p></office:annotation></text:span></text:span><text:span text:style-name="Strong_20_Emphasis"><text:span text:style-name="T5"><office:annotation><dc:date>2018-07-29T09:37:27.805960025</dc:date><text:p>HTML: &lt;meta name=&quot;created&quot; content=&quot;00:00:00&quot;&gt;</text:p></office:annotation></text:span></text:span><text:span text:style-name="Strong_20_Emphasis"><text:span text:style-name="T5"><office:annotation><dc:date>2018-07-29T09:37:27.805970102</dc:date><text:p>HTML: &lt;meta name=&quot;changed&quot; content=&quot;2018-06-28T13:04:28.492733451&quot;&gt;</text:p></office:annotation></text:span></text:span><text:span text:style-name="Strong_20_Emphasis"><text:span text:style-name="T5"><office:annotation><dc:date>2018-07-29T09:37:27.805979152</dc:date><text:p>HTML: &lt;meta name=&quot;created&quot; content=&quot;00:00:00&quot;&gt;</text:p></office:annotation></text:span></text:span><text:span text:style-name="Strong_20_Emphasis"><text:span text:style-name="T5"><office:annotation><dc:date>2018-07-29T09:37:27.805988805</dc:date><text:p>HTML: &lt;meta name=&quot;changed&quot; content=&quot;2018-06-26T16:14:44.639882738&quot;&gt;</text:p></office:annotation></text:span></text:span><text:span text:style-name="Strong_20_Emphasis"><text:span text:style-name="T5"><office:annotation><dc:date>2018-07-29T09:37:27.805997608</dc:date><text:p>HTML: &lt;meta name=&quot;created&quot; content=&quot;00:00:00&quot;&gt;</text:p></office:annotation></text:span></text:span><text:span text:style-name="Strong_20_Emphasis"><text:span text:style-name="T5"><office:annotation><dc:date>2018-07-29T09:37:27.806007651</dc:date><text:p>HTML: &lt;meta name=&quot;changed&quot; content=&quot;2018-06-26T00:07:28.897913089&quot;&gt;</text:p></office:annotation></text:span></text:span><text:span text:style-name="Strong_20_Emphasis"><text:span text:style-name="T5"><office:annotation><dc:date>2018-07-29T09:37:27.806016452</dc:date><text:p>HTML: &lt;meta name=&quot;created&quot; content=&quot;00:00:00&quot;&gt;</text:p></office:annotation></text:span></text:span><text:span text:style-name="Strong_20_Emphasis"><text:span text:style-name="T5"><office:annotation><dc:date>2018-07-29T09:37:27.806026188</dc:date><text:p>HTML: &lt;meta name=&quot;changed&quot; content=&quot;2018-06-25T20:14:42.039332923&quot;&gt;</text:p></office:annotation></text:span></text:span><text:span text:style-name="Strong_20_Emphasis"><text:span text:style-name="T5"><office:annotation><dc:date>2018-07-29T09:37:27.806035023</dc:date><text:p>HTML: &lt;meta name=&quot;created&quot; content=&quot;00:00:00&quot;&gt;</text:p></office:annotation></text:span></text:span><text:span text:style-name="Strong_20_Emphasis"><text:span text:style-name="T5"><office:annotation><dc:date>2018-07-29T09:37:27.806044611</dc:date><text:p>HTML: &lt;meta name=&quot;changed&quot; content=&quot;2018-06-24T22:32:07.411315002&quot;&gt;</text:p></office:annotation></text:span></text:span><text:span text:style-name="Strong_20_Emphasis"><text:span text:style-name="T5"><office:annotation><dc:date>2018-07-29T09:37:27.806053368</dc:date><text:p>HTML: &lt;meta name=&quot;created&quot; content=&quot;00:00:00&quot;&gt;</text:p></office:annotation></text:span></text:span><text:span text:style-name="Strong_20_Emphasis"><text:span text:style-name="T5"><office:annotation><dc:date>2018-07-29T09:37:27.806062977</dc:date><text:p>HTML: &lt;meta name=&quot;changed&quot; content=&quot;2018-06-24T15:42:01.493043692&quot;&gt;</text:p></office:annotation></text:span></text:span><text:span text:style-name="Strong_20_Emphasis"><text:span text:style-name="T5"><office:annotation><dc:date>2018-07-29T09:37:27.806071617</dc:date><text:p>HTML: &lt;meta name=&quot;created&quot; content=&quot;00:00:00&quot;&gt;</text:p></office:annotation></text:span></text:span><text:span text:style-name="Strong_20_Emphasis"><text:span text:style-name="T5"><office:annotation><dc:date>2018-07-29T09:37:27.806080882</dc:date><text:p>HTML: &lt;meta name=&quot;changed&quot; content=&quot;2018-06-24T09:30:05.416727667&quot;&gt;</text:p></office:annotation></text:span></text:span><text:span text:style-name="Strong_20_Emphasis"><text:span text:style-name="T5"><office:annotation><dc:date>2018-07-29T09:37:27.806089407</dc:date><text:p>HTML: &lt;meta name=&quot;created&quot; content=&quot;00:00:00&quot;&gt;</text:p></office:annotation></text:span></text:span><text:span text:style-name="Strong_20_Emphasis"><text:span text:style-name="T5"><office:annotation><dc:date>2018-07-29T09:37:27.806098897</dc:date><text:p>HTML: &lt;meta name=&quot;changed&quot; content=&quot;2018-06-23T16:36:03.100363804&quot;&gt;</text:p></office:annotation></text:span></text:span><text:span text:style-name="Strong_20_Emphasis"><text:span text:style-name="T5"><office:annotation><dc:date>2018-07-29T09:37:27.806126518</dc:date><text:p>HTML: &lt;meta name=&quot;created&quot; content=&quot;00:00:00&quot;&gt;</text:p></office:annotation></text:span></text:span><text:span text:style-name="Strong_20_Emphasis"><text:span text:style-name="T5"><office:annotation><dc:date>2018-07-29T09:37:27.806136844</dc:date><text:p>HTML: &lt;meta name=&quot;changed&quot; content=&quot;2018-06-23T11:36:03.222001170&quot;&gt;</text:p></office:annotation></text:span></text:span><text:span text:style-name="Strong_20_Emphasis"><text:span text:style-name="T5"><office:annotation><dc:date>2018-07-29T09:37:27.806145774</dc:date><text:p>HTML: &lt;meta name=&quot;created&quot; content=&quot;00:00:00&quot;&gt;</text:p></office:annotation></text:span></text:span><text:span text:style-name="Strong_20_Emphasis"><text:span text:style-name="T5"><office:annotation><dc:date>2018-07-29T09:37:27.806155247</dc:date><text:p>HTML: &lt;meta name=&quot;changed&quot; content=&quot;2018-06-21T23:23:09.057807835&quot;&gt;</text:p></office:annotation></text:span></text:span><text:span text:style-name="Strong_20_Emphasis"><text:span text:style-name="T5"><office:annotation><dc:date>2018-07-29T09:37:27.806176776</dc:date><text:p>HTML: &lt;meta name=&quot;created&quot; content=&quot;00:00:00&quot;&gt;</text:p></office:annotation></text:span></text:span><text:span text:style-name="Strong_20_Emphasis"><text:span text:style-name="T5"><office:annotation><dc:date>2018-07-29T09:37:27.806187615</dc:date><text:p>HTML: &lt;meta name=&quot;changed&quot; content=&quot;2018-06-21T17:55:17.865393136&quot;&gt;</text:p></office:annotation></text:span></text:span><text:span text:style-name="Strong_20_Emphasis"><text:span text:style-name="T5"><office:annotation><dc:date>2018-07-29T09:37:27.806196478</dc:date><text:p>HTML: &lt;meta name=&quot;created&quot; content=&quot;00:00:00&quot;&gt;</text:p></office:annotation></text:span></text:span><text:span text:style-name="Strong_20_Emphasis"><text:span text:style-name="T5"><office:annotation><dc:date>2018-07-29T09:37:27.806206307</dc:date><text:p>HTML: &lt;meta name=&quot;changed&quot; content=&quot;2018-06-21T12:21:22.763521742&quot;&gt;</text:p></office:annotation></text:span></text:span><text:span text:style-name="Strong_20_Emphasis"><text:span text:style-name="T5"><office:annotation><dc:date>2018-07-29T09:37:27.806215287</dc:date><text:p>HTML: &lt;meta name=&quot;created&quot; content=&quot;00:00:00&quot;&gt;</text:p></office:annotation></text:span></text:span><text:span text:style-name="Strong_20_Emphasis"><text:span text:style-name="T5"><office:annotation><dc:date>2018-07-29T09:37:27.806224757</dc:date><text:p>HTML: &lt;meta name=&quot;changed&quot; content=&quot;2018-06-20T18:34:19.830157535&quot;&gt;</text:p></office:annotation></text:span></text:span><text:span text:style-name="Strong_20_Emphasis"><text:span text:style-name="T5"><office:annotation><dc:date>2018-07-29T09:37:27.806233469</dc:date><text:p>HTML: &lt;meta name=&quot;created&quot; content=&quot;00:00:00&quot;&gt;</text:p></office:annotation></text:span></text:span><text:span text:style-name="Strong_20_Emphasis"><text:span text:style-name="T5"><office:annotation><dc:date>2018-07-29T09:37:27.806243061</dc:date><text:p>HTML: &lt;meta name=&quot;changed&quot; content=&quot;2018-06-19T12:54:18.844691454&quot;&gt;</text:p></office:annotation></text:span></text:span><text:span text:style-name="Strong_20_Emphasis"><text:span text:style-name="T5"><office:annotation><dc:date>2018-07-29T09:37:27.806251771</dc:date><text:p>HTML: &lt;meta name=&quot;created&quot; content=&quot;00:00:00&quot;&gt;</text:p></office:annotation></text:span></text:span><text:span text:style-name="Strong_20_Emphasis"><text:span text:style-name="T5"><office:annotation><dc:date>2018-07-29T09:37:27.806261424</dc:date><text:p>HTML: &lt;meta name=&quot;changed&quot; content=&quot;2018-06-18T23:20:12.738581285&quot;&gt;</text:p></office:annotation></text:span></text:span><text:span text:style-name="Strong_20_Emphasis"><text:span text:style-name="T5"><office:annotation><dc:date>2018-07-29T09:37:27.806270098</dc:date><text:p>HTML: &lt;meta name=&quot;created&quot; content=&quot;00:00:00&quot;&gt;</text:p></office:annotation></text:span></text:span><text:span text:style-name="Strong_20_Emphasis"><text:span text:style-name="T5"><office:annotation><dc:date>2018-07-29T09:37:27.806279399</dc:date><text:p>HTML: &lt;meta name=&quot;changed&quot; content=&quot;2018-06-18T20:39:37.890329984&quot;&gt;</text:p></office:annotation></text:span></text:span><text:span text:style-name="Strong_20_Emphasis"><text:span text:style-name="T5"><office:annotation><dc:date>2018-07-29T09:37:27.806288081</dc:date><text:p>HTML: &lt;meta name=&quot;created&quot; content=&quot;00:00:00&quot;&gt;</text:p></office:annotation></text:span></text:span><text:span text:style-name="Strong_20_Emphasis"><text:span text:style-name="T5"><office:annotation><dc:date>2018-07-29T09:37:27.806297586</dc:date><text:p>HTML: &lt;meta name=&quot;changed&quot; content=&quot;2018-06-18T12:45:23.879199387&quot;&gt;</text:p></office:annotation></text:span></text:span><text:span text:style-name="Strong_20_Emphasis"><text:span text:style-name="T5"><office:annotation><dc:date>2018-07-29T09:37:27.806306026</dc:date><text:p>HTML: &lt;meta name=&quot;created&quot; content=&quot;00:00:00&quot;&gt;</text:p></office:annotation></text:span></text:span><text:span text:style-name="Strong_20_Emphasis"><text:span text:style-name="T5"><office:annotation><dc:date>2018-07-29T09:37:27.806315516</dc:date><text:p>HTML: &lt;meta name=&quot;changed&quot; content=&quot;2018-06-17T20:02:02.143589569&quot;&gt;</text:p></office:annotation></text:span></text:span><text:span text:style-name="Strong_20_Emphasis"><text:span text:style-name="T5"><office:annotation><dc:date>2018-07-29T09:37:27.806324243</dc:date><text:p>HTML: &lt;meta name=&quot;created&quot; content=&quot;00:00:00&quot;&gt;</text:p></office:annotation></text:span></text:span><text:span text:style-name="Strong_20_Emphasis"><text:span text:style-name="T5"><office:annotation><dc:date>2018-07-29T09:37:27.806333559</dc:date><text:p>HTML: &lt;meta name=&quot;changed&quot; content=&quot;2018-06-17T19:45:54.789583280&quot;&gt;</text:p></office:annotation></text:span></text:span><text:span text:style-name="Strong_20_Emphasis"><text:span text:style-name="T5"><office:annotation><dc:date>2018-07-29T09:37:27.806342258</dc:date><text:p>HTML: &lt;meta name=&quot;created&quot; content=&quot;00:00:00&quot;&gt;</text:p></office:annotation></text:span></text:span><text:span text:style-name="Strong_20_Emphasis"><text:span text:style-name="T5"><office:annotation><dc:date>2018-07-29T09:37:27.806351772</dc:date><text:p>HTML: &lt;meta name=&quot;changed&quot; content=&quot;2018-06-16T15:19:53.989201345&quot;&gt;</text:p></office:annotation></text:span></text:span><text:span text:style-name="Strong_20_Emphasis"><text:span text:style-name="T5"><office:annotation><dc:date>2018-07-29T09:37:27.806360420</dc:date><text:p>HTML: &lt;meta name=&quot;created&quot; content=&quot;00:00:00&quot;&gt;</text:p></office:annotation></text:span></text:span><text:span text:style-name="Strong_20_Emphasis"><text:span text:style-name="T5"><office:annotation><dc:date>2018-07-29T09:37:27.806369843</dc:date><text:p>HTML: &lt;meta name=&quot;changed&quot; content=&quot;2018-06-16T13:50:44.432862129&quot;&gt;</text:p></office:annotation></text:span></text:span><text:span text:style-name="Strong_20_Emphasis"><text:span text:style-name="T5"><office:annotation><dc:date>2018-07-29T09:37:27.806378792</dc:date><text:p>HTML: &lt;meta name=&quot;created&quot; content=&quot;00:00:00&quot;&gt;</text:p></office:annotation></text:span></text:span><text:span text:style-name="Strong_20_Emphasis"><text:span text:style-name="T5"><office:annotation><dc:date>2018-07-29T09:37:27.806388149</dc:date><text:p>HTML: &lt;meta name=&quot;changed&quot; content=&quot;2018-06-16T10:49:58.030689160&quot;&gt;</text:p></office:annotation></text:span></text:span><text:span text:style-name="Strong_20_Emphasis"><text:span text:style-name="T5"><office:annotation><dc:date>2018-07-29T09:37:27.806396760</dc:date><text:p>HTML: &lt;meta name=&quot;created&quot; content=&quot;00:00:00&quot;&gt;</text:p></office:annotation></text:span></text:span><text:span text:style-name="Strong_20_Emphasis"><text:span text:style-name="T5"><office:annotation><dc:date>2018-07-29T09:37:27.806406258</dc:date><text:p>HTML: &lt;meta name=&quot;changed&quot; content=&quot;2018-06-15T13:05:31.693854059&quot;&gt;</text:p></office:annotation></text:span></text:span><text:span text:style-name="Strong_20_Emphasis"><text:span text:style-name="T5"><office:annotation><dc:date>2018-07-29T09:37:27.806415633</dc:date><text:p>HTML: &lt;meta name=&quot;changed&quot; content=&quot;2018-06-15T16:46:54.538249678&quot;&gt;</text:p></office:annotation></text:span></text:span><text:span text:style-name="Strong_20_Emphasis"><text:span text:style-name="T5"><office:annotation><dc:date>2018-07-29T09:37:27.806424215</dc:date><text:p>HTML: &lt;meta name=&quot;created&quot; content=&quot;00:00:00&quot;&gt;</text:p></office:annotation></text:span></text:span><text:span text:style-name="Strong_20_Emphasis"><text:span text:style-name="T5"><office:annotation><dc:date>2018-07-29T09:37:27.806433948</dc:date><text:p>HTML: &lt;meta name=&quot;changed&quot; content=&quot;2018-06-14T22:55:38.007259856&quot;&gt;</text:p></office:annotation></text:span></text:span><text:span text:style-name="Strong_20_Emphasis"><text:span text:style-name="T5"><office:annotation><dc:date>2018-07-29T09:37:27.806442355</dc:date><text:p>HTML: &lt;meta name=&quot;created&quot; content=&quot;00:00:00&quot;&gt;</text:p></office:annotation></text:span></text:span><text:span text:style-name="Strong_20_Emphasis"><text:span text:style-name="T5"><office:annotation><dc:date>2018-07-29T09:37:27.806451860</dc:date><text:p>HTML: &lt;meta name=&quot;changed&quot; content=&quot;2018-06-14T20:52:51.033526204&quot;&gt;</text:p></office:annotation></text:span></text:span><text:span text:style-name="Strong_20_Emphasis"><text:span text:style-name="T5"><office:annotation><dc:date>2018-07-29T09:37:27.806460840</dc:date><text:p>HTML: &lt;meta name=&quot;created&quot; content=&quot;00:00:00&quot;&gt;</text:p></office:annotation></text:span></text:span><text:span text:style-name="Strong_20_Emphasis"><text:span text:style-name="T5"><office:annotation><dc:date>2018-07-29T09:37:27.806470355</dc:date><text:p>HTML: &lt;meta name=&quot;changed&quot; content=&quot;2018-06-14T17:27:12.577284577&quot;&gt;</text:p></office:annotation></text:span></text:span><text:span text:style-name="Strong_20_Emphasis"><text:span text:style-name="T5"><office:annotation><dc:date>2018-07-29T09:37:27.806479474</dc:date><text:p>HTML: &lt;meta name=&quot;created&quot; content=&quot;00:00:00&quot;&gt;</text:p></office:annotation></text:span></text:span><text:span text:style-name="Strong_20_Emphasis"><text:span text:style-name="T5"><office:annotation><dc:date>2018-07-29T09:37:27.806489244</dc:date><text:p>HTML: &lt;meta name=&quot;changed&quot; content=&quot;2018-06-14T12:58:12.332824081&quot;&gt;</text:p></office:annotation></text:span></text:span><text:span text:style-name="Strong_20_Emphasis"><text:span text:style-name="T5"><office:annotation><dc:date>2018-07-29T09:37:27.806498069</dc:date><text:p>HTML: &lt;meta name=&quot;created&quot; content=&quot;00:00:00&quot;&gt;</text:p></office:annotation></text:span></text:span><text:span text:style-name="Strong_20_Emphasis"><text:span text:style-name="T5"><office:annotation><dc:date>2018-07-29T09:37:27.806507889</dc:date><text:p>HTML: &lt;meta name=&quot;changed&quot; content=&quot;2018-06-14T07:07:38.845049501&quot;&gt;</text:p></office:annotation></text:span></text:span><text:span text:style-name="Strong_20_Emphasis"><text:span text:style-name="T5"><office:annotation><dc:date>2018-07-29T09:37:27.806516318</dc:date><text:p>HTML: &lt;meta name=&quot;created&quot; content=&quot;00:00:00&quot;&gt;</text:p></office:annotation></text:span></text:span><text:span text:style-name="Strong_20_Emphasis"><text:span text:style-name="T5"><office:annotation><dc:date>2018-07-29T09:37:27.806526036</dc:date><text:p>HTML: &lt;meta name=&quot;changed&quot; content=&quot;2018-06-13T22:59:08.975991996&quot;&gt;</text:p></office:annotation></text:span></text:span><text:span text:style-name="Strong_20_Emphasis"><text:span text:style-name="T5"><office:annotation><dc:date>2018-07-29T09:37:27.806534651</dc:date><text:p>HTML: &lt;meta name=&quot;created&quot; content=&quot;00:00:00&quot;&gt;</text:p></office:annotation></text:span></text:span><text:span text:style-name="Strong_20_Emphasis"><text:span text:style-name="T5"><office:annotation><dc:date>2018-07-29T09:37:27.806544151</dc:date><text:p>HTML: &lt;meta name=&quot;changed&quot; content=&quot;2018-06-13T20:26:03.305702553&quot;&gt;</text:p></office:annotation></text:span></text:span><text:span text:style-name="Strong_20_Emphasis"><text:span text:style-name="T5"><office:annotation><dc:date>2018-07-29T09:37:27.806552806</dc:date><text:p>HTML: &lt;meta name=&quot;created&quot; content=&quot;00:00:00&quot;&gt;</text:p></office:annotation></text:span></text:span><text:span text:style-name="Strong_20_Emphasis"><text:span text:style-name="T5"><office:annotation><dc:date>2018-07-29T09:37:27.806562249</dc:date><text:p>HTML: &lt;meta name=&quot;changed&quot; content=&quot;2018-06-12T12:28:00.714637591&quot;&gt;</text:p></office:annotation></text:span></text:span><text:span text:style-name="Strong_20_Emphasis"><text:span text:style-name="T5"><office:annotation><dc:date>2018-07-29T09:37:27.806570993</dc:date><text:p>HTML: &lt;meta name=&quot;created&quot; content=&quot;00:00:00&quot;&gt;</text:p></office:annotation></text:span></text:span><text:span text:style-name="Strong_20_Emphasis"><text:span text:style-name="T5"><office:annotation><dc:date>2018-07-29T09:37:27.806580673</dc:date><text:p>HTML: &lt;meta name=&quot;changed&quot; content=&quot;2018-06-11T22:59:09.625284365&quot;&gt;</text:p></office:annotation></text:span></text:span><text:span text:style-name="Strong_20_Emphasis"><text:span text:style-name="T5"><office:annotation><dc:date>2018-07-29T09:37:27.806590229</dc:date><text:p>HTML: &lt;meta name=&quot;created&quot; content=&quot;2018-06-11T22:51:04.642681485&quot;&gt;</text:p></office:annotation></text:span></text:span><text:span text:style-name="Strong_20_Emphasis"><text:span text:style-name="T5"><office:annotation><dc:date>2018-07-29T09:37:27.806599698</dc:date><text:p>HTML: &lt;meta name=&quot;changed&quot; content=&quot;2018-06-11T22:52:11.240135258&quot;&gt;</text:p></office:annotation></text:span></text:span><text:span text:style-name="Strong_20_Emphasis"><text:span text:style-name="T5">Título: </text:span></text:span><text:span text:style-name="Strong_20_Emphasis"><text:span text:style-name="T5"><office:annotation><dc:date>2018-07-29T09:37:27.806666227</dc:date><text:p>HTML: &lt;meta name=&quot;created&quot; content=&quot;00:00:00&quot;&gt;</text:p></office:annotation></text:span></text:span><text:span text:style-name="Strong_20_Emphasis"><text:span text:style-name="T5"><office:annotation><dc:date>2018-07-29T09:37:27.806676634</dc:date><text:p>HTML: &lt;meta name=&quot;changed&quot; content=&quot;2018-06-14T22:55:38.007259856&quot;&gt;</text:p></office:annotation></text:span></text:span><text:span text:style-name="Strong_20_Emphasis"><text:span text:style-name="T5"><office:annotation><dc:date>2018-07-29T09:37:27.806685280</dc:date><text:p>HTML: &lt;meta name=&quot;created&quot; content=&quot;00:00:00&quot;&gt;</text:p></office:annotation></text:span></text:span><text:span text:style-name="Strong_20_Emphasis"><text:span text:style-name="T5"><office:annotation><dc:date>2018-07-29T09:37:27.806695108</dc:date><text:p>HTML: &lt;meta name=&quot;changed&quot; content=&quot;2018-06-14T20:52:51.033526204&quot;&gt;</text:p></office:annotation></text:span></text:span><text:span text:style-name="Strong_20_Emphasis"><text:span text:style-name="T5"><office:annotation><dc:date>2018-07-29T09:37:27.806703691</dc:date><text:p>HTML: &lt;meta name=&quot;created&quot; content=&quot;00:00:00&quot;&gt;</text:p></office:annotation></text:span></text:span><text:span text:style-name="Strong_20_Emphasis"><text:span text:style-name="T5"><office:annotation><dc:date>2018-07-29T09:37:27.806713487</dc:date><text:p>HTML: &lt;meta name=&quot;changed&quot; content=&quot;2018-06-14T17:27:12.577284577&quot;&gt;</text:p></office:annotation></text:span></text:span><text:span text:style-name="Strong_20_Emphasis"><text:span text:style-name="T5"><office:annotation><dc:date>2018-07-29T09:37:27.806722134</dc:date><text:p>HTML: &lt;meta name=&quot;created&quot; content=&quot;00:00:00&quot;&gt;</text:p></office:annotation></text:span></text:span><text:span text:style-name="Strong_20_Emphasis"><text:span text:style-name="T5"><office:annotation><dc:date>2018-07-29T09:37:27.806731690</dc:date><text:p>HTML: &lt;meta name=&quot;changed&quot; content=&quot;2018-06-14T12:58:12.332824081&quot;&gt;</text:p></office:annotation></text:span></text:span><text:span text:style-name="Strong_20_Emphasis"><text:span text:style-name="T5"><office:annotation><dc:date>2018-07-29T09:37:27.806740770</dc:date><text:p>HTML: &lt;meta name=&quot;created&quot; content=&quot;00:00:00&quot;&gt;</text:p></office:annotation></text:span></text:span><text:span text:style-name="Strong_20_Emphasis"><text:span text:style-name="T5"><office:annotation><dc:date>2018-07-29T09:37:27.806750118</dc:date><text:p>HTML: &lt;meta name=&quot;changed&quot; content=&quot;2018-06-14T07:07:38.845049501&quot;&gt;</text:p></office:annotation></text:span></text:span><text:span text:style-name="Strong_20_Emphasis"><text:span text:style-name="T5"><office:annotation><dc:date>2018-07-29T09:37:27.806758918</dc:date><text:p>HTML: &lt;meta name=&quot;created&quot; content=&quot;00:00:00&quot;&gt;</text:p></office:annotation></text:span></text:span><text:span text:style-name="Strong_20_Emphasis"><text:span text:style-name="T5"><office:annotation><dc:date>2018-07-29T09:37:27.806768315</dc:date><text:p>HTML: &lt;meta name=&quot;changed&quot; content=&quot;2018-06-13T22:59:08.975991996&quot;&gt;</text:p></office:annotation></text:span></text:span><text:span text:style-name="Strong_20_Emphasis"><text:span text:style-name="T5"><office:annotation><dc:date>2018-07-29T09:37:27.806777098</dc:date><text:p>HTML: &lt;meta name=&quot;created&quot; content=&quot;00:00:00&quot;&gt;</text:p></office:annotation></text:span></text:span><text:span text:style-name="Strong_20_Emphasis"><text:span text:style-name="T5"><office:annotation><dc:date>2018-07-29T09:37:27.806786616</dc:date><text:p>HTML: &lt;meta name=&quot;changed&quot; content=&quot;2018-06-13T20:26:03.305702553&quot;&gt;</text:p></office:annotation></text:span></text:span><text:span text:style-name="Strong_20_Emphasis"><text:span text:style-name="T5"><office:annotation><dc:date>2018-07-29T09:37:27.806795316</dc:date><text:p>HTML: &lt;meta name=&quot;created&quot; content=&quot;00:00:00&quot;&gt;</text:p></office:annotation></text:span></text:span><text:span text:style-name="Strong_20_Emphasis"><text:span text:style-name="T5"><office:annotation><dc:date>2018-07-29T09:37:27.806804678</dc:date><text:p>HTML: &lt;meta name=&quot;changed&quot; content=&quot;2018-06-12T12:28:00.714637591&quot;&gt;</text:p></office:annotation></text:span></text:span><text:span text:style-name="Strong_20_Emphasis"><text:span text:style-name="T5"><office:annotation><dc:date>2018-07-29T09:37:27.806813287</dc:date><text:p>HTML: &lt;meta name=&quot;created&quot; content=&quot;00:00:00&quot;&gt;</text:p></office:annotation></text:span></text:span><text:span text:style-name="Strong_20_Emphasis"><text:span text:style-name="T5"><office:annotation><dc:date>2018-07-29T09:37:27.806822548</dc:date><text:p>HTML: &lt;meta name=&quot;changed&quot; content=&quot;2018-06-11T22:59:09.625284365&quot;&gt;</text:p></office:annotation></text:span></text:span><text:span text:style-name="Strong_20_Emphasis"><text:span text:style-name="T5"><office:annotation><dc:date>2018-07-29T09:37:27.806831956</dc:date><text:p>HTML: &lt;meta name=&quot;created&quot; content=&quot;2018-06-11T22:51:04.642681485&quot;&gt;</text:p></office:annotation></text:span></text:span><text:span text:style-name="Strong_20_Emphasis"><text:span text:style-name="T5"><office:annotation><dc:date>2018-07-29T09:37:27.806841400</dc:date><text:p>HTML: &lt;meta name=&quot;changed&quot; content=&quot;2018-06-11T22:52:11.240135258&quot;&gt;</text:p></office:annotation></text:span></text:span><text:span text:style-name="Strong_20_Emphasis"><text:span text:style-name="T5">CHAPTER A DAY (ESDRAS)<text:line-break/>Autor: NORMAN</text:span></text:span><text:span text:style-name="Strong_20_Emphasis"><text:span text:style-name="T4"> </text:span></text:span><text:span text:style-name="Strong_20_Emphasis"><text:span text:style-name="T5">BERRY </text:span></text:span><text:span text:style-name="Strong_20_Emphasis"><text:span text:style-name="T2"><text:line-break/><text:line-break/></text:span></text:span><text:span text:style-name="Strong_20_Emphasis"><text:span text:style-name="T7">Literaturas em formato</text:span></text:span><text:span text:style-name="Strong_20_Emphasis"><text:span text:style-name="T6"> </text:span></text:span><text:span text:style-name="Strong_20_Emphasis"><text:span text:style-name="T7">digital:<text:line-break/></text:span></text:span><text:a xlink:type="simple" xlink:href="http://www.acervodigitalcristao.com.br/" text:style-name="Internet_20_link" text:visited-style-name="Visited_20_Internet_20_Link"><text:span text:style-name="Strong_20_Emphasis"><text:span text:style-name="T2">www.acervodigitalcristao.com.br</text:span></text:span></text:a><text:span text:style-name="Strong_20_Emphasis"><text:span text:style-name="T8"><text:line-break/><text:line-break/></text:span></text:span><text:span text:style-name="Strong_20_Emphasis"><text:span text:style-name="T3">Literaturas em formato</text:span></text:span><text:span text:style-name="Strong_20_Emphasis"> </text:span><text:span text:style-name="Strong_20_Emphasis"><text:span text:style-name="T3">Impresso:<text:line-break/></text:span></text:span><text:a xlink:type="simple" xlink:href="http://www.verdadesvivas.com.br/" text:style-name="Internet_20_link" text:visited-style-name="Visited_20_Internet_20_Link"><text:span text:style-name="Strong_20_Emphasis"><text:span text:style-name="T2">www.verdadesvivas.com.br</text:span></text:span></text:a><text:span text:style-name="Strong_20_Emphasis"><text:span text:style-name="T8"><text:line-break/><text:line-break/></text:span></text:span><text:span text:style-name="Strong_20_Emphasis"><text:span text:style-name="T3">Evangelho em 03 Minutos:</text:span></text:span><text:span text:style-name="Strong_20_Emphasis"> </text:span><text:span text:style-name="Strong_20_Emphasis"><text:span text:style-name="T2"><text:line-break/></text:span></text:span><text:a xlink:type="simple" xlink:href="http://www.3minutos.net/" text:style-name="Internet_20_link" text:visited-style-name="Visited_20_Internet_20_Link"><text:span text:style-name="Strong_20_Emphasis"><text:span text:style-name="T2">www.3minutos.net</text:span></text:span></text:a><text:span text:style-name="Strong_20_Emphasis"><text:span text:style-name="T8"><text:line-break/><text:line-break/></text:span></text:span><text:span text:style-name="Strong_20_Emphasis"><text:span text:style-name="T3">O que respondi:<text:line-break/></text:span></text:span><text:a xlink:type="simple" xlink:href="http://www.respondi.com.br/" text:style-name="Internet_20_link" text:visited-style-name="Visited_20_Internet_20_Link"><text:span text:style-name="Strong_20_Emphasis"><text:span text:style-name="T2">www.respondi.com.br</text:span></text:span></text:a></text:p><text:section text:style-name="Sect1" text:name="Sumário1"><text:p text:style-name="Text_20_body"><text:soft-page-break/></text:p></text:section><text:h text:style-name="P1" text:outline-level="2"/><text:h text:style-name="P3" text:outline-level="2"><text:bookmark text:name="__RefHeading___Toc2100_1522826305"/><text:soft-page-break/>#983</text:h><text:p text:style-name="P5"/><text:p text:style-name="P6">A humildade diante dos homens é, com freqüência, a melhor prova de restauração diante de Deus.</text:p><text:p text:style-name="P5"/><text:h text:style-name="P1" text:outline-level="2"><text:bookmark text:name="__RefHeading___Toc2102_1522826305"/><text:a xlink:type="simple" xlink:href="http://mysword.info/b?r=Ezr_1" text:style-name="Internet_20_link" text:visited-style-name="Visited_20_Internet_20_Link"><text:span text:style-name="T1">ESDRAS 1</text:span></text:a></text:h><text:p text:style-name="P5"/><text:p text:style-name="P6">Cinco livros, embora nem todos estejam juntos na ordem dos Livros da Bíblia, nos falam de uma única época. Todos eles apontam para a época logo antes do Senhor Jesus vir ao mundo. Esdras, Neemias, Ageu, Zacarias e Malaquias. Estes cinco livros falam da época da volta de um pequeno grupo que tinha seu coração para o Senhor, e desejavam deixar a vida próspera de Babilônia. O reino de Judá (apenas 2 tribos) tinha sido levado para o cativeiro na Babilônia logo antes do ano 500 AC, ficando lá 70 anos. </text:p><text:p text:style-name="P5"/><text:p text:style-name="P5"><text:a xlink:type="simple" xlink:href="http://mysword.info/b?r=Ezr_1" text:style-name="Internet_20_link" text:visited-style-name="Visited_20_Internet_20_Link"><text:span text:style-name="T1">Capítulos 1</text:span></text:a><text:span text:style-name="T1">-6 Estes capítulos falam da história do que aconteceu cerca de 70 anos antes. (ed não tinha nascido naquela época).</text:span></text:p><text:p text:style-name="P5"/><text:p text:style-name="P6">Voltemos aos motivos que levaram Israel ser levado para o cativeiro. Foi por terem abandonado o Senhor. Assim o Senhor convocou a cabeça dos primeiros e maiores impérios do mundo... Babilônia, para que levasse Judá para fora de sua terra. Aqui eles já tinham passado 70 anos em Babilônia.</text:p><text:p text:style-name="P5"/><text:p text:style-name="P5"><text:a xlink:type="simple" xlink:href="http://mysword.info/b?r=Ezr_1:1-4" text:style-name="Internet_20_link" text:visited-style-name="Visited_20_Internet_20_Link"><text:span text:style-name="T1">Ed 1:1-4</text:span></text:a><text:span text:style-name="T1"> Ciro era cabeça do segundo império mundial, a Pérsia (hoje Irã). Ele oferece a possibilidade dos cativos de Israel voltarem a Jerusalém. Ele pagaria suas despesas. (Que Deus de misericórdia, amor e poder nós temos!)</text:span></text:p><text:p text:style-name="P5"/><text:p text:style-name="P5"><text:a xlink:type="simple" xlink:href="http://mysword.info/b?r=Ezr_1:5-11" text:style-name="Internet_20_link" text:visited-style-name="Visited_20_Internet_20_Link"><text:span text:style-name="T1">Ed 1:5-11</text:span></text:a><text:span text:style-name="T1"> O Rei Ciro fez algo maravilhoso. Disse aos cativos que levassem de volta a Jerusalém todos os vasos da casa do Senhor que o outro rei de Babilônia havia roubado 70 anos antes.</text:span></text:p><text:p text:style-name="P5"/><text:h text:style-name="P2" text:outline-level="2"><text:bookmark text:name="__RefHeading___Toc2104_1522826305"/>#984</text:h><text:p text:style-name="P5"/><text:p text:style-name="P6">O segredo do progresso verdadeiro é uma ligação pessoal a Ele.</text:p><text:p text:style-name="P5"/><text:h text:style-name="P1" text:outline-level="2"><text:bookmark text:name="__RefHeading___Toc2106_1522826305"/><text:a xlink:type="simple" xlink:href="http://mysword.info/b?r=Ezr_2:1-57" text:style-name="Internet_20_link" text:visited-style-name="Visited_20_Internet_20_Link"><text:span text:style-name="T1">ESDRAS 2, Vers. 1-57</text:span></text:a></text:h><text:p text:style-name="P5"/><text:p text:style-name="P5"><text:a xlink:type="simple" xlink:href="http://mysword.info/b?r=Ezr_2:1-2" text:style-name="Internet_20_link" text:visited-style-name="Visited_20_Internet_20_Link"><text:span text:style-name="T1">Ed 2:1-2</text:span></text:a><text:span text:style-name="T1"> Os nomes verdadeiros de alguns daqueles que queriam voltar para o centro de Deus... Jerusalém. Embora tudo estivesse em ruínas ali, eles ainda assim desejavam ir. Muitos nunca haviam estado lá!</text:span></text:p><text:p text:style-name="P5"/><text:p text:style-name="P5"><text:a xlink:type="simple" xlink:href="http://mysword.info/b?r=Ezr_2:2" text:style-name="Internet_20_link" text:visited-style-name="Visited_20_Internet_20_Link"><text:span text:style-name="T1">Ed 2:2</text:span></text:a><text:span text:style-name="T1"> Zorobabel era o líder. Abra em Mateus </text:span><text:a xlink:type="simple" xlink:href="http://mysword.info/b?r=Mat_1:1-16" text:style-name="Internet_20_link" text:visited-style-name="Visited_20_Internet_20_Link"><text:span text:style-name="T1">1:1-16</text:span></text:a><text:span text:style-name="T1"> (a linhagem real que vai de Abraão, passando pelo Rei Davi, até Cristo - </text:span><text:a xlink:type="simple" xlink:href="http://mysword.info/b?r=Ezr_2:16" text:style-name="Internet_20_link" text:visited-style-name="Visited_20_Internet_20_Link"><text:span text:style-name="T1">vers. 16</text:span></text:a><text:span text:style-name="T1"> - Repare o </text:span><text:a xlink:type="simple" xlink:href="http://mysword.info/b?r=Ezr_2:12" text:style-name="Internet_20_link" text:visited-style-name="Visited_20_Internet_20_Link"><text:span text:style-name="T1">versículo 12</text:span></text:a><text:span text:style-name="T1">). Será que Deus controla as coisas? Esse mesmo homem, Zorobabel, é daquela linhagem real - na verdade da linhagem do Rei de Israel. Assim como Jesus era - (</text:span><text:a xlink:type="simple" xlink:href="http://mysword.info/b?r=Mat_2:1-2" text:style-name="Internet_20_link" text:visited-style-name="Visited_20_Internet_20_Link"><text:span text:style-name="T1">Mt 2:1-2</text:span></text:a><text:span text:style-name="T1"> e </text:span><text:a xlink:type="simple" xlink:href="http://mysword.info/b?r=Mat_27:37" text:style-name="Internet_20_link" text:visited-style-name="Visited_20_Internet_20_Link"><text:span text:style-name="T1">27:37</text:span></text:a><text:span text:style-name="T1">).</text:span></text:p><text:p text:style-name="P5"/><text:p text:style-name="P5"><text:a xlink:type="simple" xlink:href="http://mysword.info/b?r=Ezr_2:2-58" text:style-name="Internet_20_link" text:visited-style-name="Visited_20_Internet_20_Link"><text:span text:style-name="T1">Ed 2:2-58</text:span></text:a><text:span text:style-name="T1"> Embora possamos achar difícil até pronunciar estes nomes, o Senhor quer tão bem essas pessoas que nos diz quem elas eram! Repare que eles são separados por famílias (gaste um minuto para ler Êxodo </text:span><text:a xlink:type="simple" xlink:href="http://mysword.info/b?r=Exo_1:1" text:style-name="Internet_20_link" text:visited-style-name="Visited_20_Internet_20_Link"><text:span text:style-name="T1">1:1</text:span></text:a><text:span text:style-name="T1">). Quão felizes somos quando nossos filhos seguem o Senhor. Podemos contar com isso quando nós mesmos O seguimos.</text:span></text:p><text:p text:style-name="P5"/><text:h text:style-name="P2" text:outline-level="2"><text:bookmark text:name="__RefHeading___Toc2108_1522826305"/>#985</text:h><text:p text:style-name="P5"/><text:p text:style-name="P6">Sempre que existir uma real necessidade no deserto, é pecado duvidar que Deus queira nos ajudar. Tentar o Senhor é duvidar do suprimento de bondade que Ele possui, dando tudo o que precisamos.</text:p><text:p text:style-name="P5"/><text:h text:style-name="P1" text:outline-level="2"><text:bookmark text:name="__RefHeading___Toc2110_1522826305"/><text:a xlink:type="simple" xlink:href="http://mysword.info/b?r=Ezr_2:58-70" text:style-name="Internet_20_link" text:visited-style-name="Visited_20_Internet_20_Link"><text:span text:style-name="T1">ESDRAS 2, Vers. 58-70</text:span></text:a></text:h><text:p text:style-name="P5"/><text:p text:style-name="P5"><text:a xlink:type="simple" xlink:href="http://mysword.info/b?r=Ezr_2:61-63" text:style-name="Internet_20_link" text:visited-style-name="Visited_20_Internet_20_Link"><text:span text:style-name="T1">Ed 2:61-63</text:span></text:a><text:span text:style-name="T1"> Uma triste e importante lição. Alguns foram &quot;excluídos do sacerdócio&quot; porque não podia provar a que famílias pertenciam. Isso não fazia diferença enquanto estavam no cativeiro, mas ao retornarem para ocupar novamente o lugar onde o Senhor havia colocado o Seu nome, havia muito cuidado quanto a quem deveria atuar como sacerdote e quem não deveria. Quando se trata de uma questão de adoração a Deus, vemos como é extremamente necessário que isto seja feito de acordo com a ordem de Deus, e não conforme aquilo que os homens pensam. (É por isso que existem tantas denominações hoje). João </text:span><text:a xlink:type="simple" xlink:href="http://mysword.info/b?r=Joh_4:23" text:style-name="Internet_20_link" text:visited-style-name="Visited_20_Internet_20_Link"><text:span text:style-name="T1">4:23</text:span></text:a></text:p><text:p text:style-name="P5"/><text:p text:style-name="P5"><text:a xlink:type="simple" xlink:href="http://mysword.info/b?r=Ezr_2:68" text:style-name="Internet_20_link" text:visited-style-name="Visited_20_Internet_20_Link"><text:span text:style-name="T1">Ed 2:68</text:span></text:a><text:span text:style-name="T1"> Quando eles chegam à casa do Senhor que está em Jerusalém, vêem que ela foi destruída. Eles haviam voltado para reconstrui-la - todavia agem em uma maravilhosa fé, como se a casa estivesse inteira.</text:span></text:p><text:p text:style-name="P5"/><text:p text:style-name="P5"><text:a xlink:type="simple" xlink:href="http://mysword.info/b?r=Ezr_2:70" text:style-name="Internet_20_link" text:visited-style-name="Visited_20_Internet_20_Link"><text:span text:style-name="T1">Ed 2:70</text:span></text:a><text:span text:style-name="T1"> Lemos de sete grupos. Aqueles que retornaram eram vistos como ocupando o lugar da nação de &quot;todo o Israel&quot;, embora fossem menos de 50.000 (leia Romanos </text:span><text:a xlink:type="simple" xlink:href="http://mysword.info/b?r=Rom_11:26" text:style-name="Internet_20_link" text:visited-style-name="Visited_20_Internet_20_Link"><text:span text:style-name="T1">11:26</text:span></text:a><text:span text:style-name="T1">).</text:span></text:p><text:p text:style-name="P5"/><text:h text:style-name="P2" text:outline-level="2"><text:bookmark text:name="__RefHeading___Toc2112_1522826305"/>#986</text:h><text:p text:style-name="P5"/><text:p text:style-name="P6">Onde há o temor do Senhor, aí haverá o entendimento da Sua Palavra e vontade. Mas a Palavra de Deus não será simples se não houver sujeição a ela.</text:p><text:p text:style-name="P5"/><text:h text:style-name="P1" text:outline-level="2"><text:bookmark text:name="__RefHeading___Toc2114_1522826305"/><text:a xlink:type="simple" xlink:href="http://mysword.info/b?r=Ezr_3" text:style-name="Internet_20_link" text:visited-style-name="Visited_20_Internet_20_Link"><text:span text:style-name="T1">ESDRAS 3</text:span></text:a></text:h><text:p text:style-name="P5"/><text:p text:style-name="P5"><text:a xlink:type="simple" xlink:href="http://mysword.info/b?r=Ezr_3:1" text:style-name="Internet_20_link" text:visited-style-name="Visited_20_Internet_20_Link"><text:span text:style-name="T1">Ed 3:1</text:span></text:a><text:span text:style-name="T1"> O próprio Senhor havia escolhido Jerusalém - Deuteronômio </text:span><text:a xlink:type="simple" xlink:href="http://mysword.info/b?r=Deu_12:5" text:style-name="Internet_20_link" text:visited-style-name="Visited_20_Internet_20_Link"><text:span text:style-name="T1">12:5</text:span></text:a><text:span text:style-name="T1">. E em resposta ao Seu chamado, eles estavam todos reunidos ali. Repare... &quot;como um só homem&quot;. Todos eles tinham um único objetivo... estar onde o Senhor queria que estivessem. Isso sempre produz unidade.</text:span></text:p><text:p text:style-name="P5"/><text:p text:style-name="P5"><text:a xlink:type="simple" xlink:href="http://mysword.info/b?r=Ezr_3:2-3" text:style-name="Internet_20_link" text:visited-style-name="Visited_20_Internet_20_Link"><text:span text:style-name="T1">Ed 3:2-3</text:span></text:a><text:span text:style-name="T1"> Eles estavam cercados de inimigos, e os temiam. A primeira coisa que fizeram foi levantar o altar e oferecer ofertas queimadas. Eles deram imediatamente ao Senhor o Seu devido lugar, e confiaram nEle para cuidar deles.</text:span></text:p><text:p text:style-name="P5"/><text:p text:style-name="P5"><text:a xlink:type="simple" xlink:href="http://mysword.info/b?r=Ezr_3:4" text:style-name="Internet_20_link" text:visited-style-name="Visited_20_Internet_20_Link"><text:span text:style-name="T1">Ed 3:4</text:span></text:a><text:span text:style-name="T1"> Sacrificando e guardando a festa dos Tabernáculos com alegria! Louvor a Deus no </text:span><text:a xlink:type="simple" xlink:href="http://mysword.info/b?r=Ezr_3:3" text:style-name="Internet_20_link" text:visited-style-name="Visited_20_Internet_20_Link"><text:span text:style-name="T1">versículo 3</text:span></text:a><text:span text:style-name="T1">, alegria em seus corações - </text:span><text:a xlink:type="simple" xlink:href="http://mysword.info/b?r=Ezr_3:4" text:style-name="Internet_20_link" text:visited-style-name="Visited_20_Internet_20_Link"><text:span text:style-name="T1">vers. 4</text:span></text:a><text:span text:style-name="T1">.</text:span></text:p><text:p text:style-name="P5"/><text:p text:style-name="P5"><text:a xlink:type="simple" xlink:href="http://mysword.info/b?r=Ezr_3:8-13" text:style-name="Internet_20_link" text:visited-style-name="Visited_20_Internet_20_Link"><text:span text:style-name="T1">Ed 3:8-13</text:span></text:a><text:span text:style-name="T1"> Uma importante lição. Quando os fundamentos dessa nova casa do Senhor foram lançados, houve grande alegria e gratidão. Mas havia alguns velhos Judeus que se lembravam da glória do templo de Salomão; esses choraram quando viram esse novo alicerce, tão pobre e pequeno, nada parecido aos &quot;velhos tempos&quot;. Abra em Ageu </text:span><text:a xlink:type="simple" xlink:href="http://mysword.info/b?r=Hag_2" text:style-name="Internet_20_link" text:visited-style-name="Visited_20_Internet_20_Link"><text:span text:style-name="T1">capítulo 2</text:span></text:a><text:span text:style-name="T1">, e veja que Deus ouviu seu choro e enviou uma maravilhosa mensagem. Leia os versículos </text:span><text:a xlink:type="simple" xlink:href="http://mysword.info/b?r=Hag_2:3-5" text:style-name="Internet_20_link" text:visited-style-name="Visited_20_Internet_20_Link"><text:span text:style-name="T1">3-5</text:span></text:a><text:span text:style-name="T1">.</text:span></text:p><text:p text:style-name="P5"/><text:h text:style-name="P2" text:outline-level="2"><text:bookmark text:name="__RefHeading___Toc2116_1522826305"/>#987</text:h><text:p text:style-name="P5"/><text:p text:style-name="P6">A comunhão com os santos é preciosa, mas devo ter intimidade de comunhão com Deus acima de tudo, e comunhão com os santos fluirá da comunhão com Deus.</text:p><text:p text:style-name="P5"/><text:h text:style-name="P1" text:outline-level="2"><text:bookmark text:name="__RefHeading___Toc2118_1522826305"/><text:a xlink:type="simple" xlink:href="http://mysword.info/b?r=Ezr_4" text:style-name="Internet_20_link" text:visited-style-name="Visited_20_Internet_20_Link"><text:span text:style-name="T1">ESDRAS 4</text:span></text:a></text:h><text:p text:style-name="P5"/><text:p text:style-name="P5"><text:a xlink:type="simple" xlink:href="http://mysword.info/b?r=Ezr_4:2" text:style-name="Internet_20_link" text:visited-style-name="Visited_20_Internet_20_Link"><text:span text:style-name="T1">Ed 4:2</text:span></text:a><text:span text:style-name="T1"> Estes inimigos se aproximam dos fiéis Judeus com engano.</text:span></text:p><text:p text:style-name="P5"/><text:p text:style-name="P5"><text:a xlink:type="simple" xlink:href="http://mysword.info/b?r=Ezr_4:3" text:style-name="Internet_20_link" text:visited-style-name="Visited_20_Internet_20_Link"><text:span text:style-name="T1">Ed 4:3</text:span></text:a><text:span text:style-name="T1"> Uma boa resposta.</text:span></text:p><text:p text:style-name="P5"/><text:p text:style-name="P5"><text:a xlink:type="simple" xlink:href="http://mysword.info/b?r=Ezr_4:4-6" text:style-name="Internet_20_link" text:visited-style-name="Visited_20_Internet_20_Link"><text:span text:style-name="T1">Ed 4:4-6</text:span></text:a><text:span text:style-name="T1"> Mas o inimigo tenta outro método.</text:span></text:p><text:p text:style-name="P5"/><text:p text:style-name="P5"><text:a xlink:type="simple" xlink:href="http://mysword.info/b?r=Ezr_4:7-16" text:style-name="Internet_20_link" text:visited-style-name="Visited_20_Internet_20_Link"><text:span text:style-name="T1">Ed 4:7-16</text:span></text:a><text:span text:style-name="T1"> Uma carta escrita ao rei Artaxerxes (onde os Judeus tinham permanecido durante 70 anos), levando reclamações contra estes Judeus.</text:span></text:p><text:p text:style-name="P5"/><text:p text:style-name="P5"><text:a xlink:type="simple" xlink:href="http://mysword.info/b?r=Ezr_4:17-24" text:style-name="Internet_20_link" text:visited-style-name="Visited_20_Internet_20_Link"><text:span text:style-name="T1">Ed 4:17-24</text:span></text:a><text:span text:style-name="T1"> Uma resposta retorna vinda do rei e é ordenado que o trabalho seja interrompido. Que estranho isso, pois era realmente uma obra do Senhor, e todavia o inimigo consegue pará-la. Mas, se abrirmos o livro de Ageu, descobriremos que havia uma razão espiritual para isso. O Capítulo 1, vers. </text:span><text:a xlink:type="simple" xlink:href="http://mysword.info/b?r=Hag_1:2,4,9" text:style-name="Internet_20_link" text:visited-style-name="Visited_20_Internet_20_Link"><text:span text:style-name="T1">2, 4 e 9</text:span></text:a><text:span text:style-name="T1"> conta uma triste história. Assim que colocaram os fundamentos da casa, eles começaram a negligenciar seu trabalho, e passaram a construir suas próprias casas. (Se formos infiéis, o Senhor pode permitir que o inimigo nos ataque).</text:span></text:p><text:p text:style-name="P5"/><text:h text:style-name="P2" text:outline-level="2"><text:bookmark text:name="__RefHeading___Toc2120_1522826305"/>#988</text:h><text:p text:style-name="P5"/><text:p text:style-name="P6">A comunhão com Deus sempre dá confiança em Seu poder.</text:p><text:p text:style-name="P5"/><text:h text:style-name="P1" text:outline-level="2"><text:bookmark text:name="__RefHeading___Toc2122_1522826305"/><text:a xlink:type="simple" xlink:href="http://mysword.info/b?r=Ezr_5" text:style-name="Internet_20_link" text:visited-style-name="Visited_20_Internet_20_Link"><text:span text:style-name="T1">ESDRAS 5</text:span></text:a></text:h><text:p text:style-name="P5"/><text:p text:style-name="P6">Deus envia uma mensagem àqueles Judeus por meio dos dois profetas. (Iremos ler seus livros em breve).</text:p><text:p text:style-name="P5"/><text:p text:style-name="P5"><text:a xlink:type="simple" xlink:href="http://mysword.info/b?r=Ezr_5:2" text:style-name="Internet_20_link" text:visited-style-name="Visited_20_Internet_20_Link"><text:span text:style-name="T1">Ed 5:2</text:span></text:a><text:span text:style-name="T1"> Depois de ouvirem a mensagem de Deus, eles voltam a construir a cada do Senhor com grande energia.</text:span></text:p><text:p text:style-name="P5"/><text:p text:style-name="P5"><text:a xlink:type="simple" xlink:href="http://mysword.info/b?r=Ezr_5:3,7" text:style-name="Internet_20_link" text:visited-style-name="Visited_20_Internet_20_Link"><text:span text:style-name="T1">Ed 5:3,7</text:span></text:a><text:span text:style-name="T1"> O inimigo continua ativo.</text:span></text:p><text:p text:style-name="P5"/><text:p text:style-name="P5"><text:a xlink:type="simple" xlink:href="http://mysword.info/b?r=Ezr_5:5" text:style-name="Internet_20_link" text:visited-style-name="Visited_20_Internet_20_Link"><text:span text:style-name="T1">Ed 5:5</text:span></text:a><text:span text:style-name="T1"> Eles haviam escutado a Palavra de Deus (no </text:span><text:a xlink:type="simple" xlink:href="http://mysword.info/b?r=Ezr_5:1" text:style-name="Internet_20_link" text:visited-style-name="Visited_20_Internet_20_Link"><text:span text:style-name="T1">vers. 1</text:span></text:a><text:span text:style-name="T1">) e agora Deus vigiava por Eles! De que mais precisavam? Nem nós!</text:span></text:p><text:p text:style-name="P5"/><text:p text:style-name="P5"><text:a xlink:type="simple" xlink:href="http://mysword.info/b?r=Ezr_5:6-17" text:style-name="Internet_20_link" text:visited-style-name="Visited_20_Internet_20_Link"><text:span text:style-name="T1">Ed 5:6-17</text:span></text:a><text:span text:style-name="T1"> Outra carta é enviada ao rei. Desta vez é para o rei Dario, pois ele havia sucedido Artaxerxes. Esta carta dá um relato completo do que está acontecendo em Jerusalém. Eles apresentaram uma descrição verdadeira, e cheia de fé, do que estavam fazendo, e do por quê estavam fazendo.</text:span></text:p><text:p text:style-name="P5"/><text:p text:style-name="P5"><text:a xlink:type="simple" xlink:href="http://mysword.info/b?r=Ezr_5:11" text:style-name="Internet_20_link" text:visited-style-name="Visited_20_Internet_20_Link"><text:span text:style-name="T1">Ed 5:11</text:span></text:a><text:span text:style-name="T1"> O que os Judeus disseram aos que queriam que o trabalho fosse interrompido...</text:span></text:p><text:p text:style-name="P5"/><text:p text:style-name="P5"><text:a xlink:type="simple" xlink:href="http://mysword.info/b?r=Ezr_5:12" text:style-name="Internet_20_link" text:visited-style-name="Visited_20_Internet_20_Link"><text:span text:style-name="T1">Ed 5:12</text:span></text:a><text:span text:style-name="T1"> Não foi pelo poder do inimigo que o templo de Salomão havia sido destruído, mas pelo próprio pecado deles.</text:span></text:p><text:p text:style-name="P5"/><text:p text:style-name="P5"><text:a xlink:type="simple" xlink:href="http://mysword.info/b?r=Ezr_5:17" text:style-name="Internet_20_link" text:visited-style-name="Visited_20_Internet_20_Link"><text:span text:style-name="T1">Ed 5:17</text:span></text:a><text:span text:style-name="T1"> É feita uma busca em Babilônia para verificar se os Judeus realmente tinham autoridade do rei Ciro para continuar com o trabalho da casa do Senhor.</text:span></text:p><text:p text:style-name="P5"/><text:h text:style-name="P2" text:outline-level="2"><text:bookmark text:name="__RefHeading___Toc2124_1522826305"/>#989</text:h><text:p text:style-name="P5"/><text:p text:style-name="P6">A conversão de pecadores -- a edificação dos crentes -- são coisas muito preciosas. Mas não são estes os objetivos da alma. O objetivo deve ser agradar a Deus.</text:p><text:p text:style-name="P5"/><text:h text:style-name="P1" text:outline-level="2"><text:bookmark text:name="__RefHeading___Toc2126_1522826305"/><text:a xlink:type="simple" xlink:href="http://mysword.info/b?r=Ezr_6" text:style-name="Internet_20_link" text:visited-style-name="Visited_20_Internet_20_Link"><text:span text:style-name="T1">ESDRAS 6</text:span></text:a></text:h><text:p text:style-name="P5"/><text:p text:style-name="P5"><text:a xlink:type="simple" xlink:href="http://mysword.info/b?r=Ezr_6:1-12" text:style-name="Internet_20_link" text:visited-style-name="Visited_20_Internet_20_Link"><text:span text:style-name="T1">Ed 6:1-12</text:span></text:a><text:span text:style-name="T1"> A maravilhosa resposta do rei da Medo-Pérsia. Eles não só estavam livres para continuar a trabalhar, mas o Senhor toca o coração de Dario! Ele responde aos inimigos da obra do Senhor desta maneira.</text:span></text:p><text:p text:style-name="P5"/><text:p text:style-name="P5"><text:a xlink:type="simple" xlink:href="http://mysword.info/b?r=Ezr_6:7" text:style-name="Internet_20_link" text:visited-style-name="Visited_20_Internet_20_Link"><text:span text:style-name="T1">Ed 6:7</text:span></text:a><text:span text:style-name="T1"> &quot;Deixem a obra do Senhor em paz!&quot;</text:span></text:p><text:p text:style-name="P5"/><text:p text:style-name="P5"><text:a xlink:type="simple" xlink:href="http://mysword.info/b?r=Ezr_6:8" text:style-name="Internet_20_link" text:visited-style-name="Visited_20_Internet_20_Link"><text:span text:style-name="T1">Ed 6:8</text:span></text:a><text:span text:style-name="T1"> A despesa (dinheiro) dada a esses homens.</text:span></text:p><text:p text:style-name="P5"/><text:p text:style-name="P5"><text:a xlink:type="simple" xlink:href="http://mysword.info/b?r=Ezr_6:9" text:style-name="Internet_20_link" text:visited-style-name="Visited_20_Internet_20_Link"><text:span text:style-name="T1">Ed 6:9</text:span></text:a><text:span text:style-name="T1"> Esses judeus agora tinham mais liberdade para ajudar do que antes! (Quando somos descuidados em nossa vida e frios em nosso coração, Satanás nos engana, e perdemos nosso poder e discernimento).</text:span></text:p><text:p text:style-name="P5"/><text:p text:style-name="P5"><text:a xlink:type="simple" xlink:href="http://mysword.info/b?r=Ezr_6:15" text:style-name="Internet_20_link" text:visited-style-name="Visited_20_Internet_20_Link"><text:span text:style-name="T1">Ed 6:15</text:span></text:a><text:span text:style-name="T1"> E a casa foi terminada...</text:span></text:p><text:p text:style-name="P5"/><text:p text:style-name="P5"><text:a xlink:type="simple" xlink:href="http://mysword.info/b?r=Ezr_6:16" text:style-name="Internet_20_link" text:visited-style-name="Visited_20_Internet_20_Link"><text:span text:style-name="T1">Ed 6:16</text:span></text:a><text:span text:style-name="T1"> Compare o sacrifício da dedicação dessa casa, com a dedicação do templo de Salomão em 1 Reis </text:span><text:a xlink:type="simple" xlink:href="http://mysword.info/b?r=1Ki_8:10,11" text:style-name="Internet_20_link" text:visited-style-name="Visited_20_Internet_20_Link"><text:span text:style-name="T1">8, vers. 10-11</text:span></text:a><text:span text:style-name="T1">, quando a glória do Senhor encheu o templo de Salomão. Mas já não havia tais sinais aqui nos dias de Esdras.</text:span></text:p><text:p text:style-name="P5"/><text:p text:style-name="P5"><text:a xlink:type="simple" xlink:href="http://mysword.info/b?r=Ezr_6:21-22" text:style-name="Internet_20_link" text:visited-style-name="Visited_20_Internet_20_Link"><text:span text:style-name="T1">Ed 6:21-22</text:span></text:a><text:span text:style-name="T1"> Conte sete coisas que algumas pessoas fizeram ou que aconteceram a elas.</text:span></text:p><text:p text:style-name="P5"/><text:p text:style-name="P5"><text:a xlink:type="simple" xlink:href="http://mysword.info/b?r=Ezr_6:22" text:style-name="Internet_20_link" text:visited-style-name="Visited_20_Internet_20_Link"><text:span text:style-name="T1">Ed 6:22</text:span></text:a><text:span text:style-name="T1"> Com a ajuda de Deus a casa do Senhor foi reconstruída. A Páscoa e a festa dos pães ázimos foram celebradas com ALEGRIA, porque &quot;o Senhor os tinha alegrado&quot;. Estes capítulos completam a história do primeiro retorno dos Judeus cativos da Babilônia para Jerusalém.</text:span></text:p><text:p text:style-name="P5"/><text:h text:style-name="P2" text:outline-level="2"><text:bookmark text:name="__RefHeading___Toc2128_1522826305"/>#990</text:h><text:p text:style-name="P5"/><text:p text:style-name="P6">Só existem dois tipos de testemunho -- os lábios e a vida. E os lábios deveriam ser tão somente a expressão daquilo que foi primeiro produzido na vida.</text:p><text:p text:style-name="P5"/><text:h text:style-name="P1" text:outline-level="2"><text:bookmark text:name="__RefHeading___Toc2130_1522826305"/><text:a xlink:type="simple" xlink:href="http://mysword.info/b?r=Ezr_7:1-10" text:style-name="Internet_20_link" text:visited-style-name="Visited_20_Internet_20_Link"><text:span text:style-name="T1">ESDRAS 7, Vers. 1-10</text:span></text:a></text:h><text:p text:style-name="P5"/><text:p text:style-name="P5"><text:span text:style-name="T1">Cerca de oitenta anos se passaram entre os </text:span><text:a xlink:type="simple" xlink:href="http://mysword.info/b?r=Ezr_6" text:style-name="Internet_20_link" text:visited-style-name="Visited_20_Internet_20_Link"><text:span text:style-name="T1">capítulos 6</text:span></text:a><text:span text:style-name="T1"> e 7. Aqui no final do livro, Esdras aparece pela primeira vez e fala pessoalmente de guiar o segundo grupo para fora de Babilônia.</text:span></text:p><text:p text:style-name="P5"><text:soft-page-break/></text:p><text:p text:style-name="P5"><text:a xlink:type="simple" xlink:href="http://mysword.info/b?r=Ezr_7:1-5" text:style-name="Internet_20_link" text:visited-style-name="Visited_20_Internet_20_Link"><text:span text:style-name="T1">Ed 7:1-5</text:span></text:a><text:span text:style-name="T1"> Esdras era descendente de Aarão, portanto era um sacerdote de nascença.</text:span></text:p><text:p text:style-name="P5"/><text:p text:style-name="P5"><text:a xlink:type="simple" xlink:href="http://mysword.info/b?r=Ezr_7:6" text:style-name="Internet_20_link" text:visited-style-name="Visited_20_Internet_20_Link"><text:span text:style-name="T1">Ed 7:6</text:span></text:a><text:span text:style-name="T1"> Esdras também lê cuidadosamente a lei de Moisés. Era esta a única maneira de ser de ajuda para os demais.</text:span></text:p><text:p text:style-name="P5"/><text:p text:style-name="P5"><text:a xlink:type="simple" xlink:href="http://mysword.info/b?r=Ezr_7:10" text:style-name="Internet_20_link" text:visited-style-name="Visited_20_Internet_20_Link"><text:span text:style-name="T1">Ed 7:10</text:span></text:a><text:span text:style-name="T1"> Repare três coisas neste versículo. Isso também é bom para nós.</text:span></text:p><text:p text:style-name="P5"/><text:h text:style-name="P2" text:outline-level="2"><text:bookmark text:name="__RefHeading___Toc2132_1522826305"/>#991</text:h><text:p text:style-name="P5"/><text:p text:style-name="P6">Não há crescimento sem desafio, e não pode haver desafio sem mudança.</text:p><text:p text:style-name="P5"/><text:h text:style-name="P1" text:outline-level="2"><text:bookmark text:name="__RefHeading___Toc2134_1522826305"/><text:a xlink:type="simple" xlink:href="http://mysword.info/b?r=Ezr_7:11-28" text:style-name="Internet_20_link" text:visited-style-name="Visited_20_Internet_20_Link"><text:span text:style-name="T1">ESDRAS 7, Vers 11-28</text:span></text:a></text:h><text:p text:style-name="P5"/><text:p text:style-name="P5"><text:a xlink:type="simple" xlink:href="http://mysword.info/b?r=Ezr_7:11-26" text:style-name="Internet_20_link" text:visited-style-name="Visited_20_Internet_20_Link"><text:span text:style-name="T1">Ed 7:11-26</text:span></text:a><text:span text:style-name="T1"> Esta carta o rei deu a Esdras quando ele saiu de Babilônia para Jerusalém. Repare no </text:span><text:a xlink:type="simple" xlink:href="http://mysword.info/b?r=Ezr_7:13" text:style-name="Internet_20_link" text:visited-style-name="Visited_20_Internet_20_Link"><text:span text:style-name="T1">versículo 13</text:span></text:a><text:span text:style-name="T1">... &quot;que quiser ir contigo a Jerusalém, vá.&quot; Cada um estava livre para ir ou ficar. Ficar provavelmente significasse prosperidade, enquanto ir significaria dificuldade, mas era agradável ao Senhor.</text:span></text:p><text:p text:style-name="P5"/><text:p text:style-name="P5"><text:a xlink:type="simple" xlink:href="http://mysword.info/b?r=Ezr_7:25" text:style-name="Internet_20_link" text:visited-style-name="Visited_20_Internet_20_Link"><text:span text:style-name="T1">Ed 7:25</text:span></text:a><text:span text:style-name="T1"> Repare no que o rei disse que Esdras tinha em mãos.</text:span></text:p><text:p text:style-name="P5"/><text:p text:style-name="P5"><text:a xlink:type="simple" xlink:href="http://mysword.info/b?r=Ezr_7:27-28" text:style-name="Internet_20_link" text:visited-style-name="Visited_20_Internet_20_Link"><text:span text:style-name="T1">Ed 7:27-28</text:span></text:a><text:span text:style-name="T1"> Ele não assumiu para si o crédito, nem à sua influência para com o rei, mas agradeceu e louvou o Senhor por essa maravilhosa porta aberta. Repare quantas vezes a mão do Senhor está sobre Esdras.</text:span></text:p><text:p text:style-name="P5"/><text:h text:style-name="P2" text:outline-level="2"><text:bookmark text:name="__RefHeading___Toc2136_1522826305"/>#992</text:h><text:p text:style-name="P5"/><text:p text:style-name="P5"><text:span text:style-name="T1">As provas pelas quais você está passando estão lhe ensinando como ajudar alguém. 2 Coríntios </text:span><text:a xlink:type="simple" xlink:href="http://mysword.info/b?r=2Co_1:4" text:style-name="Internet_20_link" text:visited-style-name="Visited_20_Internet_20_Link"><text:span text:style-name="T1">1:4</text:span></text:a></text:p><text:p text:style-name="P5"/><text:h text:style-name="P1" text:outline-level="2"><text:bookmark text:name="__RefHeading___Toc2138_1522826305"/><text:a xlink:type="simple" xlink:href="http://mysword.info/b?r=Ezr_8" text:style-name="Internet_20_link" text:visited-style-name="Visited_20_Internet_20_Link"><text:span text:style-name="T1">ESDRAS 8</text:span></text:a></text:h><text:p text:style-name="P5"/><text:p text:style-name="P5"><text:a xlink:type="simple" xlink:href="http://mysword.info/b?r=Ezr_8:1-14" text:style-name="Internet_20_link" text:visited-style-name="Visited_20_Internet_20_Link"><text:span text:style-name="T1">Ed 8:1-14</text:span></text:a><text:span text:style-name="T1"> Esses homens não sabiam que seus nomes seriam incluídos na Sagrada Palavra de Deus, só por terem desejado ir a Jerusalém! Deus viu sua devoção, e hoje Ele continua a reparar no amor daqueles que desejam estar onde Sua Palavra os guiará. Que jornada cheia de significado, da Babilônia a Jerusalém. A Babilônia é uma figura, para nós, da corrupção da idolatria e do mundanismo, e Jerusalém é uma figura do privilégio de estar onde Ele colocou o Seu nome.</text:span></text:p><text:p text:style-name="P5"/><text:p text:style-name="P5"><text:a xlink:type="simple" xlink:href="http://mysword.info/b?r=Ezr_8:15-22" text:style-name="Internet_20_link" text:visited-style-name="Visited_20_Internet_20_Link"><text:span text:style-name="T1">Ed 8:15-22</text:span></text:a><text:span text:style-name="T1"> Nenhum dos filhos de Levi foram encontrados entre aqueles homens de boa vontade. Aparentemente eles se sentiam em casa estando em Babilônia e decidiram ficar ali.</text:span></text:p><text:p text:style-name="P5"/><text:p text:style-name="P5"><text:a xlink:type="simple" xlink:href="http://mysword.info/b?r=Ezr_8:18-20" text:style-name="Internet_20_link" text:visited-style-name="Visited_20_Internet_20_Link"><text:span text:style-name="T1">Ed 8:18-20</text:span></text:a><text:span text:style-name="T1"> Havia alguns que finalmente foram tocados para ir, e &quot;foram todos mencionados por seus nomes&quot;.</text:span></text:p><text:p text:style-name="P5"/><text:p text:style-name="P5"><text:a xlink:type="simple" xlink:href="http://mysword.info/b?r=Ezr_8:21" text:style-name="Internet_20_link" text:visited-style-name="Visited_20_Internet_20_Link"><text:span text:style-name="T1">Ed 8:21</text:span></text:a><text:span text:style-name="T1"> Uma jornada longa e perigosa estava diante deles, por isso Esdras proclama um jejum. Ele queria um caminho seguro do Senhor, &quot;para nós, para nossos filhos e para todos os nossos bens.&quot; Ele levava aquilo a sério! Se nós, que somos pais, desejamos que nossos filhos andem no caminho correto, devemos nós andar nele.</text:span></text:p><text:p text:style-name="P5"/><text:p text:style-name="P5"><text:a xlink:type="simple" xlink:href="http://mysword.info/b?r=Ezr_8:24-34" text:style-name="Internet_20_link" text:visited-style-name="Visited_20_Internet_20_Link"><text:span text:style-name="T1">Ed 8:24-34</text:span></text:a><text:span text:style-name="T1"> Esses homens têm uma enorme responsabilidade. No início da jornada eles recebem alguns tesouros. Lhes é ordenado, &quot;vigiai, pois, e guardai-os...&quot; </text:span><text:a xlink:type="simple" xlink:href="http://mysword.info/b?r=Ezr_8:29" text:style-name="Internet_20_link" text:visited-style-name="Visited_20_Internet_20_Link"><text:span text:style-name="T1">Vers. 29</text:span></text:a><text:span text:style-name="T1">. Muitos tesouros maravilhosos de verdade nos foram dados na Palavra de Deus. Que tesouro é saber que somos pedras vivas na igreja de Deus - que somos membros do corpo de Cristo - que fazemos parte da noiva de Cristo - que nosso Senhor virá logo para nos levar ao Lar. Escute Ele dizer, &quot;vigiai, pois, e guardai-os!&quot;</text:span></text:p><text:p text:style-name="P5"/><text:p text:style-name="P5"><text:a xlink:type="simple" xlink:href="http://mysword.info/b?r=Ezr_8:34" text:style-name="Internet_20_link" text:visited-style-name="Visited_20_Internet_20_Link"><text:span text:style-name="T1">Ed 8:34</text:span></text:a><text:span text:style-name="T1"> Quando eles chegaram ao final da jornada, tinham um relato escrito do que lhes foi dado quando começaram. A verdade de Deus nos foi dada para ser guardada e obedecida. Teremos que dar conta a Deus de como nós obedecemos esta ordem.</text:span></text:p><text:p text:style-name="P5"/><text:h text:style-name="P2" text:outline-level="2"><text:bookmark text:name="__RefHeading___Toc2140_1522826305"/>#993</text:h><text:p text:style-name="P5"/><text:p text:style-name="P6">Todo ato de desobediência de um Cristão demonstra uma falta de apreço pelo que Deus é, e pelo que Cristo fez.</text:p><text:p text:style-name="P5"/><text:h text:style-name="P1" text:outline-level="2"><text:bookmark text:name="__RefHeading___Toc2142_1522826305"/><text:a xlink:type="simple" xlink:href="http://mysword.info/b?r=Ezr_9" text:style-name="Internet_20_link" text:visited-style-name="Visited_20_Internet_20_Link"><text:span text:style-name="T1">ESDRAS 9</text:span></text:a></text:h><text:p text:style-name="P5"/><text:p text:style-name="P5"><text:a xlink:type="simple" xlink:href="http://mysword.info/b?r=Ezr_9:1" text:style-name="Internet_20_link" text:visited-style-name="Visited_20_Internet_20_Link"><text:span text:style-name="T1">Ed 9:1</text:span></text:a><text:span text:style-name="T1"> Esdras fica surpreso e muito transtornado ao descobrir que muitos, até mesmo os sacerdotes e príncipes, haviam se casado com esposas estrangeiras.</text:span></text:p><text:p text:style-name="P5"/><text:p text:style-name="P5"><text:a xlink:type="simple" xlink:href="http://mysword.info/b?r=Ezr_9:2" text:style-name="Internet_20_link" text:visited-style-name="Visited_20_Internet_20_Link"><text:span text:style-name="T1">Ed 9:2</text:span></text:a><text:span text:style-name="T1"> Um aviso. A &quot;linhagem santa&quot; refere-se aos Israelitas. Eles estavam se misturando e se casando com Gentios. Isso era proibido por Deus. E para aqueles dentre nós que realmente pertencem ao Senhor Jesus hoje, trata-se de algo sério e errado tomar um mesmo jugo ou ter amizade com aqueles que não conhecem o Senhor Jesus como Salvador. (</text:span><text:a xlink:type="simple" xlink:href="http://mysword.info/b?r=2Co_6:14" text:style-name="Internet_20_link" text:visited-style-name="Visited_20_Internet_20_Link"><text:span text:style-name="T1">2 Co 6:14</text:span></text:a><text:span text:style-name="T1">, </text:span><text:a xlink:type="simple" xlink:href="http://mysword.info/b?r=Jas_4:4" text:style-name="Internet_20_link" text:visited-style-name="Visited_20_Internet_20_Link"><text:span text:style-name="T1">Tg 4:4</text:span></text:a><text:span text:style-name="T1">).</text:span></text:p><text:p text:style-name="P5"/><text:p text:style-name="P5"><text:a xlink:type="simple" xlink:href="http://mysword.info/b?r=Ezr_9:3" text:style-name="Internet_20_link" text:visited-style-name="Visited_20_Internet_20_Link"><text:span text:style-name="T1">Ed 9:3</text:span></text:a><text:span text:style-name="T1"> A grande dor de Esdras aconteceu quando ele recebeu notícias da desobediência do povo de Deus.</text:span></text:p><text:p text:style-name="P5"/><text:p text:style-name="P5"><text:a xlink:type="simple" xlink:href="http://mysword.info/b?r=Ezr_9:4" text:style-name="Internet_20_link" text:visited-style-name="Visited_20_Internet_20_Link"><text:span text:style-name="T1">Ed 9:4</text:span></text:a><text:span text:style-name="T1"> A dor e humilhação pessoal de Esdras, tocou o coração daqueles que tiveram temor das palavras do Deus de Israel. Nós também devemos temer diante de Palavra de Deus. Na verdade havia aqui dois grupos, os culpados e os inocentes. Repare qual foi o grupo que temeu a Palavra de Deus. Será que esse temor dará algum resultado? Espere para ver.</text:span></text:p><text:p text:style-name="P5"/><text:p text:style-name="P5"><text:a xlink:type="simple" xlink:href="http://mysword.info/b?r=Ezr_9:6-8" text:style-name="Internet_20_link" text:visited-style-name="Visited_20_Internet_20_Link"><text:span text:style-name="T1">Ed 9:6-8</text:span></text:a><text:span text:style-name="T1"> Primeiro - Esdras coloca-se entre os culpados, ao dizer, &quot;estou envergonhado... nossas iniqüidades... nossa culpa&quot;. Em seguida, ele justificou a Deus por tudo o que havia acontecido a eles no passado, &quot;por causa das nossas iniqüidades somos entregues na mão dos reis das terras...&quot; e, então, ele fala da graça que o Senhor lhes havia demonstrado. (Confessemos hoje o quanto temos falhado, e nunca culpemos Deus por nossas dificuldades. Ele é gracioso e fiel).</text:span></text:p><text:p text:style-name="P5"/><text:h text:style-name="P2" text:outline-level="2"><text:bookmark text:name="__RefHeading___Toc2144_1522826305"/>#994</text:h><text:p text:style-name="P5"/><text:p text:style-name="P6">Nosso Senhor não exige um bom desempenho, apenas uma vida de bons frutos.</text:p><text:p text:style-name="P5"/><text:h text:style-name="P1" text:outline-level="2"><text:bookmark text:name="__RefHeading___Toc2146_1522826305"/><text:a xlink:type="simple" xlink:href="http://mysword.info/b?r=Ezr_10" text:style-name="Internet_20_link" text:visited-style-name="Visited_20_Internet_20_Link"><text:span text:style-name="T1">ESDRAS 10</text:span></text:a></text:h><text:p text:style-name="P5"/><text:p text:style-name="P5"><text:a xlink:type="simple" xlink:href="http://mysword.info/b?r=Ezr_10:1" text:style-name="Internet_20_link" text:visited-style-name="Visited_20_Internet_20_Link"><text:span text:style-name="T1">Ed 10:1</text:span></text:a><text:span text:style-name="T1"> Que resultado magnífico da confissão e pranto de um homem. As notícias se espalham e logo há uma grande congregação reunida e chorando diante da casa de Deus (</text:span><text:a xlink:type="simple" xlink:href="http://mysword.info/b?r=Ecc_7:2" text:style-name="Internet_20_link" text:visited-style-name="Visited_20_Internet_20_Link"><text:span text:style-name="T1">Ec 7:2</text:span></text:a><text:span text:style-name="T1">).</text:span></text:p><text:p text:style-name="P5"/><text:p text:style-name="P5"><text:a xlink:type="simple" xlink:href="http://mysword.info/b?r=Ezr_10:2-5" text:style-name="Internet_20_link" text:visited-style-name="Visited_20_Internet_20_Link"><text:span text:style-name="T1">Ed 10:2-5</text:span></text:a><text:span text:style-name="T1"> Um homem sugere um remédio muito forte e difícil. Uma completa confissão de sua culpa, e o desejo de se separarem daquilo que estava desagradando ao Senhor.</text:span></text:p><text:p text:style-name="P5"/><text:p text:style-name="P5"><text:a xlink:type="simple" xlink:href="http://mysword.info/b?r=Ezr_10:3" text:style-name="Internet_20_link" text:visited-style-name="Visited_20_Internet_20_Link"><text:span text:style-name="T1">Ed 10:3</text:span></text:a><text:span text:style-name="T1"> As esposas e filhos eram para ser mandados embora. Isso estava de acordo com a lei que os considerava impuros. Em </text:span><text:a xlink:type="simple" xlink:href="http://mysword.info/b?r=1Co_7:14" text:style-name="Internet_20_link" text:visited-style-name="Visited_20_Internet_20_Link"><text:span text:style-name="T1">1 Co 7, vers. 14</text:span></text:a><text:span text:style-name="T1"> você vê o contraste entre a lei e a graça de. Em </text:span><text:a xlink:type="simple" xlink:href="http://mysword.info/b?r=1Co_7/" text:style-name="Internet_20_link" text:visited-style-name="Visited_20_Internet_20_Link"><text:span text:style-name="T1">1 Co 7</text:span></text:a><text:span text:style-name="T1">, nem a esposa, nem os filhos precisam ser mandados embora se o marido se tornar crente. Continua sendo errado e uma desobediência se casar com um incrédulo. Um crente pode rogar a Deus que o(a) companheiro(a) e os filhos sejam salvos.</text:span></text:p><text:p text:style-name="P5"/><text:p text:style-name="P5"><text:a xlink:type="simple" xlink:href="http://mysword.info/b?r=Ezr_10:9-10" text:style-name="Internet_20_link" text:visited-style-name="Visited_20_Internet_20_Link"><text:span text:style-name="T1">Ed 10:9-10</text:span></text:a><text:span text:style-name="T1"> Esdras primeiro explica qual foi o pecado deles, e então insiste para que confessem e, finalmente, lhes comunica a responsabilidade que têm de se separarem. Confessar é uma coisa, mas deve haver um afastamento do próprio pecado. Não teriam &quot;mulheres estranhas&quot; se tivessem mantido uma separação adequada do povo da terra.</text:span></text:p><text:p text:style-name="P5"/><text:p text:style-name="P5"><text:a xlink:type="simple" xlink:href="http://mysword.info/b?r=Ezr_10:18" text:style-name="Internet_20_link" text:visited-style-name="Visited_20_Internet_20_Link"><text:span text:style-name="T1">Ed 10:18</text:span></text:a><text:span text:style-name="T1"> A lista real dos que eram culpados, e começa com os sacerdotes! Eles eram muito mais responsáveis por causa de sua posição e influência.</text:span></text:p><text:p text:style-name="P5"/></text:section></office:text></office:body></office:document-content>