<?xml version="1.0" encoding="UTF-8"?>
<office:document-content xmlns:office="urn:oasis:names:tc:opendocument:xmlns:office:1.0" xmlns:style="urn:oasis:names:tc:opendocument:xmlns:style:1.0" xmlns:text="urn:oasis:names:tc:opendocument:xmlns:text:1.0" xmlns:table="urn:oasis:names:tc:opendocument:xmlns:table:1.0" xmlns:draw="urn:oasis:names:tc:opendocument:xmlns:drawing:1.0" xmlns:fo="urn:oasis:names:tc:opendocument:xmlns:xsl-fo-compatible:1.0" xmlns:xlink="http://www.w3.org/1999/xlink" xmlns:dc="http://purl.org/dc/elements/1.1/" xmlns:meta="urn:oasis:names:tc:opendocument:xmlns:meta:1.0" xmlns:number="urn:oasis:names:tc:opendocument:xmlns:datastyle:1.0" xmlns:svg="urn:oasis:names:tc:opendocument:xmlns:svg-compatible:1.0" xmlns:chart="urn:oasis:names:tc:opendocument:xmlns:chart:1.0" xmlns:dr3d="urn:oasis:names:tc:opendocument:xmlns:dr3d:1.0" xmlns:math="http://www.w3.org/1998/Math/MathML" xmlns:form="urn:oasis:names:tc:opendocument:xmlns:form:1.0" xmlns:script="urn:oasis:names:tc:opendocument:xmlns:script:1.0" xmlns:ooo="http://openoffice.org/2004/office" xmlns:ooow="http://openoffice.org/2004/writer" xmlns:oooc="http://openoffice.org/2004/calc" xmlns:dom="http://www.w3.org/2001/xml-events" xmlns:xforms="http://www.w3.org/2002/xforms" xmlns:xsd="http://www.w3.org/2001/XMLSchema" xmlns:xsi="http://www.w3.org/2001/XMLSchema-instance" xmlns:rpt="http://openoffice.org/2005/report" xmlns:of="urn:oasis:names:tc:opendocument:xmlns:of:1.2" xmlns:xhtml="http://www.w3.org/1999/xhtml" xmlns:grddl="http://www.w3.org/2003/g/data-view#" xmlns:officeooo="http://openoffice.org/2009/office" xmlns:tableooo="http://openoffice.org/2009/table" xmlns:drawooo="http://openoffice.org/2010/draw" xmlns:calcext="urn:org:documentfoundation:names:experimental:calc:xmlns:calcext:1.0" xmlns:loext="urn:org:documentfoundation:names:experimental:office:xmlns:loext:1.0" xmlns:field="urn:openoffice:names:experimental:ooo-ms-interop:xmlns:field:1.0" xmlns:formx="urn:openoffice:names:experimental:ooxml-odf-interop:xmlns:form:1.0" xmlns:css3t="http://www.w3.org/TR/css3-text/" office:version="1.2"><office:scripts/><office:font-face-decls><style:font-face style:name="FreeSans1" svg:font-family="FreeSans"/><style:font-face style:name="Liberation Sans" svg:font-family="&apos;Liberation Sans&apos;, sans-serif"/><style:font-face style:name="Noto Sans CJK SC Regular1" svg:font-family="&apos;Noto Sans CJK SC Regular&apos;"/><style:font-face style:name="FreeSans2" svg:font-family="FreeSans" style:font-family-generic="swiss"/><style:font-face style:name="Liberation Serif" svg:font-family="&apos;Liberation Serif&apos;" style:font-family-generic="roman" style:font-pitch="variable"/><style:font-face style:name="Thorndale" svg:font-family="Thorndale" style:font-family-generic="roman" style:font-pitch="variable"/><style:font-face style:name="Albany" svg:font-family="Albany" style:font-family-generic="swiss" style:font-pitch="variable"/><style:font-face style:name="FreeSans" svg:font-family="FreeSans" style:font-family-generic="system" style:font-pitch="variable"/><style:font-face style:name="Noto Sans CJK SC Regular" svg:font-family="&apos;Noto Sans CJK SC Regular&apos;" style:font-family-generic="system" style:font-pitch="variable"/></office:font-face-decls><office:automatic-styles><style:style style:name="P1" style:family="paragraph" style:parent-style-name="Heading_20_2"><style:paragraph-properties fo:line-height="150%"/></style:style><style:style style:name="P2" style:family="paragraph" style:parent-style-name="Heading_20_2"><style:paragraph-properties fo:line-height="150%"/><style:text-properties style:font-name="Liberation Sans" fo:font-size="12pt"/></style:style><style:style style:name="P3" style:family="paragraph" style:parent-style-name="Heading_20_2"><style:paragraph-properties fo:line-height="150%" fo:break-before="page"/><style:text-properties style:font-name="Liberation Sans" fo:font-size="12pt"/></style:style><style:style style:name="P4" style:family="paragraph" style:parent-style-name="Text_20_body" style:master-page-name="HTML"><style:paragraph-properties fo:margin-top="0cm" fo:margin-bottom="0cm" loext:contextual-spacing="false" fo:line-height="150%" fo:text-align="start" style:justify-single-word="false" style:page-number="auto"/></style:style><style:style style:name="P5" style:family="paragraph" style:parent-style-name="Text_20_body"><style:paragraph-properties fo:margin-top="0cm" fo:margin-bottom="0cm" loext:contextual-spacing="false" fo:line-height="150%" fo:text-align="justify" style:justify-single-word="false"/></style:style><style:style style:name="P6" style:family="paragraph" style:parent-style-name="Text_20_body"><style:paragraph-properties fo:margin-top="0cm" fo:margin-bottom="0cm" loext:contextual-spacing="false" fo:line-height="150%" fo:text-align="justify" style:justify-single-word="false"/><style:text-properties style:font-name="Liberation Sans" fo:font-size="12pt"/></style:style><style:style style:name="P7" style:family="paragraph" style:parent-style-name="Text_20_body"><style:paragraph-properties fo:margin-top="0cm" fo:margin-bottom="0cm" loext:contextual-spacing="false" fo:line-height="150%" fo:text-align="start" style:justify-single-word="false" fo:break-before="page"/></style:style><style:style style:name="T1" style:family="text"><style:text-properties style:font-name="Liberation Sans" fo:font-size="12pt"/></style:style><style:style style:name="T2" style:family="text"><style:text-properties style:font-name="Liberation Sans" fo:font-size="12pt" fo:font-weight="bold"/></style:style><style:style style:name="T3" style:family="text"><style:text-properties style:font-name="Liberation Sans" fo:font-size="12pt" fo:font-weight="normal"/></style:style><style:style style:name="T4" style:family="text"><style:text-properties fo:font-variant="normal" fo:text-transform="none"/></style:style><style:style style:name="T5" style:family="text"><style:text-properties fo:font-variant="normal" fo:text-transform="none" style:font-name="Liberation Sans" fo:font-size="12pt" fo:font-style="normal" fo:font-weight="normal"/></style:style><style:style style:name="T6" style:family="text"><style:text-properties fo:color="#000000"/></style:style><style:style style:name="T7" style:family="text"><style:text-properties fo:color="#000000" style:font-name="Liberation Sans" fo:font-size="12pt" fo:font-weight="normal"/></style:style><style:style style:name="T8" style:family="text"><style:text-properties fo:color="#000099" style:text-line-through-style="none" style:text-line-through-type="none" style:font-name="Liberation Sans" fo:font-size="12pt" style:text-underline-style="none" fo:font-weight="bold" style:text-blinking="false"/></style:style><style:style style:name="fr1" style:family="graphic" style:parent-style-name="Graphics"><style:graphic-properties style:wrap="right" style:number-wrapped-paragraphs="no-limit" style:wrap-contour="false" style:vertical-pos="top" style:vertical-rel="paragraph-content" style:horizontal-pos="left" style:horizontal-rel="paragraph" style:mirror="none" fo:clip="rect(0cm, 0cm, 0cm, 0cm)" draw:luminance="0%" draw:contrast="0%" draw:red="0%" draw:green="0%" draw:blue="0%" draw:gamma="100%" draw:color-inversion="false" draw:image-opacity="100%" draw:color-mode="standard"/></style:style><style:style style:name="Sect1" style:family="section"><style:section-properties style:writing-mode="lr-tb" style:editable="false"><style:columns fo:column-count="1" fo:column-gap="0cm"/></style:section-properties></style:style></office:automatic-styles><office:body><office:text text:use-soft-page-breaks="true"><text:sequence-decls><text:sequence-decl text:display-outline-level="0" text:name="Illustration"/><text:sequence-decl text:display-outline-level="0" text:name="Table"/><text:sequence-decl text:display-outline-level="0" text:name="Text"/><text:sequence-decl text:display-outline-level="0" text:name="Drawing"/></text:sequence-decls><text:section text:style-name="Sect1" text:name="texto"><text:p text:style-name="P4"><draw:frame draw:style-name="fr1" draw:name="Figura1" text:anchor-type="paragraph" svg:width="17.013cm" svg:height="24.897cm" draw:z-index="0"><draw:image xlink:href="Pictures/1000020100000A5D00000F2F164C47C3F487BC0B.png" xlink:type="simple" xlink:show="embed" xlink:actuate="onLoad"/></draw:frame><office:annotation><dc:date>2018-07-29T09:37:19.563906375</dc:date><text:p>HTML: &lt;meta name=&quot;created&quot; content=&quot;00:00:00&quot;&gt;</text:p></office:annotation><office:annotation><dc:date>2018-07-29T09:37:19.563922814</dc:date><text:p>HTML: &lt;meta name=&quot;changed&quot; content=&quot;2018-07-29T09:17:51.591587801&quot;&gt;</text:p></office:annotation><office:annotation><dc:date>2018-07-29T09:37:19.563933347</dc:date><text:p>HTML: &lt;meta name=&quot;created&quot; content=&quot;00:00:00&quot;&gt;</text:p></office:annotation><office:annotation><dc:date>2018-07-29T09:37:19.563944389</dc:date><text:p>HTML: &lt;meta name=&quot;changed&quot; content=&quot;2018-07-29T07:58:55.606815254&quot;&gt;</text:p></office:annotation><office:annotation><dc:date>2018-07-29T09:37:19.563954678</dc:date><text:p>HTML: &lt;meta name=&quot;created&quot; content=&quot;00:00:00&quot;&gt;</text:p></office:annotation><office:annotation><dc:date>2018-07-29T09:37:19.563966262</dc:date><text:p>HTML: &lt;meta name=&quot;changed&quot; content=&quot;2018-07-24T12:47:59.474042907&quot;&gt;</text:p></office:annotation><office:annotation><dc:date>2018-07-29T09:37:19.563976810</dc:date><text:p>HTML: &lt;meta name=&quot;created&quot; content=&quot;00:00:00&quot;&gt;</text:p></office:annotation><office:annotation><dc:date>2018-07-29T09:37:19.563987889</dc:date><text:p>HTML: &lt;meta name=&quot;changed&quot; content=&quot;2018-07-23T18:42:58.924611946&quot;&gt;</text:p></office:annotation><office:annotation><dc:date>2018-07-29T09:37:19.563998204</dc:date><text:p>HTML: &lt;meta name=&quot;created&quot; content=&quot;00:00:00&quot;&gt;</text:p></office:annotation><office:annotation><dc:date>2018-07-29T09:37:19.564009418</dc:date><text:p>HTML: &lt;meta name=&quot;changed&quot; content=&quot;2018-07-23T18:36:49.478980303&quot;&gt;</text:p></office:annotation></text:p><text:p text:style-name="P7"><text:span text:style-name="Strong_20_Emphasis"><text:span text:style-name="T5"><office:annotation><dc:date>2018-07-29T09:37:20.792222106</dc:date><text:p>HTML: &lt;meta name=&quot;created&quot; content=&quot;00:00:00&quot;&gt;</text:p></office:annotation></text:span></text:span><text:span text:style-name="Strong_20_Emphasis"><text:span text:style-name="T5"><office:annotation><dc:date>2018-07-29T09:37:20.792235535</dc:date><text:p>HTML: &lt;meta name=&quot;changed&quot; content=&quot;2018-07-23T17:36:59.083240202&quot;&gt;</text:p></office:annotation></text:span></text:span><text:span text:style-name="Strong_20_Emphasis"><text:span text:style-name="T5"><office:annotation><dc:date>2018-07-29T09:37:20.792245659</dc:date><text:p>HTML: &lt;meta name=&quot;created&quot; content=&quot;00:00:00&quot;&gt;</text:p></office:annotation></text:span></text:span><text:span text:style-name="Strong_20_Emphasis"><text:span text:style-name="T5"><office:annotation><dc:date>2018-07-29T09:37:20.792256325</dc:date><text:p>HTML: &lt;meta name=&quot;changed&quot; content=&quot;2018-07-01T22:53:24.130417856&quot;&gt;</text:p></office:annotation></text:span></text:span><text:span text:style-name="Strong_20_Emphasis"><text:span text:style-name="T5"><office:annotation><dc:date>2018-07-29T09:37:20.792265799</dc:date><text:p>HTML: &lt;meta name=&quot;created&quot; content=&quot;00:00:00&quot;&gt;</text:p></office:annotation></text:span></text:span><text:span text:style-name="Strong_20_Emphasis"><text:span text:style-name="T5"><office:annotation><dc:date>2018-07-29T09:37:20.792275965</dc:date><text:p>HTML: &lt;meta name=&quot;changed&quot; content=&quot;2018-07-01T22:13:16.001692095&quot;&gt;</text:p></office:annotation></text:span></text:span><text:span text:style-name="Strong_20_Emphasis"><text:span text:style-name="T5"><office:annotation><dc:date>2018-07-29T09:37:20.792285042</dc:date><text:p>HTML: &lt;meta name=&quot;created&quot; content=&quot;00:00:00&quot;&gt;</text:p></office:annotation></text:span></text:span><text:span text:style-name="Strong_20_Emphasis"><text:span text:style-name="T5"><office:annotation><dc:date>2018-07-29T09:37:20.792293697</dc:date><text:p>HTML: &lt;meta name=&quot;changed&quot; content=&quot;00:00:00&quot;&gt;</text:p></office:annotation></text:span></text:span><text:span text:style-name="Strong_20_Emphasis"><text:span text:style-name="T5"><office:annotation><dc:date>2018-07-29T09:37:20.792302227</dc:date><text:p>HTML: &lt;meta name=&quot;created&quot; content=&quot;00:00:00&quot;&gt;</text:p></office:annotation></text:span></text:span><text:span text:style-name="Strong_20_Emphasis"><text:span text:style-name="T5"><office:annotation><dc:date>2018-07-29T09:37:20.792311929</dc:date><text:p>HTML: &lt;meta name=&quot;changed&quot; content=&quot;2018-06-29T22:40:27.905434121&quot;&gt;</text:p></office:annotation></text:span></text:span><text:span text:style-name="Strong_20_Emphasis"><text:span text:style-name="T5"><office:annotation><dc:date>2018-07-29T09:37:20.792320909</dc:date><text:p>HTML: &lt;meta name=&quot;created&quot; content=&quot;00:00:00&quot;&gt;</text:p></office:annotation></text:span></text:span><text:span text:style-name="Strong_20_Emphasis"><text:span text:style-name="T5"><office:annotation><dc:date>2018-07-29T09:37:20.792330936</dc:date><text:p>HTML: &lt;meta name=&quot;changed&quot; content=&quot;2018-06-29T22:19:54.818236607&quot;&gt;</text:p></office:annotation></text:span></text:span><text:span text:style-name="Strong_20_Emphasis"><text:span text:style-name="T5"><office:annotation><dc:date>2018-07-29T09:37:20.792339769</dc:date><text:p>HTML: &lt;meta name=&quot;created&quot; content=&quot;00:00:00&quot;&gt;</text:p></office:annotation></text:span></text:span><text:span text:style-name="Strong_20_Emphasis"><text:span text:style-name="T5"><office:annotation><dc:date>2018-07-29T09:37:20.792349790</dc:date><text:p>HTML: &lt;meta name=&quot;changed&quot; content=&quot;2018-06-29T16:48:09.289221502&quot;&gt;</text:p></office:annotation></text:span></text:span><text:span text:style-name="Strong_20_Emphasis"><text:span text:style-name="T5"><office:annotation><dc:date>2018-07-29T09:37:20.792358935</dc:date><text:p>HTML: &lt;meta name=&quot;created&quot; content=&quot;00:00:00&quot;&gt;</text:p></office:annotation></text:span></text:span><text:span text:style-name="Strong_20_Emphasis"><text:span text:style-name="T5"><office:annotation><dc:date>2018-07-29T09:37:20.792368324</dc:date><text:p>HTML: &lt;meta name=&quot;changed&quot; content=&quot;2018-06-28T13:04:28.492733451&quot;&gt;</text:p></office:annotation></text:span></text:span><text:span text:style-name="Strong_20_Emphasis"><text:span text:style-name="T5"><office:annotation><dc:date>2018-07-29T09:37:20.792376925</dc:date><text:p>HTML: &lt;meta name=&quot;created&quot; content=&quot;00:00:00&quot;&gt;</text:p></office:annotation></text:span></text:span><text:span text:style-name="Strong_20_Emphasis"><text:span text:style-name="T5"><office:annotation><dc:date>2018-07-29T09:37:20.792386508</dc:date><text:p>HTML: &lt;meta name=&quot;changed&quot; content=&quot;2018-06-26T16:14:44.639882738&quot;&gt;</text:p></office:annotation></text:span></text:span><text:span text:style-name="Strong_20_Emphasis"><text:span text:style-name="T5"><office:annotation><dc:date>2018-07-29T09:37:20.792395113</dc:date><text:p>HTML: &lt;meta name=&quot;created&quot; content=&quot;00:00:00&quot;&gt;</text:p></office:annotation></text:span></text:span><text:span text:style-name="Strong_20_Emphasis"><text:span text:style-name="T5"><office:annotation><dc:date>2018-07-29T09:37:20.792404487</dc:date><text:p>HTML: &lt;meta name=&quot;changed&quot; content=&quot;2018-06-26T00:07:28.897913089&quot;&gt;</text:p></office:annotation></text:span></text:span><text:span text:style-name="Strong_20_Emphasis"><text:span text:style-name="T5"><office:annotation><dc:date>2018-07-29T09:37:20.792413251</dc:date><text:p>HTML: &lt;meta name=&quot;created&quot; content=&quot;00:00:00&quot;&gt;</text:p></office:annotation></text:span></text:span><text:span text:style-name="Strong_20_Emphasis"><text:span text:style-name="T5"><office:annotation><dc:date>2018-07-29T09:37:20.792422890</dc:date><text:p>HTML: &lt;meta name=&quot;changed&quot; content=&quot;2018-06-25T20:14:42.039332923&quot;&gt;</text:p></office:annotation></text:span></text:span><text:span text:style-name="Strong_20_Emphasis"><text:span text:style-name="T5"><office:annotation><dc:date>2018-07-29T09:37:20.792431475</dc:date><text:p>HTML: &lt;meta name=&quot;created&quot; content=&quot;00:00:00&quot;&gt;</text:p></office:annotation></text:span></text:span><text:span text:style-name="Strong_20_Emphasis"><text:span text:style-name="T5"><office:annotation><dc:date>2018-07-29T09:37:20.792440945</dc:date><text:p>HTML: &lt;meta name=&quot;changed&quot; content=&quot;2018-06-24T22:32:07.411315002&quot;&gt;</text:p></office:annotation></text:span></text:span><text:span text:style-name="Strong_20_Emphasis"><text:span text:style-name="T5"><office:annotation><dc:date>2018-07-29T09:37:20.792449668</dc:date><text:p>HTML: &lt;meta name=&quot;created&quot; content=&quot;00:00:00&quot;&gt;</text:p></office:annotation></text:span></text:span><text:span text:style-name="Strong_20_Emphasis"><text:span text:style-name="T5"><office:annotation><dc:date>2018-07-29T09:37:20.792459037</dc:date><text:p>HTML: &lt;meta name=&quot;changed&quot; content=&quot;2018-06-24T15:42:01.493043692&quot;&gt;</text:p></office:annotation></text:span></text:span><text:span text:style-name="Strong_20_Emphasis"><text:span text:style-name="T5"><office:annotation><dc:date>2018-07-29T09:37:20.792467587</dc:date><text:p>HTML: &lt;meta name=&quot;created&quot; content=&quot;00:00:00&quot;&gt;</text:p></office:annotation></text:span></text:span><text:span text:style-name="Strong_20_Emphasis"><text:span text:style-name="T5"><office:annotation><dc:date>2018-07-29T09:37:20.792477089</dc:date><text:p>HTML: &lt;meta name=&quot;changed&quot; content=&quot;2018-06-24T09:30:05.416727667&quot;&gt;</text:p></office:annotation></text:span></text:span><text:span text:style-name="Strong_20_Emphasis"><text:span text:style-name="T5"><office:annotation><dc:date>2018-07-29T09:37:20.792485463</dc:date><text:p>HTML: &lt;meta name=&quot;created&quot; content=&quot;00:00:00&quot;&gt;</text:p></office:annotation></text:span></text:span><text:span text:style-name="Strong_20_Emphasis"><text:span text:style-name="T5"><office:annotation><dc:date>2018-07-29T09:37:20.792495145</dc:date><text:p>HTML: &lt;meta name=&quot;changed&quot; content=&quot;2018-06-23T16:36:03.100363804&quot;&gt;</text:p></office:annotation></text:span></text:span><text:span text:style-name="Strong_20_Emphasis"><text:span text:style-name="T5"><office:annotation><dc:date>2018-07-29T09:37:20.792503858</dc:date><text:p>HTML: &lt;meta name=&quot;created&quot; content=&quot;00:00:00&quot;&gt;</text:p></office:annotation></text:span></text:span><text:span text:style-name="Strong_20_Emphasis"><text:span text:style-name="T5"><office:annotation><dc:date>2018-07-29T09:37:20.792513246</dc:date><text:p>HTML: &lt;meta name=&quot;changed&quot; content=&quot;2018-06-23T11:36:03.222001170&quot;&gt;</text:p></office:annotation></text:span></text:span><text:span text:style-name="Strong_20_Emphasis"><text:span text:style-name="T5"><office:annotation><dc:date>2018-07-29T09:37:20.792521801</dc:date><text:p>HTML: &lt;meta name=&quot;created&quot; content=&quot;00:00:00&quot;&gt;</text:p></office:annotation></text:span></text:span><text:span text:style-name="Strong_20_Emphasis"><text:span text:style-name="T5"><office:annotation><dc:date>2018-07-29T09:37:20.792531175</dc:date><text:p>HTML: &lt;meta name=&quot;changed&quot; content=&quot;2018-06-21T23:23:09.057807835&quot;&gt;</text:p></office:annotation></text:span></text:span><text:span text:style-name="Strong_20_Emphasis"><text:span text:style-name="T5"><office:annotation><dc:date>2018-07-29T09:37:20.792539623</dc:date><text:p>HTML: &lt;meta name=&quot;created&quot; content=&quot;00:00:00&quot;&gt;</text:p></office:annotation></text:span></text:span><text:span text:style-name="Strong_20_Emphasis"><text:span text:style-name="T5"><office:annotation><dc:date>2018-07-29T09:37:20.792548932</dc:date><text:p>HTML: &lt;meta name=&quot;changed&quot; content=&quot;2018-06-21T17:55:17.865393136&quot;&gt;</text:p></office:annotation></text:span></text:span><text:span text:style-name="Strong_20_Emphasis"><text:span text:style-name="T5"><office:annotation><dc:date>2018-07-29T09:37:20.792557625</dc:date><text:p>HTML: &lt;meta name=&quot;created&quot; content=&quot;00:00:00&quot;&gt;</text:p></office:annotation></text:span></text:span><text:span text:style-name="Strong_20_Emphasis"><text:span text:style-name="T5"><office:annotation><dc:date>2018-07-29T09:37:20.792567152</dc:date><text:p>HTML: &lt;meta name=&quot;changed&quot; content=&quot;2018-06-21T12:21:22.763521742&quot;&gt;</text:p></office:annotation></text:span></text:span><text:span text:style-name="Strong_20_Emphasis"><text:span text:style-name="T5"><office:annotation><dc:date>2018-07-29T09:37:20.792575852</dc:date><text:p>HTML: &lt;meta name=&quot;created&quot; content=&quot;00:00:00&quot;&gt;</text:p></office:annotation></text:span></text:span><text:span text:style-name="Strong_20_Emphasis"><text:span text:style-name="T5"><office:annotation><dc:date>2018-07-29T09:37:20.792585378</dc:date><text:p>HTML: &lt;meta name=&quot;changed&quot; content=&quot;2018-06-20T18:34:19.830157535&quot;&gt;</text:p></office:annotation></text:span></text:span><text:span text:style-name="Strong_20_Emphasis"><text:span text:style-name="T5"><office:annotation><dc:date>2018-07-29T09:37:20.792612597</dc:date><text:p>HTML: &lt;meta name=&quot;created&quot; content=&quot;00:00:00&quot;&gt;</text:p></office:annotation></text:span></text:span><text:span text:style-name="Strong_20_Emphasis"><text:span text:style-name="T5"><office:annotation><dc:date>2018-07-29T09:37:20.792622918</dc:date><text:p>HTML: &lt;meta name=&quot;changed&quot; content=&quot;2018-06-19T12:54:18.844691454&quot;&gt;</text:p></office:annotation></text:span></text:span><text:span text:style-name="Strong_20_Emphasis"><text:span text:style-name="T5"><office:annotation><dc:date>2018-07-29T09:37:20.792631833</dc:date><text:p>HTML: &lt;meta name=&quot;created&quot; content=&quot;00:00:00&quot;&gt;</text:p></office:annotation></text:span></text:span><text:span text:style-name="Strong_20_Emphasis"><text:span text:style-name="T5"><office:annotation><dc:date>2018-07-29T09:37:20.792641266</dc:date><text:p>HTML: &lt;meta name=&quot;changed&quot; content=&quot;2018-06-18T23:20:12.738581285&quot;&gt;</text:p></office:annotation></text:span></text:span><text:span text:style-name="Strong_20_Emphasis"><text:span text:style-name="T5"><office:annotation><dc:date>2018-07-29T09:37:20.792650045</dc:date><text:p>HTML: &lt;meta name=&quot;created&quot; content=&quot;00:00:00&quot;&gt;</text:p></office:annotation></text:span></text:span><text:span text:style-name="Strong_20_Emphasis"><text:span text:style-name="T5"><office:annotation><dc:date>2018-07-29T09:37:20.792659663</dc:date><text:p>HTML: &lt;meta name=&quot;changed&quot; content=&quot;2018-06-18T20:39:37.890329984&quot;&gt;</text:p></office:annotation></text:span></text:span><text:span text:style-name="Strong_20_Emphasis"><text:span text:style-name="T5"><office:annotation><dc:date>2018-07-29T09:37:20.792668406</dc:date><text:p>HTML: &lt;meta name=&quot;created&quot; content=&quot;00:00:00&quot;&gt;</text:p></office:annotation></text:span></text:span><text:span text:style-name="Strong_20_Emphasis"><text:span text:style-name="T5"><office:annotation><dc:date>2018-07-29T09:37:20.792677987</dc:date><text:p>HTML: &lt;meta name=&quot;changed&quot; content=&quot;2018-06-18T12:45:23.879199387&quot;&gt;</text:p></office:annotation></text:span></text:span><text:span text:style-name="Strong_20_Emphasis"><text:span text:style-name="T5"><office:annotation><dc:date>2018-07-29T09:37:20.792686830</dc:date><text:p>HTML: &lt;meta name=&quot;created&quot; content=&quot;00:00:00&quot;&gt;</text:p></office:annotation></text:span></text:span><text:span text:style-name="Strong_20_Emphasis"><text:span text:style-name="T5"><office:annotation><dc:date>2018-07-29T09:37:20.792696380</dc:date><text:p>HTML: &lt;meta name=&quot;changed&quot; content=&quot;2018-06-17T20:02:02.143589569&quot;&gt;</text:p></office:annotation></text:span></text:span><text:span text:style-name="Strong_20_Emphasis"><text:span text:style-name="T5"><office:annotation><dc:date>2018-07-29T09:37:20.792705172</dc:date><text:p>HTML: &lt;meta name=&quot;created&quot; content=&quot;00:00:00&quot;&gt;</text:p></office:annotation></text:span></text:span><text:span text:style-name="Strong_20_Emphasis"><text:span text:style-name="T5"><office:annotation><dc:date>2018-07-29T09:37:20.792714556</dc:date><text:p>HTML: &lt;meta name=&quot;changed&quot; content=&quot;2018-06-17T19:45:54.789583280&quot;&gt;</text:p></office:annotation></text:span></text:span><text:span text:style-name="Strong_20_Emphasis"><text:span text:style-name="T5"><office:annotation><dc:date>2018-07-29T09:37:20.792723304</dc:date><text:p>HTML: &lt;meta name=&quot;created&quot; content=&quot;00:00:00&quot;&gt;</text:p></office:annotation></text:span></text:span><text:span text:style-name="Strong_20_Emphasis"><text:span text:style-name="T5"><office:annotation><dc:date>2018-07-29T09:37:20.792733025</dc:date><text:p>HTML: &lt;meta name=&quot;changed&quot; content=&quot;2018-06-16T15:19:53.989201345&quot;&gt;</text:p></office:annotation></text:span></text:span><text:span text:style-name="Strong_20_Emphasis"><text:span text:style-name="T5"><office:annotation><dc:date>2018-07-29T09:37:20.792741585</dc:date><text:p>HTML: &lt;meta name=&quot;created&quot; content=&quot;00:00:00&quot;&gt;</text:p></office:annotation></text:span></text:span><text:span text:style-name="Strong_20_Emphasis"><text:span text:style-name="T5"><office:annotation><dc:date>2018-07-29T09:37:20.792751091</dc:date><text:p>HTML: &lt;meta name=&quot;changed&quot; content=&quot;2018-06-16T13:50:44.432862129&quot;&gt;</text:p></office:annotation></text:span></text:span><text:span text:style-name="Strong_20_Emphasis"><text:span text:style-name="T5"><office:annotation><dc:date>2018-07-29T09:37:20.792759824</dc:date><text:p>HTML: &lt;meta name=&quot;created&quot; content=&quot;00:00:00&quot;&gt;</text:p></office:annotation></text:span></text:span><text:span text:style-name="Strong_20_Emphasis"><text:span text:style-name="T5"><office:annotation><dc:date>2018-07-29T09:37:20.792769573</dc:date><text:p>HTML: &lt;meta name=&quot;changed&quot; content=&quot;2018-06-16T10:49:58.030689160&quot;&gt;</text:p></office:annotation></text:span></text:span><text:span text:style-name="Strong_20_Emphasis"><text:span text:style-name="T5"><office:annotation><dc:date>2018-07-29T09:37:20.792778308</dc:date><text:p>HTML: &lt;meta name=&quot;created&quot; content=&quot;00:00:00&quot;&gt;</text:p></office:annotation></text:span></text:span><text:span text:style-name="Strong_20_Emphasis"><text:span text:style-name="T5"><office:annotation><dc:date>2018-07-29T09:37:20.792787770</dc:date><text:p>HTML: &lt;meta name=&quot;changed&quot; content=&quot;2018-06-15T13:05:31.693854059&quot;&gt;</text:p></office:annotation></text:span></text:span><text:span text:style-name="Strong_20_Emphasis"><text:span text:style-name="T5"><office:annotation><dc:date>2018-07-29T09:37:20.792797154</dc:date><text:p>HTML: &lt;meta name=&quot;changed&quot; content=&quot;2018-06-15T16:46:54.538249678&quot;&gt;</text:p></office:annotation></text:span></text:span><text:span text:style-name="Strong_20_Emphasis"><text:span text:style-name="T5"><office:annotation><dc:date>2018-07-29T09:37:20.792806007</dc:date><text:p>HTML: &lt;meta name=&quot;created&quot; content=&quot;00:00:00&quot;&gt;</text:p></office:annotation></text:span></text:span><text:span text:style-name="Strong_20_Emphasis"><text:span text:style-name="T5"><office:annotation><dc:date>2018-07-29T09:37:20.792815478</dc:date><text:p>HTML: &lt;meta name=&quot;changed&quot; content=&quot;2018-06-14T22:55:38.007259856&quot;&gt;</text:p></office:annotation></text:span></text:span><text:span text:style-name="Strong_20_Emphasis"><text:span text:style-name="T5"><office:annotation><dc:date>2018-07-29T09:37:20.792823900</dc:date><text:p>HTML: &lt;meta name=&quot;created&quot; content=&quot;00:00:00&quot;&gt;</text:p></office:annotation></text:span></text:span><text:span text:style-name="Strong_20_Emphasis"><text:span text:style-name="T5"><office:annotation><dc:date>2018-07-29T09:37:20.792833487</dc:date><text:p>HTML: &lt;meta name=&quot;changed&quot; content=&quot;2018-06-14T20:52:51.033526204&quot;&gt;</text:p></office:annotation></text:span></text:span><text:span text:style-name="Strong_20_Emphasis"><text:span text:style-name="T5"><office:annotation><dc:date>2018-07-29T09:37:20.792842149</dc:date><text:p>HTML: &lt;meta name=&quot;created&quot; content=&quot;00:00:00&quot;&gt;</text:p></office:annotation></text:span></text:span><text:span text:style-name="Strong_20_Emphasis"><text:span text:style-name="T5"><office:annotation><dc:date>2018-07-29T09:37:20.792851364</dc:date><text:p>HTML: &lt;meta name=&quot;changed&quot; content=&quot;2018-06-14T17:27:12.577284577&quot;&gt;</text:p></office:annotation></text:span></text:span><text:span text:style-name="Strong_20_Emphasis"><text:span text:style-name="T5"><office:annotation><dc:date>2018-07-29T09:37:20.792860368</dc:date><text:p>HTML: &lt;meta name=&quot;created&quot; content=&quot;00:00:00&quot;&gt;</text:p></office:annotation></text:span></text:span><text:span text:style-name="Strong_20_Emphasis"><text:span text:style-name="T5"><office:annotation><dc:date>2018-07-29T09:37:20.792869678</dc:date><text:p>HTML: &lt;meta name=&quot;changed&quot; content=&quot;2018-06-14T12:58:12.332824081&quot;&gt;</text:p></office:annotation></text:span></text:span><text:span text:style-name="Strong_20_Emphasis"><text:span text:style-name="T5"><office:annotation><dc:date>2018-07-29T09:37:20.792878528</dc:date><text:p>HTML: &lt;meta name=&quot;created&quot; content=&quot;00:00:00&quot;&gt;</text:p></office:annotation></text:span></text:span><text:span text:style-name="Strong_20_Emphasis"><text:span text:style-name="T5"><office:annotation><dc:date>2018-07-29T09:37:20.792888071</dc:date><text:p>HTML: &lt;meta name=&quot;changed&quot; content=&quot;2018-06-14T07:07:38.845049501&quot;&gt;</text:p></office:annotation></text:span></text:span><text:span text:style-name="Strong_20_Emphasis"><text:span text:style-name="T5"><office:annotation><dc:date>2018-07-29T09:37:20.792896729</dc:date><text:p>HTML: &lt;meta name=&quot;created&quot; content=&quot;00:00:00&quot;&gt;</text:p></office:annotation></text:span></text:span><text:span text:style-name="Strong_20_Emphasis"><text:span text:style-name="T5"><office:annotation><dc:date>2018-07-29T09:37:20.792906495</dc:date><text:p>HTML: &lt;meta name=&quot;changed&quot; content=&quot;2018-06-13T22:59:08.975991996&quot;&gt;</text:p></office:annotation></text:span></text:span><text:span text:style-name="Strong_20_Emphasis"><text:span text:style-name="T5"><office:annotation><dc:date>2018-07-29T09:37:20.792914882</dc:date><text:p>HTML: &lt;meta name=&quot;created&quot; content=&quot;00:00:00&quot;&gt;</text:p></office:annotation></text:span></text:span><text:span text:style-name="Strong_20_Emphasis"><text:span text:style-name="T5"><office:annotation><dc:date>2018-07-29T09:37:20.792924329</dc:date><text:p>HTML: &lt;meta name=&quot;changed&quot; content=&quot;2018-06-13T20:26:03.305702553&quot;&gt;</text:p></office:annotation></text:span></text:span><text:span text:style-name="Strong_20_Emphasis"><text:span text:style-name="T5"><office:annotation><dc:date>2018-07-29T09:37:20.792933090</dc:date><text:p>HTML: &lt;meta name=&quot;created&quot; content=&quot;00:00:00&quot;&gt;</text:p></office:annotation></text:span></text:span><text:span text:style-name="Strong_20_Emphasis"><text:span text:style-name="T5"><office:annotation><dc:date>2018-07-29T09:37:20.792942447</dc:date><text:p>HTML: &lt;meta name=&quot;changed&quot; content=&quot;2018-06-12T12:28:00.714637591&quot;&gt;</text:p></office:annotation></text:span></text:span><text:span text:style-name="Strong_20_Emphasis"><text:span text:style-name="T5"><office:annotation><dc:date>2018-07-29T09:37:20.792951077</dc:date><text:p>HTML: &lt;meta name=&quot;created&quot; content=&quot;00:00:00&quot;&gt;</text:p></office:annotation></text:span></text:span><text:span text:style-name="Strong_20_Emphasis"><text:span text:style-name="T5"><office:annotation><dc:date>2018-07-29T09:37:20.792960563</dc:date><text:p>HTML: &lt;meta name=&quot;changed&quot; content=&quot;2018-06-11T22:59:09.625284365&quot;&gt;</text:p></office:annotation></text:span></text:span><text:span text:style-name="Strong_20_Emphasis"><text:span text:style-name="T5"><office:annotation><dc:date>2018-07-29T09:37:20.792969978</dc:date><text:p>HTML: &lt;meta name=&quot;created&quot; content=&quot;2018-06-11T22:51:04.642681485&quot;&gt;</text:p></office:annotation></text:span></text:span><text:span text:style-name="Strong_20_Emphasis"><text:span text:style-name="T5"><office:annotation><dc:date>2018-07-29T09:37:20.792979431</dc:date><text:p>HTML: &lt;meta name=&quot;changed&quot; content=&quot;2018-06-11T22:52:11.240135258&quot;&gt;</text:p></office:annotation></text:span></text:span><text:span text:style-name="Strong_20_Emphasis"><text:span text:style-name="T5">Título: </text:span></text:span><text:span text:style-name="Strong_20_Emphasis"><text:span text:style-name="T5"><office:annotation><dc:date>2018-07-29T09:37:20.793046090</dc:date><text:p>HTML: &lt;meta name=&quot;created&quot; content=&quot;00:00:00&quot;&gt;</text:p></office:annotation></text:span></text:span><text:span text:style-name="Strong_20_Emphasis"><text:span text:style-name="T5"><office:annotation><dc:date>2018-07-29T09:37:20.793056504</dc:date><text:p>HTML: &lt;meta name=&quot;changed&quot; content=&quot;2018-06-14T22:55:38.007259856&quot;&gt;</text:p></office:annotation></text:span></text:span><text:span text:style-name="Strong_20_Emphasis"><text:span text:style-name="T5"><office:annotation><dc:date>2018-07-29T09:37:20.793065207</dc:date><text:p>HTML: &lt;meta name=&quot;created&quot; content=&quot;00:00:00&quot;&gt;</text:p></office:annotation></text:span></text:span><text:span text:style-name="Strong_20_Emphasis"><text:span text:style-name="T5"><office:annotation><dc:date>2018-07-29T09:37:20.793075001</dc:date><text:p>HTML: &lt;meta name=&quot;changed&quot; content=&quot;2018-06-14T20:52:51.033526204&quot;&gt;</text:p></office:annotation></text:span></text:span><text:span text:style-name="Strong_20_Emphasis"><text:span text:style-name="T5"><office:annotation><dc:date>2018-07-29T09:37:20.793083708</dc:date><text:p>HTML: &lt;meta name=&quot;created&quot; content=&quot;00:00:00&quot;&gt;</text:p></office:annotation></text:span></text:span><text:span text:style-name="Strong_20_Emphasis"><text:span text:style-name="T5"><office:annotation><dc:date>2018-07-29T09:37:20.793093182</dc:date><text:p>HTML: &lt;meta name=&quot;changed&quot; content=&quot;2018-06-14T17:27:12.577284577&quot;&gt;</text:p></office:annotation></text:span></text:span><text:span text:style-name="Strong_20_Emphasis"><text:span text:style-name="T5"><office:annotation><dc:date>2018-07-29T09:37:20.793102281</dc:date><text:p>HTML: &lt;meta name=&quot;created&quot; content=&quot;00:00:00&quot;&gt;</text:p></office:annotation></text:span></text:span><text:span text:style-name="Strong_20_Emphasis"><text:span text:style-name="T5"><office:annotation><dc:date>2018-07-29T09:37:20.793111684</dc:date><text:p>HTML: &lt;meta name=&quot;changed&quot; content=&quot;2018-06-14T12:58:12.332824081&quot;&gt;</text:p></office:annotation></text:span></text:span><text:span text:style-name="Strong_20_Emphasis"><text:span text:style-name="T5"><office:annotation><dc:date>2018-07-29T09:37:20.793120376</dc:date><text:p>HTML: &lt;meta name=&quot;created&quot; content=&quot;00:00:00&quot;&gt;</text:p></office:annotation></text:span></text:span><text:span text:style-name="Strong_20_Emphasis"><text:span text:style-name="T5"><office:annotation><dc:date>2018-07-29T09:37:20.793129523</dc:date><text:p>HTML: &lt;meta name=&quot;changed&quot; content=&quot;2018-06-14T07:07:38.845049501&quot;&gt;</text:p></office:annotation></text:span></text:span><text:span text:style-name="Strong_20_Emphasis"><text:span text:style-name="T5"><office:annotation><dc:date>2018-07-29T09:37:20.793138424</dc:date><text:p>HTML: &lt;meta name=&quot;created&quot; content=&quot;00:00:00&quot;&gt;</text:p></office:annotation></text:span></text:span><text:span text:style-name="Strong_20_Emphasis"><text:span text:style-name="T5"><office:annotation><dc:date>2018-07-29T09:37:20.793147842</dc:date><text:p>HTML: &lt;meta name=&quot;changed&quot; content=&quot;2018-06-13T22:59:08.975991996&quot;&gt;</text:p></office:annotation></text:span></text:span><text:span text:style-name="Strong_20_Emphasis"><text:span text:style-name="T5"><office:annotation><dc:date>2018-07-29T09:37:20.793156471</dc:date><text:p>HTML: &lt;meta name=&quot;created&quot; content=&quot;00:00:00&quot;&gt;</text:p></office:annotation></text:span></text:span><text:span text:style-name="Strong_20_Emphasis"><text:span text:style-name="T5"><office:annotation><dc:date>2018-07-29T09:37:20.793165912</dc:date><text:p>HTML: &lt;meta name=&quot;changed&quot; content=&quot;2018-06-13T20:26:03.305702553&quot;&gt;</text:p></office:annotation></text:span></text:span><text:span text:style-name="Strong_20_Emphasis"><text:span text:style-name="T5"><office:annotation><dc:date>2018-07-29T09:37:20.793174581</dc:date><text:p>HTML: &lt;meta name=&quot;created&quot; content=&quot;00:00:00&quot;&gt;</text:p></office:annotation></text:span></text:span><text:span text:style-name="Strong_20_Emphasis"><text:span text:style-name="T5"><office:annotation><dc:date>2018-07-29T09:37:20.793183841</dc:date><text:p>HTML: &lt;meta name=&quot;changed&quot; content=&quot;2018-06-12T12:28:00.714637591&quot;&gt;</text:p></office:annotation></text:span></text:span><text:span text:style-name="Strong_20_Emphasis"><text:span text:style-name="T5"><office:annotation><dc:date>2018-07-29T09:37:20.793192490</dc:date><text:p>HTML: &lt;meta name=&quot;created&quot; content=&quot;00:00:00&quot;&gt;</text:p></office:annotation></text:span></text:span><text:span text:style-name="Strong_20_Emphasis"><text:span text:style-name="T5"><office:annotation><dc:date>2018-07-29T09:37:20.793201871</dc:date><text:p>HTML: &lt;meta name=&quot;changed&quot; content=&quot;2018-06-11T22:59:09.625284365&quot;&gt;</text:p></office:annotation></text:span></text:span><text:span text:style-name="Strong_20_Emphasis"><text:span text:style-name="T5"><office:annotation><dc:date>2018-07-29T09:37:20.793210999</dc:date><text:p>HTML: &lt;meta name=&quot;created&quot; content=&quot;2018-06-11T22:51:04.642681485&quot;&gt;</text:p></office:annotation></text:span></text:span><text:span text:style-name="Strong_20_Emphasis"><text:span text:style-name="T5"><office:annotation><dc:date>2018-07-29T09:37:20.793220345</dc:date><text:p>HTML: &lt;meta name=&quot;changed&quot; content=&quot;2018-06-11T22:52:11.240135258&quot;&gt;</text:p></office:annotation></text:span></text:span><text:span text:style-name="Strong_20_Emphasis"><text:span text:style-name="T5">CHAPTER A DAY (DANIEL)<text:line-break/>Autor: NORMAN</text:span></text:span><text:span text:style-name="Strong_20_Emphasis"><text:span text:style-name="T4"> </text:span></text:span><text:span text:style-name="Strong_20_Emphasis"><text:span text:style-name="T5">BERRY </text:span></text:span><text:span text:style-name="Strong_20_Emphasis"><text:span text:style-name="T2"><text:line-break/><text:line-break/></text:span></text:span><text:span text:style-name="Strong_20_Emphasis"><text:span text:style-name="T7">Literaturas em formato</text:span></text:span><text:span text:style-name="Strong_20_Emphasis"><text:span text:style-name="T6"> </text:span></text:span><text:span text:style-name="Strong_20_Emphasis"><text:span text:style-name="T7">digital:<text:line-break/></text:span></text:span><text:a xlink:type="simple" xlink:href="http://www.acervodigitalcristao.com.br/" text:style-name="Internet_20_link" text:visited-style-name="Visited_20_Internet_20_Link"><text:span text:style-name="Strong_20_Emphasis"><text:span text:style-name="T2">www.acervodigitalcristao.com.br</text:span></text:span></text:a><text:span text:style-name="Strong_20_Emphasis"><text:span text:style-name="T8"><text:line-break/><text:line-break/></text:span></text:span><text:span text:style-name="Strong_20_Emphasis"><text:span text:style-name="T3">Literaturas em formato</text:span></text:span><text:span text:style-name="Strong_20_Emphasis"> </text:span><text:span text:style-name="Strong_20_Emphasis"><text:span text:style-name="T3">Impresso:<text:line-break/></text:span></text:span><text:a xlink:type="simple" xlink:href="http://www.verdadesvivas.com.br/" text:style-name="Internet_20_link" text:visited-style-name="Visited_20_Internet_20_Link"><text:span text:style-name="Strong_20_Emphasis"><text:span text:style-name="T2">www.verdadesvivas.com.br</text:span></text:span></text:a><text:span text:style-name="Strong_20_Emphasis"><text:span text:style-name="T8"><text:line-break/><text:line-break/></text:span></text:span><text:span text:style-name="Strong_20_Emphasis"><text:span text:style-name="T3">Evangelho em 03 Minutos:</text:span></text:span><text:span text:style-name="Strong_20_Emphasis"> </text:span><text:span text:style-name="Strong_20_Emphasis"><text:span text:style-name="T2"><text:line-break/></text:span></text:span><text:a xlink:type="simple" xlink:href="http://www.3minutos.net/" text:style-name="Internet_20_link" text:visited-style-name="Visited_20_Internet_20_Link"><text:span text:style-name="Strong_20_Emphasis"><text:span text:style-name="T2">www.3minutos.net</text:span></text:span></text:a><text:span text:style-name="Strong_20_Emphasis"><text:span text:style-name="T8"><text:line-break/><text:line-break/></text:span></text:span><text:span text:style-name="Strong_20_Emphasis"><text:span text:style-name="T3">O que respondi:<text:line-break/></text:span></text:span><text:a xlink:type="simple" xlink:href="http://www.respondi.com.br/" text:style-name="Internet_20_link" text:visited-style-name="Visited_20_Internet_20_Link"><text:span text:style-name="Strong_20_Emphasis"><text:span text:style-name="T2">www.respondi.com.br</text:span></text:span></text:a></text:p><text:section text:style-name="Sect1" text:name="Sumário1"><text:p text:style-name="Text_20_body"><text:soft-page-break/></text:p></text:section><text:h text:style-name="P1" text:outline-level="2"/><text:h text:style-name="P3" text:outline-level="2"><text:bookmark text:name="__RefHeading___Toc2792_1522826305"/><text:soft-page-break/>#960</text:h><text:p text:style-name="P5"/><text:p text:style-name="P6">Nada pode drenar mais a vitalidade de um Cristão do que o lixo de alianças não santificadas, deleites sujos, práticas ímpias e coisas do tipo. A verdadeira separação dessas coisas fará de nós &quot;vasos para honra, santificados e idôneo para uso do Senhor&quot;.</text:p><text:p text:style-name="P5"/><text:h text:style-name="P1" text:outline-level="2"><text:bookmark text:name="__RefHeading___Toc2794_1522826305"/><text:a xlink:type="simple" xlink:href="http://mysword.info/b?r=Dan_1" text:style-name="Internet_20_link" text:visited-style-name="Visited_20_Internet_20_Link"><text:span text:style-name="T1">DANIEL 1</text:span></text:a></text:h><text:p text:style-name="P5"/><text:p text:style-name="P5"><text:span text:style-name="T1">Hoje iniciamos um livro novo e totalmente diferente - Daniel. Passa-se no &quot;tempo dos gentios&quot;. Lucas </text:span><text:a xlink:type="simple" xlink:href="http://mysword.info/b?r=Luk_21:24" text:style-name="Internet_20_link" text:visited-style-name="Visited_20_Internet_20_Link"><text:span text:style-name="T1">21:24</text:span></text:a><text:span text:style-name="T1">. Isso abrange muitos anos. Estamos neste período hoje. Começou cerca de 607 A.C. ou há 2.600 anos e continuará até o Senhor voltar. Tudo isso aconteceu após as dez tribos de Israel terem sido levadas cativas pela Assíria (e nunca mais se ouviu falar delas desde então); as tribos que restaram, Judá e Benjamim, foram levadas cativas à Babilônia pelo Rei Nabucodonosor. Judá era a tribo Real; e os reis também foram levados. Nosso capítulo fala de Daniel, um dos que pertenciam à família real. Esses quatro jovens deviam ter cerca de 17 anos de idade.</text:span></text:p><text:p text:style-name="P5"/><text:p text:style-name="P5"><text:a xlink:type="simple" xlink:href="http://mysword.info/b?r=Dan_1:3-4" text:style-name="Internet_20_link" text:visited-style-name="Visited_20_Internet_20_Link"><text:span text:style-name="T1">Dn 1:3-4</text:span></text:a><text:span text:style-name="T1"> O rei decide usar esses Hebreus cativos para treiná-los, junto a um grupo de seu próprio povo, com o que havia de melhor em ensino. O </text:span><text:a xlink:type="simple" xlink:href="http://mysword.info/b?r=Dan_1:4" text:style-name="Internet_20_link" text:visited-style-name="Visited_20_Internet_20_Link"><text:span text:style-name="T1">versículo 4</text:span></text:a><text:span text:style-name="T1"> nos dá uma lista de 6 requisitos que deviam ter. Que oportunidade para esses jovens.</text:span></text:p><text:p text:style-name="P5"/><text:p text:style-name="P5"><text:a xlink:type="simple" xlink:href="http://mysword.info/b?r=Dan_1:5" text:style-name="Internet_20_link" text:visited-style-name="Visited_20_Internet_20_Link"><text:span text:style-name="T1">Dn 1:5</text:span></text:a><text:span text:style-name="T1"> O rei planeja o que eles deviam comer... o melhor... o cardápio do próprio rei, e, sem dúvida, os melhores vinhos disponíveis.</text:span></text:p><text:p text:style-name="P5"/><text:p text:style-name="P5"><text:a xlink:type="simple" xlink:href="http://mysword.info/b?r=Dan_1:7" text:style-name="Internet_20_link" text:visited-style-name="Visited_20_Internet_20_Link"><text:span text:style-name="T1">Dn 1:7</text:span></text:a><text:span text:style-name="T1"> Para ajudar esses Hebreus cativos a esquecer seu passado, todos recebem nomes estrangeiros.</text:span></text:p><text:p text:style-name="P5"/><text:p text:style-name="P5"><text:a xlink:type="simple" xlink:href="http://mysword.info/b?r=Dan_1:8" text:style-name="Internet_20_link" text:visited-style-name="Visited_20_Internet_20_Link"><text:span text:style-name="T1">Dn 1:8</text:span></text:a><text:span text:style-name="T1"> Mas Daniel tinha um segredo em seu coração... ele pertencia a DEUS. Ele não comeria a carne que provavelmente teria sido oferecida a ídolos. Ele não iria se contaminar.</text:span></text:p><text:p text:style-name="P5"/><text:p text:style-name="P5"><text:a xlink:type="simple" xlink:href="http://mysword.info/b?r=Dan_1:10-14" text:style-name="Internet_20_link" text:visited-style-name="Visited_20_Internet_20_Link"><text:span text:style-name="T1">Dn 1:10-14</text:span></text:a><text:span text:style-name="T1"> O oficial teme alterar os planos do rei; ele morreria se o fizesse. Daniel fala algo importante; não teria sido justo lançar a responsabilidade sobre o homem que estaria servindo a comida. Daniel sugere que o homem traga também alguns cereais, e veja o que acontece por dez dias. Uma sugestão muito sábia.</text:span></text:p><text:p text:style-name="P5"/><text:p text:style-name="P5"><text:a xlink:type="simple" xlink:href="http://mysword.info/b?r=Dan_1:15-16" text:style-name="Internet_20_link" text:visited-style-name="Visited_20_Internet_20_Link"><text:span text:style-name="T1">Dn 1:15-16</text:span></text:a><text:span text:style-name="T1"> Os quatro jovens tinham suas faces mais coradas e estavam mais gordos do que os outros.</text:span></text:p><text:p text:style-name="P5"/><text:p text:style-name="P5"><text:a xlink:type="simple" xlink:href="http://mysword.info/b?r=Dan_1:17" text:style-name="Internet_20_link" text:visited-style-name="Visited_20_Internet_20_Link"><text:span text:style-name="T1">Dn 1:17</text:span></text:a><text:span text:style-name="T1"> O segredo é revelado - Deus honrava aqueles que O honravam!</text:span></text:p><text:p text:style-name="P5"/><text:p text:style-name="P5"><text:a xlink:type="simple" xlink:href="http://mysword.info/b?r=Dan_1:19" text:style-name="Internet_20_link" text:visited-style-name="Visited_20_Internet_20_Link"><text:span text:style-name="T1">Dn 1:19</text:span></text:a><text:span text:style-name="T1"> Eles não só estavam melhores fisicamente, mas também em inteligência estavam dez vezes mais inteligentes!</text:span></text:p><text:p text:style-name="P5"/><text:p text:style-name="P5"><text:a xlink:type="simple" xlink:href="http://mysword.info/b?r=Dan_1:21" text:style-name="Internet_20_link" text:visited-style-name="Visited_20_Internet_20_Link"><text:span text:style-name="T1">Dn 1:21</text:span></text:a><text:span text:style-name="T1"> Este versículo fala muito sem dizê-lo... Nabucodonosor, o rei, havia passado para a história. Seu sucessor, o Rei Belsazar, foi morto por outro Império, o Medo-Persa. Mas as três primeiras palavras de nosso versículo nos mostram o que o Apóstolo Paulo disse a Timóteo em </text:span><text:a xlink:type="simple" xlink:href="http://mysword.info/b?r=2Ti_3:14" text:style-name="Internet_20_link" text:visited-style-name="Visited_20_Internet_20_Link"><text:span text:style-name="T1">2Tm 3:14</text:span></text:a><text:span text:style-name="T1">. Preste muita atenção nisso.</text:span></text:p><text:p text:style-name="P5"/><text:h text:style-name="P2" text:outline-level="2"><text:bookmark text:name="__RefHeading___Toc2796_1522826305"/>#961</text:h><text:p text:style-name="P5"/><text:p text:style-name="P6">Somente o verdadeiro Cristianismo tem a solução para o problema do pecado.</text:p><text:p text:style-name="P5"/><text:h text:style-name="P1" text:outline-level="2"><text:bookmark text:name="__RefHeading___Toc2798_1522826305"/><text:a xlink:type="simple" xlink:href="http://mysword.info/b?r=Dan_2:1-30" text:style-name="Internet_20_link" text:visited-style-name="Visited_20_Internet_20_Link"><text:span text:style-name="T1">DANIEL 2:1-30</text:span></text:a></text:h><text:p text:style-name="P5"/><text:p text:style-name="P5"><text:a xlink:type="simple" xlink:href="http://mysword.info/b?r=Dan_2:1-13" text:style-name="Internet_20_link" text:visited-style-name="Visited_20_Internet_20_Link"><text:span text:style-name="T1">Dn 2:1-13</text:span></text:a><text:span text:style-name="T1"> O Rei Nabucodonosor aparentemente teve seu sonho algum tempo antes e havia esquecido. Todos os sábios de seu vasto império não podem dizer qual o significado de seu sonho. Mas seus pensamentos estão muito perturbados e ele não consegue dormir. Ele está tão agitado que ordena que todos os sábios (provavelmente todos os do </text:span><text:a xlink:type="simple" xlink:href="http://mysword.info/b?r=Dan_1" text:style-name="Internet_20_link" text:visited-style-name="Visited_20_Internet_20_Link"><text:span text:style-name="T1">capítulo 1</text:span></text:a><text:span text:style-name="T1">) sejam mortos, inclusive Daniel.</text:span></text:p><text:p text:style-name="P5"/><text:p text:style-name="P5"><text:a xlink:type="simple" xlink:href="http://mysword.info/b?r=Dan_2:14-16" text:style-name="Internet_20_link" text:visited-style-name="Visited_20_Internet_20_Link"><text:span text:style-name="T1">Dn 2:14-16</text:span></text:a><text:span text:style-name="T1"> Daniel vai ao rei e pede por tempo, e promete a interpretação. O que ele faz? Os próximos dois versículos nos dão a resposta.</text:span></text:p><text:p text:style-name="P5"/><text:p text:style-name="P5"><text:a xlink:type="simple" xlink:href="http://mysword.info/b?r=Dan_2:19-23" text:style-name="Internet_20_link" text:visited-style-name="Visited_20_Internet_20_Link"><text:span text:style-name="T1">Dn 2:19-23</text:span></text:a><text:span text:style-name="T1"> O que Daniel faz assim que Deus lhe conta o sonho e o seu significado? Leia os versículos.</text:span></text:p><text:p text:style-name="P5"/><text:p text:style-name="P5"><text:a xlink:type="simple" xlink:href="http://mysword.info/b?r=Dan_2:26" text:style-name="Internet_20_link" text:visited-style-name="Visited_20_Internet_20_Link"><text:span text:style-name="T1">Dn 2:26</text:span></text:a><text:span text:style-name="T1"> Daniel se encontra com o rei face a face. O rei lhe pergunta se é capaz de decifrar o mistério.</text:span></text:p><text:p text:style-name="P5"/><text:p text:style-name="P5"><text:a xlink:type="simple" xlink:href="http://mysword.info/b?r=Dan_2:27-30" text:style-name="Internet_20_link" text:visited-style-name="Visited_20_Internet_20_Link"><text:span text:style-name="T1">Dn 2:27-30</text:span></text:a><text:span text:style-name="T1"> Quem recebe o crédito por revelar o mistério?</text:span></text:p><text:p text:style-name="P5"/><text:h text:style-name="P2" text:outline-level="2"><text:bookmark text:name="__RefHeading___Toc2800_1522826305"/>#962</text:h><text:p text:style-name="P5"/><text:p text:style-name="P6">O verdadeiro Cristianismo é singular por ensinar que a salvação é pela fé e não pelas obras.</text:p><text:p text:style-name="P5"/><text:h text:style-name="P1" text:outline-level="2"><text:bookmark text:name="__RefHeading___Toc2802_1522826305"/><text:a xlink:type="simple" xlink:href="http://mysword.info/b?r=Dan_2:31-49" text:style-name="Internet_20_link" text:visited-style-name="Visited_20_Internet_20_Link"><text:span text:style-name="T1">DANIEL 2:31-49</text:span></text:a></text:h><text:p text:style-name="P5"/><text:p text:style-name="P5"><text:a xlink:type="simple" xlink:href="http://mysword.info/b?r=Dan_2:31-45" text:style-name="Internet_20_link" text:visited-style-name="Visited_20_Internet_20_Link"><text:span text:style-name="T1">Dn 2:31-45</text:span></text:a><text:span text:style-name="T1"> Temos aqui a maior previsão de eventos políticos futuros que o mundo jamais conheceu. O sonho era de uma grande estátua de aparência brilhante e bela. Havia quatro materiais diferentes, a cabeça de ouro puro, o tronco e os braços de prata, abdome e coxas de bronze, pernas de ferro, seus pés parte de ferro e parte de barro. Enquanto ele observava, uma rocha atingiu a grande imagem nos pés e os quebrou, então, pouco a pouco, toda a imagem foi reduzida a pedaços. Então a rocha cresceu cada vez mais até encher toda a Terra. Em seguida Daniel contou ao rei o seu significado. Quatro Impérios se levantariam no mundo, um após o outro. O último desapareceria para voltar a se levantar e ser totalmente destruído. Tudo isso é muito importante para nós pois, apesar disso ter sido escrito há cerca de 2.600 anos, nos fala de eventos que estão acontecendo na Europa hoje, com a restauração do Império Romano.</text:span></text:p><text:p text:style-name="P5"/><text:p text:style-name="P5"><text:a xlink:type="simple" xlink:href="http://mysword.info/b?r=Dan_2:44-45" text:style-name="Internet_20_link" text:visited-style-name="Visited_20_Internet_20_Link"><text:span text:style-name="T1">Dn 2:44-45</text:span></text:a><text:span text:style-name="T1"> A rocha é explicada. Trata-se de um tipo do Senhor Jesus que voltará e destruirá completamente o Império Romano restaurado (</text:span><text:a xlink:type="simple" xlink:href="http://mysword.info/b?r=Rev_19:13-16" text:style-name="Internet_20_link" text:visited-style-name="Visited_20_Internet_20_Link"><text:span text:style-name="T1">Ap 19:13-16</text:span></text:a><text:span text:style-name="T1">).</text:span></text:p><text:p text:style-name="P5"/><text:p text:style-name="P5"><text:a xlink:type="simple" xlink:href="http://mysword.info/b?r=Dan_2:46-49" text:style-name="Internet_20_link" text:visited-style-name="Visited_20_Internet_20_Link"><text:span text:style-name="T1">Dn 2:46-49</text:span></text:a><text:span text:style-name="T1"> O Rei Nabucodonosor reveste Daniel de honras (mas logo se esquece dele).</text:span></text:p><text:p text:style-name="P5"/><text:h text:style-name="P2" text:outline-level="2"><text:bookmark text:name="__RefHeading___Toc2804_1522826305"/>#963</text:h><text:p text:style-name="P5"/><text:p text:style-name="P5"><text:span text:style-name="T1">Podemos desejar trazer ao Senhor uma obra perfeita. Gostaríamos de apontar, quando nosso trabalho estivesse terminado, os belos grãos maduros, os feixes reunidos, todavia o Senhor frustra nossos planos, despedaça nossas intenções, nos faz ver a ruína de todas as nossas esperanças, quebra a bela estrutura que pensávamos estar construindo, nos lança em Seus braços e sussurra em nossos ouvidos, &quot;Não é o seu trabalho que eu quero, mas você&quot;. (</text:span><text:a xlink:type="simple" xlink:href="http://mysword.info/b?r=2Co_8:5" text:style-name="Internet_20_link" text:visited-style-name="Visited_20_Internet_20_Link"><text:span text:style-name="T1">2 Co 8:5</text:span></text:a><text:span text:style-name="T1">)</text:span></text:p><text:p text:style-name="P5"/><text:h text:style-name="P1" text:outline-level="2"><text:bookmark text:name="__RefHeading___Toc2806_1522826305"/><text:a xlink:type="simple" xlink:href="http://mysword.info/b?r=Dan_3" text:style-name="Internet_20_link" text:visited-style-name="Visited_20_Internet_20_Link"><text:span text:style-name="T1">DANIEL 3</text:span></text:a></text:h><text:p text:style-name="P5"/><text:p text:style-name="P5"><text:a xlink:type="simple" xlink:href="http://mysword.info/b?r=Dan_3:1,6" text:style-name="Internet_20_link" text:visited-style-name="Visited_20_Internet_20_Link"><text:span text:style-name="T1">Dn 3:1,6</text:span></text:a><text:span text:style-name="T1"> Este poderoso e orgulhoso rei levantou uma imagem e ordenou que todos se prostrassem diante dela. Se alguém se recusasse, seria lançado na fornalha. O que você teria feito?</text:span></text:p><text:p text:style-name="P5"/><text:p text:style-name="P5"><text:a xlink:type="simple" xlink:href="http://mysword.info/b?r=Dan_3:12" text:style-name="Internet_20_link" text:visited-style-name="Visited_20_Internet_20_Link"><text:span text:style-name="T1">Dn 3:12</text:span></text:a><text:span text:style-name="T1"> Que bela resposta para a ordem do rei! Eles sabiam que o Senhor poderia livrá-los da fornalha, mas não tinham idéia se Ele iria fazê-lo. Então eles dizem que se Ele não o fizesse, Ele os livraria das mãos do rei de algum outro modo! Que maravilha! Podemos ser ridicularizados, ou não conseguir progredir em nosso trabalho, mas nada vale tanto a pena quanto ser fiel ao Senhor.</text:span></text:p><text:p text:style-name="P5"/><text:p text:style-name="P5"><text:a xlink:type="simple" xlink:href="http://mysword.info/b?r=Dan_3:23-27" text:style-name="Internet_20_link" text:visited-style-name="Visited_20_Internet_20_Link"><text:span text:style-name="T1">Dn 3:23-27</text:span></text:a><text:span text:style-name="T1"> O que Deus faz a eles! Ele não abandonará você mesmo que você também venha a se encontrar em uma posição de real sofrimento por causa dEle.</text:span></text:p><text:p text:style-name="P5"/><text:h text:style-name="P2" text:outline-level="2"><text:bookmark text:name="__RefHeading___Toc2808_1522826305"/>#964</text:h><text:p text:style-name="P5"/><text:p text:style-name="P6">Se não fosse pelo pecado, a morte não teria começo. Se não fosse pela morte, o pecado não teria fim.</text:p><text:p text:style-name="P5"/><text:h text:style-name="P1" text:outline-level="2"><text:bookmark text:name="__RefHeading___Toc2810_1522826305"/><text:a xlink:type="simple" xlink:href="http://mysword.info/b?r=Dan_4" text:style-name="Internet_20_link" text:visited-style-name="Visited_20_Internet_20_Link"><text:span text:style-name="T1">DANIEL 4</text:span></text:a></text:h><text:p text:style-name="P5"/><text:p text:style-name="P6">Este capítulo é muito sério para todos nós, pois demonstra que Deus é poderoso e Se envolve nas questões dos homens e ouve tudo o que falamos. A falsa adoração é seguida de orgulho real.</text:p><text:p text:style-name="P5"/><text:p text:style-name="P5"><text:a xlink:type="simple" xlink:href="http://mysword.info/b?r=Dan_4:1-3" text:style-name="Internet_20_link" text:visited-style-name="Visited_20_Internet_20_Link"><text:span text:style-name="T1">Dn 4:1-3</text:span></text:a><text:span text:style-name="T1"> Este mesmo rei não aprendeu coisa alguma, apesar de todas as coisas que foram ditas nos três capítulos anteriores. Repare como ele está cheio de si.</text:span></text:p><text:p text:style-name="P5"/><text:p text:style-name="P5"><text:a xlink:type="simple" xlink:href="http://mysword.info/b?r=Dan_4:3-18" text:style-name="Internet_20_link" text:visited-style-name="Visited_20_Internet_20_Link"><text:span text:style-name="T1">Dn 4:3-18</text:span></text:a><text:span text:style-name="T1"> Ele tem outro sonho, obviamente enviado por Deus. Lhe é dito que ele próprio era a grande árvore que seria derrubada. Daniel lhe diz para se desviar de seus ímpios pecados e mudar seu modo de ser, pois talvez o castigo possa ser anulado. Acaso ele dá atenção? Veremos mais tarde.</text:span></text:p><text:p text:style-name="P5"/><text:p text:style-name="P5"><text:a xlink:type="simple" xlink:href="http://mysword.info/b?r=Dan_4:19-27" text:style-name="Internet_20_link" text:visited-style-name="Visited_20_Internet_20_Link"><text:span text:style-name="T1">Dn 4:19-27</text:span></text:a><text:span text:style-name="T1"> Daniel lhe diz o que o sonho significa. Ele teve um bom número de avisos, mas é muito orgulhoso para prestar atenção.</text:span></text:p><text:p text:style-name="P5"/><text:p text:style-name="P5"><text:a xlink:type="simple" xlink:href="http://mysword.info/b?r=Dan_4:28-37" text:style-name="Internet_20_link" text:visited-style-name="Visited_20_Internet_20_Link"><text:span text:style-name="T1">Dn 4:28-37</text:span></text:a><text:span text:style-name="T1"> Deus lhe dá um ano inteiro para se arrepender! (Deus é misericordioso). Mas não acontece. Assim ele perde a razão e se torna como um animal por sete anos. Cada um de nós tem que prestar contas a Deus, e devíamos ser mais sérios acerca da vida. Deus com misericórdia traz o rei de volta e ele dá louvor a Deus. Não ouvimos mais falar dele.</text:span></text:p><text:p text:style-name="P5"/><text:h text:style-name="P2" text:outline-level="2"><text:bookmark text:name="__RefHeading___Toc2812_1522826305"/>#965</text:h><text:p text:style-name="P5"/><text:p text:style-name="P5"><text:span text:style-name="T1">A tempestade que sopra revela a força das raízes. (</text:span><text:a xlink:type="simple" xlink:href="http://mysword.info/b?r=col_2:7" text:style-name="Internet_20_link" text:visited-style-name="Visited_20_Internet_20_Link"><text:span text:style-name="T1">Cl 2:7</text:span></text:a><text:span text:style-name="T1">)</text:span></text:p><text:p text:style-name="P5"/><text:h text:style-name="P1" text:outline-level="2"><text:bookmark text:name="__RefHeading___Toc2814_1522826305"/><text:a xlink:type="simple" xlink:href="http://mysword.info/b?r=Dan_5" text:style-name="Internet_20_link" text:visited-style-name="Visited_20_Internet_20_Link"><text:span text:style-name="T1">DANIEL 5</text:span></text:a></text:h><text:p text:style-name="P5"/><text:p text:style-name="P6">Passaram-se uns 25 anos... Nabucodonosor se foi... seu neto, Belsazar, é rei.</text:p><text:p text:style-name="P5"/><text:p text:style-name="P5"><text:a xlink:type="simple" xlink:href="http://mysword.info/b?r=Dan_5:1-4" text:style-name="Internet_20_link" text:visited-style-name="Visited_20_Internet_20_Link"><text:span text:style-name="T1">Dn 5:1-4</text:span></text:a><text:span text:style-name="T1"> Belsazar voltou-se para seus deuses e faz um grande banquete dedicado a eles, usando os vasos sagrados roubados do templo de Deus em Jerusalém por Nabucodonosor.</text:span></text:p><text:p text:style-name="P5"/><text:p text:style-name="P5"><text:a xlink:type="simple" xlink:href="http://mysword.info/b?r=Dan_5:5-9" text:style-name="Internet_20_link" text:visited-style-name="Visited_20_Internet_20_Link"><text:span text:style-name="T1">Dn 5:5-9</text:span></text:a><text:span text:style-name="T1"> Em meio à festa de bebedeiras, algo acontece de repente causando medo em todos, inclusive no rei.</text:span></text:p><text:p text:style-name="P5"/><text:p text:style-name="P5"><text:a xlink:type="simple" xlink:href="http://mysword.info/b?r=Dan_5:10-12" text:style-name="Internet_20_link" text:visited-style-name="Visited_20_Internet_20_Link"><text:span text:style-name="T1">Dn 5:10-12</text:span></text:a><text:span text:style-name="T1"> A rainha entra e diz ao rei que há um homem que é capaz de explicar o significado das palavras escritas sobre a parede.</text:span></text:p><text:p text:style-name="P5"/><text:p text:style-name="P5"><text:a xlink:type="simple" xlink:href="http://mysword.info/b?r=Dan_5:13-16" text:style-name="Internet_20_link" text:visited-style-name="Visited_20_Internet_20_Link"><text:span text:style-name="T1">Dn 5:13-16</text:span></text:a><text:span text:style-name="T1"> Daniel é trazido. (Como se esqueceram rapidamente dele antes!) Grandes recompensas lhe são prometidas.</text:span></text:p><text:p text:style-name="P5"/><text:p text:style-name="P5"><text:a xlink:type="simple" xlink:href="http://mysword.info/b?r=Dan_5:17-29" text:style-name="Internet_20_link" text:visited-style-name="Visited_20_Internet_20_Link"><text:span text:style-name="T1">Dn 5:17-29</text:span></text:a><text:span text:style-name="T1"> Daniel começa a falar. Ele precisa contar a história de Nabucodonosor como se ninguém ali jamais a tivesse escutado! (Exatamente como as pessoas de hoje, que não ouvem). Daniel fala que o fim do primeiro grande império mundial, Babilônia, tinha chegado.</text:span></text:p><text:p text:style-name="P5"/><text:p text:style-name="P5"><text:a xlink:type="simple" xlink:href="http://mysword.info/b?r=Dan_5:30-31" text:style-name="Internet_20_link" text:visited-style-name="Visited_20_Internet_20_Link"><text:span text:style-name="T1">Dn 5:30-31</text:span></text:a><text:span text:style-name="T1"> O juízo vem! O rei é morto, o império destruído.</text:span></text:p><text:p text:style-name="P5"/><text:h text:style-name="P2" text:outline-level="2"><text:bookmark text:name="__RefHeading___Toc2816_1522826305"/>#966</text:h><text:p text:style-name="P5"/><text:p text:style-name="P6">O testemunho contra o mal deveria estar em nosso falar e modo de agir.</text:p><text:p text:style-name="P5"/><text:h text:style-name="P1" text:outline-level="2"><text:bookmark text:name="__RefHeading___Toc2818_1522826305"/><text:a xlink:type="simple" xlink:href="http://mysword.info/b?r=Dan_6" text:style-name="Internet_20_link" text:visited-style-name="Visited_20_Internet_20_Link"><text:span text:style-name="T1">DANIEL 6</text:span></text:a></text:h><text:p text:style-name="P5"/><text:p text:style-name="P5"><text:span text:style-name="T1">Um novo Império foi formado, o Medo-Persa, com Dario encabeçando-o, mas tendo a Ciro como rei (</text:span><text:a xlink:type="simple" xlink:href="http://mysword.info/b?r=Dan_1:21" text:style-name="Internet_20_link" text:visited-style-name="Visited_20_Internet_20_Link"><text:span text:style-name="T1">1:21</text:span></text:a><text:span text:style-name="T1">).</text:span></text:p><text:p text:style-name="P5"/><text:p text:style-name="P5"><text:a xlink:type="simple" xlink:href="http://mysword.info/b?r=Dan_6:1-9" text:style-name="Internet_20_link" text:visited-style-name="Visited_20_Internet_20_Link"><text:span text:style-name="T1">Dn 6:1-9</text:span></text:a><text:span text:style-name="T1"> Daniel recebe um cargo elevado, que causa inveja entre os líderes nativos. Eles só conseguem encontrar falta nele na &quot;lei de seu Deus&quot; - </text:span><text:a xlink:type="simple" xlink:href="http://mysword.info/b?r=Dan_6:5" text:style-name="Internet_20_link" text:visited-style-name="Visited_20_Internet_20_Link"><text:span text:style-name="T1">vers. 5</text:span></text:a><text:span text:style-name="T1">. Assim, eles pedem ao rei que assine uma lei que proíba qualquer um de orar a qualquer exceto a Dario pelo período de 30 dias. Se alguém o fizesse, seria lançado na cova do leão.</text:span></text:p><text:p text:style-name="P5"/><text:p text:style-name="P5"><text:a xlink:type="simple" xlink:href="http://mysword.info/b?r=Dan_6:10-17" text:style-name="Internet_20_link" text:visited-style-name="Visited_20_Internet_20_Link"><text:span text:style-name="T1">Dn 6:10-17</text:span></text:a><text:span text:style-name="T1"> Quando Daniel soube que a lei tinha sido assinada, foi justamente o que fez. Aqueles homens o encontram orando, e acreditando terem vencido, informam a Dario. As leis do Império nunca podiam ser mudadas (</text:span><text:a xlink:type="simple" xlink:href="http://mysword.info/b?r=Dan_6:15" text:style-name="Internet_20_link" text:visited-style-name="Visited_20_Internet_20_Link"><text:span text:style-name="T1">vers. 15</text:span></text:a><text:span text:style-name="T1">). Dario fica transtornado pois respeita Daniel, mas nada pode fazer. Daniel é lançado na cova do leão.</text:span></text:p><text:p text:style-name="P5"/><text:p text:style-name="P5"><text:a xlink:type="simple" xlink:href="http://mysword.info/b?r=Dan_6:16" text:style-name="Internet_20_link" text:visited-style-name="Visited_20_Internet_20_Link"><text:span text:style-name="T1">Dn 6:16</text:span></text:a><text:span text:style-name="T1"> Dario tinha respeito por Daniel e confiança em Deus. Leia o </text:span><text:a xlink:type="simple" xlink:href="http://mysword.info/b?r=Dan_6:4" text:style-name="Internet_20_link" text:visited-style-name="Visited_20_Internet_20_Link"><text:span text:style-name="T1">versículo 4</text:span></text:a><text:span text:style-name="T1"> mais uma vez.</text:span></text:p><text:p text:style-name="P5"/><text:p text:style-name="P5"><text:a xlink:type="simple" xlink:href="http://mysword.info/b?r=Dan_6:18-20" text:style-name="Internet_20_link" text:visited-style-name="Visited_20_Internet_20_Link"><text:span text:style-name="T1">Dn 6:18-20</text:span></text:a><text:span text:style-name="T1"> Os sentimentos do rei, poderia ele dormir? Será que dormiu aquela manhã? Repare as palavras de sua pergunta a Daniel.</text:span></text:p><text:p text:style-name="P5"/><text:p text:style-name="P5"><text:a xlink:type="simple" xlink:href="http://mysword.info/b?r=Dan_6:21-22" text:style-name="Internet_20_link" text:visited-style-name="Visited_20_Internet_20_Link"><text:span text:style-name="T1">Dn 6:21-22</text:span></text:a><text:span text:style-name="T1"> Daniel responde com confiança em Deus e no rei.</text:span></text:p><text:p text:style-name="P5"/><text:p text:style-name="P5"><text:a xlink:type="simple" xlink:href="http://mysword.info/b?r=Dan_6:23" text:style-name="Internet_20_link" text:visited-style-name="Visited_20_Internet_20_Link"><text:span text:style-name="T1">Dn 6:23</text:span></text:a><text:span text:style-name="T1"> E suas feridas?</text:span></text:p><text:p text:style-name="P5"><text:soft-page-break/></text:p><text:p text:style-name="P5"><text:a xlink:type="simple" xlink:href="http://mysword.info/b?r=Dan_6:24-25" text:style-name="Internet_20_link" text:visited-style-name="Visited_20_Internet_20_Link"><text:span text:style-name="T1">Dn 6:24-25</text:span></text:a><text:span text:style-name="T1"> Uma terrível retribuição (a primeira parte do livro termina aqui).</text:span></text:p><text:p text:style-name="P5"/><text:h text:style-name="P2" text:outline-level="2"><text:bookmark text:name="__RefHeading___Toc2820_1522826305"/>#967</text:h><text:p text:style-name="P5"/><text:p text:style-name="P6">A comunhão de coração com Cristo mantém firme o senso de nossa posição em Cristo e é o poder salvador colocado em prática em nosso andar.</text:p><text:p text:style-name="P5"/><text:h text:style-name="P1" text:outline-level="2"><text:bookmark text:name="__RefHeading___Toc2822_1522826305"/><text:a xlink:type="simple" xlink:href="http://mysword.info/b?r=Dan_7" text:style-name="Internet_20_link" text:visited-style-name="Visited_20_Internet_20_Link"><text:span text:style-name="T1">DANIEL 7</text:span></text:a></text:h><text:p text:style-name="P5"/><text:p text:style-name="P5"><text:span text:style-name="T1">A última seção do livro tem início. Agora iremos ler das visões de Daniel e das revelações que recebe de Deus. Os </text:span><text:a xlink:type="simple" xlink:href="http://mysword.info/b?r=Dan_7" text:style-name="Internet_20_link" text:visited-style-name="Visited_20_Internet_20_Link"><text:span text:style-name="T1">capítulos 7</text:span></text:a><text:span text:style-name="T1"> e 8 na verdade aconteceram antes do </text:span><text:a xlink:type="simple" xlink:href="http://mysword.info/b?r=Dan_6" text:style-name="Internet_20_link" text:visited-style-name="Visited_20_Internet_20_Link"><text:span text:style-name="T1">capítulo 6</text:span></text:a><text:span text:style-name="T1">. No </text:span><text:a xlink:type="simple" xlink:href="http://mysword.info/b?r=Dan_2" text:style-name="Internet_20_link" text:visited-style-name="Visited_20_Internet_20_Link"><text:span text:style-name="T1">capítulo 2</text:span></text:a><text:span text:style-name="T1"> lemos dos 4 impérios mundiais, aqui lemos dos mesmos quatro, desta vez como 4 bestas diferentes.</text:span></text:p><text:p text:style-name="P5"/><text:p text:style-name="P5"><text:a xlink:type="simple" xlink:href="http://mysword.info/b?r=Dan_7:1-8" text:style-name="Internet_20_link" text:visited-style-name="Visited_20_Internet_20_Link"><text:span text:style-name="T1">Dn 7:1-8</text:span></text:a><text:span text:style-name="T1"> No </text:span><text:a xlink:type="simple" xlink:href="http://mysword.info/b?r=Dan_2" text:style-name="Internet_20_link" text:visited-style-name="Visited_20_Internet_20_Link"><text:span text:style-name="T1">capítulo 2</text:span></text:a><text:span text:style-name="T1"> vimos os 4 impérios como o homem os vê, como um imenso monumento ao seu orgulho. Aqui vemos esses impérios como Deus os vê, como bestas... horríveis. O primeiro representa o império Babilônico, como um leão. O segundo império como um urso, o Medo-Persa. O terceiro, como um leopardo, o Grego. O quarto, que não se parecia com nenhum animal vivo, o império Romano. Ele tinha 10 chifres (10 reis - </text:span><text:a xlink:type="simple" xlink:href="http://mysword.info/b?r=Dan_7:24" text:style-name="Internet_20_link" text:visited-style-name="Visited_20_Internet_20_Link"><text:span text:style-name="T1">vers. 24</text:span></text:a><text:span text:style-name="T1">).</text:span></text:p><text:p text:style-name="P5"/><text:p text:style-name="P5"><text:a xlink:type="simple" xlink:href="http://mysword.info/b?r=Dan_7:9-10" text:style-name="Internet_20_link" text:visited-style-name="Visited_20_Internet_20_Link"><text:span text:style-name="T1">Dn 7:9-10</text:span></text:a><text:span text:style-name="T1"> Um tipo de descrição do que está escrito em Apocalipse </text:span><text:a xlink:type="simple" xlink:href="http://mysword.info/b?r=Rev_19:11-17" text:style-name="Internet_20_link" text:visited-style-name="Visited_20_Internet_20_Link"><text:span text:style-name="T1">19:11-17</text:span></text:a><text:span text:style-name="T1"> e se refere a quando o Império Romano for restaurado, acabando finalmente a ser destruído pelo Senhor Jesus em Sua vinda. Você deve estar lembrado de ter lido no capítulo </text:span><text:a xlink:type="simple" xlink:href="http://mysword.info/b?r=Dan_2:44,45" text:style-name="Internet_20_link" text:visited-style-name="Visited_20_Internet_20_Link"><text:span text:style-name="T1">2:44,45</text:span></text:a><text:span text:style-name="T1"> sobre a rocha. Estamos perto disso agora, pois os 10 reinos da Europa estão se formando diante de nossos olhos em um Império Romano revivido.</text:span></text:p><text:p text:style-name="P5"/><text:p text:style-name="P5"><text:a xlink:type="simple" xlink:href="http://mysword.info/b?r=Dan_7:11" text:style-name="Internet_20_link" text:visited-style-name="Visited_20_Internet_20_Link"><text:span text:style-name="T1">Dn 7:11</text:span></text:a><text:span text:style-name="T1"> Refere-se a este Império Romano Revivido (</text:span><text:a xlink:type="simple" xlink:href="http://mysword.info/b?r=Rev_19:20" text:style-name="Internet_20_link" text:visited-style-name="Visited_20_Internet_20_Link"><text:span text:style-name="T1">Ap 19:20</text:span></text:a><text:span text:style-name="T1">). Porventura não mexe com você saber que o Senhor está para vir qualquer dia desses?</text:span></text:p><text:p text:style-name="P5"/><text:p text:style-name="P5"><text:a xlink:type="simple" xlink:href="http://mysword.info/b?r=Dan_7:13-14" text:style-name="Internet_20_link" text:visited-style-name="Visited_20_Internet_20_Link"><text:span text:style-name="T1">Dn 7:13-14</text:span></text:a><text:span text:style-name="T1"> A vinda do Senhor. Não se trata do arrebatamento.</text:span></text:p><text:p text:style-name="P5"/><text:p text:style-name="P5"><text:a xlink:type="simple" xlink:href="http://mysword.info/b?r=Dan_7:17-22" text:style-name="Internet_20_link" text:visited-style-name="Visited_20_Internet_20_Link"><text:span text:style-name="T1">Dn 7:17-22</text:span></text:a><text:span text:style-name="T1"> O povo que crê neste &quot;evangelho do reino&quot;, que será pregado após termos partido para a glória.</text:span></text:p><text:p text:style-name="P5"/><text:p text:style-name="P5"><text:a xlink:type="simple" xlink:href="http://mysword.info/b?r=Dan_7:23-28" text:style-name="Internet_20_link" text:visited-style-name="Visited_20_Internet_20_Link"><text:span text:style-name="T1">Dn 7:23-28</text:span></text:a><text:span text:style-name="T1"> Há dias horríveis pela frente. Mas quando o Senhor aparecer, todas essas pessoas que não tiverem sido salvas serão lançadas no inferno. Então o Senhor Jesus começará Seu reino neste mundo por 1.000 anos, o Milênio.</text:span></text:p><text:p text:style-name="P5"/><text:h text:style-name="P2" text:outline-level="2"><text:bookmark text:name="__RefHeading___Toc2824_1522826305"/>#968</text:h><text:p text:style-name="P5"/><text:p text:style-name="P6">Não tema as conseqüências. Se fizermos o que é certo, Deus cuidará delas.</text:p><text:p text:style-name="P5"/><text:h text:style-name="P1" text:outline-level="2"><text:bookmark text:name="__RefHeading___Toc2826_1522826305"/><text:a xlink:type="simple" xlink:href="http://mysword.info/b?r=Dan_8" text:style-name="Internet_20_link" text:visited-style-name="Visited_20_Internet_20_Link"><text:span text:style-name="T1">DANIEL 8</text:span></text:a></text:h><text:p text:style-name="P5"/><text:p text:style-name="P5"><text:span text:style-name="T1">O segundo e terceiro dos quatro impérios voltam a ser mencionados aqui nos </text:span><text:a xlink:type="simple" xlink:href="http://mysword.info/b?r=Dan_8:3-4" text:style-name="Internet_20_link" text:visited-style-name="Visited_20_Internet_20_Link"><text:span text:style-name="T1">versículos 3 e 4</text:span></text:a><text:span text:style-name="T1"> (o segundo império) e no </text:span><text:a xlink:type="simple" xlink:href="http://mysword.info/b?r=Dan_8:5" text:style-name="Internet_20_link" text:visited-style-name="Visited_20_Internet_20_Link"><text:span text:style-name="T1">versículo 5</text:span></text:a><text:span text:style-name="T1"> (o terceiro - o império Grego).</text:span></text:p><text:p text:style-name="P5"/><text:p text:style-name="P5"><text:a xlink:type="simple" xlink:href="http://mysword.info/b?r=Dan_8:8" text:style-name="Internet_20_link" text:visited-style-name="Visited_20_Internet_20_Link"><text:span text:style-name="T1">Dn 8:8</text:span></text:a><text:span text:style-name="T1"> refere-se a &quot;Alexandre o grande&quot; ter morrido (com 32 anos de idade), o Grego, tendo seu império sido dividido por 4 de seus generais.</text:span></text:p><text:p text:style-name="P5"/><text:p text:style-name="P5"><text:a xlink:type="simple" xlink:href="http://mysword.info/b?r=Dan_8:9-12" text:style-name="Internet_20_link" text:visited-style-name="Visited_20_Internet_20_Link"><text:span text:style-name="T1">Dn 8:9-12</text:span></text:a><text:span text:style-name="T1"> Um homem chamado Antioco Epifano é o &quot;chifre pequeno&quot;. (Ele viveu durante os anos de silêncio entre o Antigo e o Novo Testamento).</text:span></text:p><text:p text:style-name="P5"/><text:p text:style-name="P5"><text:a xlink:type="simple" xlink:href="http://mysword.info/b?r=Dan_8:17,19" text:style-name="Internet_20_link" text:visited-style-name="Visited_20_Internet_20_Link"><text:span text:style-name="T1">Dn 8:17,19</text:span></text:a><text:span text:style-name="T1"> Refere-se ao futuro.</text:span></text:p><text:p text:style-name="P5"/><text:p text:style-name="P5"><text:a xlink:type="simple" xlink:href="http://mysword.info/b?r=Dan_8:23-25" text:style-name="Internet_20_link" text:visited-style-name="Visited_20_Internet_20_Link"><text:span text:style-name="T1">Dn 8:23-25</text:span></text:a><text:span text:style-name="T1"> Refere-se também ao futuro. O Príncipe dos Príncipes é o Senhor Jesus.</text:span></text:p><text:p text:style-name="P5"/><text:h text:style-name="P2" text:outline-level="2"><text:bookmark text:name="__RefHeading___Toc2828_1522826305"/>#969</text:h><text:p text:style-name="P5"/><text:p text:style-name="P6">Nada causa tanto dano à alma quanto a controvérsia.</text:p><text:p text:style-name="P5"/><text:h text:style-name="P1" text:outline-level="2"><text:bookmark text:name="__RefHeading___Toc2830_1522826305"/><text:a xlink:type="simple" xlink:href="http://mysword.info/b?r=Dan_9" text:style-name="Internet_20_link" text:visited-style-name="Visited_20_Internet_20_Link"><text:span text:style-name="T1">DANIEL 9</text:span></text:a></text:h><text:p text:style-name="P5"/><text:p text:style-name="P5"><text:a xlink:type="simple" xlink:href="http://mysword.info/b?r=Dan_9:5-10" text:style-name="Internet_20_link" text:visited-style-name="Visited_20_Internet_20_Link"><text:span text:style-name="T1">Dn 9:5-10</text:span></text:a><text:span text:style-name="T1"> O povo de Deus havia pecado, e por causa disso as pessoas foram levadas para o cativeiro, e Daniel estava entre eles. Mas daquilo que já lemos, Daniel era um jovem fiel e que orava. Repare sua confissão. Ele não aponta o dedo para outros, mas diz repetidas vezes que NÓS pecamos. Vamos nos lembrar disto.</text:span></text:p><text:p text:style-name="P5"/><text:p text:style-name="P5"><text:a xlink:type="simple" xlink:href="http://mysword.info/b?r=Dan_9:15-18" text:style-name="Internet_20_link" text:visited-style-name="Visited_20_Internet_20_Link"><text:span text:style-name="T1">Dn 9:15-18</text:span></text:a><text:span text:style-name="T1"> As tribos de Judá e Benjamim estavam no cativeiro na Babilônia por terem pecado. Sua cidade, Jerusalém, e o tempo de Deus nela, estavam em ruínas. Foi isso que entristeceu Daniel.</text:span></text:p><text:p text:style-name="P5"/><text:p text:style-name="P5"><text:a xlink:type="simple" xlink:href="http://mysword.info/b?r=Dan_9:20" text:style-name="Internet_20_link" text:visited-style-name="Visited_20_Internet_20_Link"><text:span text:style-name="T1">Dn 9:20</text:span></text:a><text:span text:style-name="T1"> O Senhor escuta uma oração assim!</text:span></text:p><text:p text:style-name="P5"/><text:p text:style-name="P5"><text:a xlink:type="simple" xlink:href="http://mysword.info/b?r=Dan_9:23-27" text:style-name="Internet_20_link" text:visited-style-name="Visited_20_Internet_20_Link"><text:span text:style-name="T1">Dn 9:23-27</text:span></text:a><text:span text:style-name="T1"> Estes notáveis versículos falam, em riqueza de detalhes, da vinda do Senhor Jesus, Aquele que foi cortado, e da tristeza e do sofrimento de Seu povo no futuro.</text:span></text:p><text:p text:style-name="P5"/><text:p text:style-name="P5"><text:a xlink:type="simple" xlink:href="http://mysword.info/b?r=Dan_9:25" text:style-name="Internet_20_link" text:visited-style-name="Visited_20_Internet_20_Link"><text:span text:style-name="T1">Dn 9:25</text:span></text:a><text:span text:style-name="T1"> &quot;Messias e Príncipe&quot;; mas no próximo versículo o &quot;príncipe&quot; é a Besta.</text:span></text:p><text:p text:style-name="P5"/><text:h text:style-name="P2" text:outline-level="2"><text:bookmark text:name="__RefHeading___Toc2832_1522826305"/>#970</text:h><text:p text:style-name="P5"/><text:p text:style-name="P6">Tudo o que devemos esperar é sermos mantidos fiéis até o fim. Se estivermos procurando fazer algum barulho neste mundo, ou levantar um testemunho, acabaremos desapontados, mas se estivermos contentes em andar humildemente com nosso Deus, teremos uma razão para nos alegrarmos e nosso trabalho não será em vão. (C.H.M.)</text:p><text:p text:style-name="P5"/><text:h text:style-name="P1" text:outline-level="2"><text:bookmark text:name="__RefHeading___Toc2834_1522826305"/><text:a xlink:type="simple" xlink:href="http://mysword.info/b?r=Dan_10" text:style-name="Internet_20_link" text:visited-style-name="Visited_20_Internet_20_Link"><text:span text:style-name="T1">DANIEL 10</text:span></text:a></text:h><text:p text:style-name="P5"/><text:p text:style-name="P5"><text:a xlink:type="simple" xlink:href="http://mysword.info/b?r=Dan_10:2" text:style-name="Internet_20_link" text:visited-style-name="Visited_20_Internet_20_Link"><text:span text:style-name="T1">Dn 10:2</text:span></text:a><text:span text:style-name="T1"> A visão que Daniel teve falava do sofrimento futuro para seu povo, os Judeus, e ele chorou por 3 semanas. É bom para nós sentirmos com tal profundidade a dor que está reservada para qualquer um que rejeite o Senhor Jesus. Por duas vezes Daniel é chamado de &quot;um homem muito amado&quot;.</text:span></text:p><text:p text:style-name="P5"/><text:p text:style-name="P5"><text:a xlink:type="simple" xlink:href="http://mysword.info/b?r=Dan_10:21" text:style-name="Internet_20_link" text:visited-style-name="Visited_20_Internet_20_Link"><text:span text:style-name="T1">Dn 10:21</text:span></text:a><text:span text:style-name="T1"> Miguel era o anjo do povo de Israel.</text:span></text:p><text:p text:style-name="P5"/><text:h text:style-name="P2" text:outline-level="2"><text:bookmark text:name="__RefHeading___Toc2836_1522826305"/>#971</text:h><text:p text:style-name="P5"/><text:p text:style-name="P6">Se o nosso andar não condiz com nossas palavras, é melhor falarmos bem pouco.</text:p><text:p text:style-name="P5"/><text:h text:style-name="P1" text:outline-level="2"><text:bookmark text:name="__RefHeading___Toc2838_1522826305"/><text:a xlink:type="simple" xlink:href="http://mysword.info/b?r=Dan_11" text:style-name="Internet_20_link" text:visited-style-name="Visited_20_Internet_20_Link"><text:span text:style-name="T1">DANIEL 11</text:span></text:a></text:h><text:p text:style-name="P5"/><text:p text:style-name="P5"><text:span text:style-name="T1">Os primeiros </text:span><text:a xlink:type="simple" xlink:href="http://mysword.info/b?r=Dan_11:1-34" text:style-name="Internet_20_link" text:visited-style-name="Visited_20_Internet_20_Link"><text:span text:style-name="T1">34 versículos</text:span></text:a><text:span text:style-name="T1"> deste capítulo já são história. Na época em que foram escritos, tudo isso era futuro!</text:span></text:p><text:p text:style-name="P5"/><text:p text:style-name="P5"><text:a xlink:type="simple" xlink:href="http://mysword.info/b?r=Dan_11:36-37" text:style-name="Internet_20_link" text:visited-style-name="Visited_20_Internet_20_Link"><text:span text:style-name="T1">Dn 11:36-37</text:span></text:a><text:span text:style-name="T1"> Você já ouviu a palavra &quot;Anticristo&quot;. Esta é a pessoa descrita nestes versículos. Ele será um Judeu, um rei em Israel. Ele enganará milhões de pessoas (após nós os crentes termos ido para a glória).</text:span></text:p><text:p text:style-name="P5"/><text:p text:style-name="P5"><text:a xlink:type="simple" xlink:href="http://mysword.info/b?r=Dan_11:40-45" text:style-name="Internet_20_link" text:visited-style-name="Visited_20_Internet_20_Link"><text:span text:style-name="T1">Dn 11:40-45</text:span></text:a><text:span text:style-name="T1"> Dois outros homens poderosos aparecerão (após termos partido), mas ambos serão destruídos pelo Senhor quando Ele vier em glória (</text:span><text:a xlink:type="simple" xlink:href="http://mysword.info/b?r=Rev_19:11-21" text:style-name="Internet_20_link" text:visited-style-name="Visited_20_Internet_20_Link"><text:span text:style-name="T1">Ap 19:11-21</text:span></text:a><text:span text:style-name="T1">).</text:span></text:p><text:p text:style-name="P5"/><text:h text:style-name="P2" text:outline-level="2"><text:bookmark text:name="__RefHeading___Toc2840_1522826305"/>#972</text:h><text:p text:style-name="P5"/><text:p text:style-name="P6">Conseguimos realizar muito mais pelo que somos do que pelo que falamos.</text:p><text:p text:style-name="P5"/><text:h text:style-name="P1" text:outline-level="2"><text:bookmark text:name="__RefHeading___Toc2842_1522826305"/><text:a xlink:type="simple" xlink:href="http://mysword.info/b?r=Dan_12" text:style-name="Internet_20_link" text:visited-style-name="Visited_20_Internet_20_Link"><text:span text:style-name="T1">DANIEL 12</text:span></text:a></text:h><text:p text:style-name="P5"/><text:p text:style-name="P5"><text:a xlink:type="simple" xlink:href="http://mysword.info/b?r=Dan_12:1" text:style-name="Internet_20_link" text:visited-style-name="Visited_20_Internet_20_Link"><text:span text:style-name="T1">Dn 12:1</text:span></text:a><text:span text:style-name="T1"> Miguel é aqui chamado de &quot;grande príncipe&quot;; (Veja também em </text:span><text:a xlink:type="simple" xlink:href="http://mysword.info/b?r=Rev_12:7" text:style-name="Internet_20_link" text:visited-style-name="Visited_20_Internet_20_Link"><text:span text:style-name="T1">Ap 12:7</text:span></text:a><text:span text:style-name="T1">).</text:span></text:p><text:p text:style-name="P5"/><text:p text:style-name="P5"><text:a xlink:type="simple" xlink:href="http://mysword.info/b?r=Dan_12:4" text:style-name="Internet_20_link" text:visited-style-name="Visited_20_Internet_20_Link"><text:span text:style-name="T1">Dn 12:4</text:span></text:a><text:span text:style-name="T1"> A Daniel é dito que sele o livro, pois se passariam muitos anos antes que essas coisas se cumprissem. O tempo está próximo quando estes propósitos de Deus se cumprirão. Será que entendemos que estamos vivendo um pouco antes dessas profecias se cumprirem?</text:span></text:p><text:p text:style-name="P5"/></text:section></office:text></office:body></office:document-content>