<?xml version="1.0" encoding="UTF-8"?>
<office:document-content xmlns:office="urn:oasis:names:tc:opendocument:xmlns:office:1.0" xmlns:style="urn:oasis:names:tc:opendocument:xmlns:style:1.0" xmlns:text="urn:oasis:names:tc:opendocument:xmlns:text:1.0" xmlns:table="urn:oasis:names:tc:opendocument:xmlns:table:1.0" xmlns:draw="urn:oasis:names:tc:opendocument:xmlns:drawing:1.0" xmlns:fo="urn:oasis:names:tc:opendocument:xmlns:xsl-fo-compatible:1.0" xmlns:xlink="http://www.w3.org/1999/xlink" xmlns:dc="http://purl.org/dc/elements/1.1/" xmlns:meta="urn:oasis:names:tc:opendocument:xmlns:meta:1.0" xmlns:number="urn:oasis:names:tc:opendocument:xmlns:datastyle:1.0" xmlns:svg="urn:oasis:names:tc:opendocument:xmlns:svg-compatible:1.0" xmlns:chart="urn:oasis:names:tc:opendocument:xmlns:chart:1.0" xmlns:dr3d="urn:oasis:names:tc:opendocument:xmlns:dr3d:1.0" xmlns:math="http://www.w3.org/1998/Math/MathML" xmlns:form="urn:oasis:names:tc:opendocument:xmlns:form:1.0" xmlns:script="urn:oasis:names:tc:opendocument:xmlns:script:1.0" xmlns:ooo="http://openoffice.org/2004/office" xmlns:ooow="http://openoffice.org/2004/writer" xmlns:oooc="http://openoffice.org/2004/calc" xmlns:dom="http://www.w3.org/2001/xml-events" xmlns:xforms="http://www.w3.org/2002/xforms" xmlns:xsd="http://www.w3.org/2001/XMLSchema" xmlns:xsi="http://www.w3.org/2001/XMLSchema-instance" xmlns:rpt="http://openoffice.org/2005/report" xmlns:of="urn:oasis:names:tc:opendocument:xmlns:of:1.2" xmlns:xhtml="http://www.w3.org/1999/xhtml" xmlns:grddl="http://www.w3.org/2003/g/data-view#" xmlns:officeooo="http://openoffice.org/2009/office" xmlns:tableooo="http://openoffice.org/2009/table" xmlns:drawooo="http://openoffice.org/2010/draw" xmlns:calcext="urn:org:documentfoundation:names:experimental:calc:xmlns:calcext:1.0" xmlns:loext="urn:org:documentfoundation:names:experimental:office:xmlns:loext:1.0" xmlns:field="urn:openoffice:names:experimental:ooo-ms-interop:xmlns:field:1.0" xmlns:formx="urn:openoffice:names:experimental:ooxml-odf-interop:xmlns:form:1.0" xmlns:css3t="http://www.w3.org/TR/css3-text/" office:version="1.2"><office:scripts/><office:font-face-decls><style:font-face style:name="FreeSans1" svg:font-family="FreeSans"/><style:font-face style:name="Liberation Sans" svg:font-family="&apos;Liberation Sans&apos;, sans-serif"/><style:font-face style:name="Noto Sans CJK SC Regular1" svg:font-family="&apos;Noto Sans CJK SC Regular&apos;"/><style:font-face style:name="FreeSans2" svg:font-family="FreeSans" style:font-family-generic="swiss"/><style:font-face style:name="Liberation Serif" svg:font-family="&apos;Liberation Serif&apos;" style:font-family-generic="roman" style:font-pitch="variable"/><style:font-face style:name="Thorndale" svg:font-family="Thorndale" style:font-family-generic="roman" style:font-pitch="variable"/><style:font-face style:name="Albany" svg:font-family="Albany" style:font-family-generic="swiss" style:font-pitch="variable"/><style:font-face style:name="FreeSans" svg:font-family="FreeSans" style:font-family-generic="system" style:font-pitch="variable"/><style:font-face style:name="Noto Sans CJK SC Regular" svg:font-family="&apos;Noto Sans CJK SC Regular&apos;" style:font-family-generic="system" style:font-pitch="variable"/></office:font-face-decls><office:automatic-styles><style:style style:name="P1" style:family="paragraph" style:parent-style-name="Text_20_body" style:master-page-name="HTML"><style:paragraph-properties fo:margin-top="0cm" fo:margin-bottom="0cm" loext:contextual-spacing="false" fo:line-height="150%" fo:text-align="start" style:justify-single-word="false" style:page-number="auto"/></style:style><style:style style:name="P2" style:family="paragraph" style:parent-style-name="Text_20_body"><style:paragraph-properties fo:margin-top="0cm" fo:margin-bottom="0cm" loext:contextual-spacing="false" fo:line-height="150%" fo:text-align="justify" style:justify-single-word="false"/></style:style><style:style style:name="P3" style:family="paragraph" style:parent-style-name="Text_20_body"><style:paragraph-properties fo:margin-top="0cm" fo:margin-bottom="0cm" loext:contextual-spacing="false" fo:line-height="150%" fo:text-align="justify" style:justify-single-word="false"/><style:text-properties style:font-name="Liberation Sans" fo:font-size="12pt"/></style:style><style:style style:name="P4" style:family="paragraph" style:parent-style-name="Text_20_body"><style:paragraph-properties fo:margin-top="0cm" fo:margin-bottom="0cm" loext:contextual-spacing="false" fo:line-height="150%" fo:text-align="start" style:justify-single-word="false" fo:break-before="page"/></style:style><style:style style:name="P5" style:family="paragraph" style:parent-style-name="Heading_20_2"><style:paragraph-properties fo:line-height="150%"/></style:style><style:style style:name="P6" style:family="paragraph" style:parent-style-name="Heading_20_2"><style:paragraph-properties fo:line-height="150%"/><style:text-properties style:font-name="Liberation Sans" fo:font-size="12pt"/></style:style><style:style style:name="P7" style:family="paragraph" style:parent-style-name="Heading_20_2"><style:paragraph-properties fo:line-height="150%" fo:break-before="page"/><style:text-properties style:font-name="Liberation Sans" fo:font-size="12pt"/></style:style><style:style style:name="T1" style:family="text"><style:text-properties style:font-name="Liberation Sans" fo:font-size="12pt"/></style:style><style:style style:name="T2" style:family="text"><style:text-properties style:font-name="Liberation Sans" fo:font-size="12pt" fo:font-weight="bold"/></style:style><style:style style:name="T3" style:family="text"><style:text-properties style:font-name="Liberation Sans" fo:font-size="12pt" fo:font-weight="normal"/></style:style><style:style style:name="T4" style:family="text"><style:text-properties fo:font-variant="normal" fo:text-transform="none"/></style:style><style:style style:name="T5" style:family="text"><style:text-properties fo:font-variant="normal" fo:text-transform="none" style:font-name="Liberation Sans" fo:font-size="12pt" fo:font-style="normal" fo:font-weight="normal"/></style:style><style:style style:name="T6" style:family="text"><style:text-properties fo:color="#000000"/></style:style><style:style style:name="T7" style:family="text"><style:text-properties fo:color="#000000" style:font-name="Liberation Sans" fo:font-size="12pt" fo:font-weight="normal"/></style:style><style:style style:name="T8" style:family="text"><style:text-properties fo:color="#000099" style:text-line-through-style="none" style:text-line-through-type="none" style:font-name="Liberation Sans" fo:font-size="12pt" style:text-underline-style="none" fo:font-weight="bold" style:text-blinking="false"/></style:style><style:style style:name="fr1" style:family="graphic" style:parent-style-name="Graphics"><style:graphic-properties style:wrap="right" style:number-wrapped-paragraphs="no-limit" style:wrap-contour="false" style:vertical-pos="top" style:vertical-rel="paragraph-content" style:horizontal-pos="left" style:horizontal-rel="paragraph" style:mirror="none" fo:clip="rect(0cm, 0cm, 0cm, 0cm)" draw:luminance="0%" draw:contrast="0%" draw:red="0%" draw:green="0%" draw:blue="0%" draw:gamma="100%" draw:color-inversion="false" draw:image-opacity="100%" draw:color-mode="standard"/></style:style><style:style style:name="Sect1" style:family="section"><style:section-properties style:writing-mode="lr-tb" style:editable="false"><style:columns fo:column-count="1" fo:column-gap="0cm"/></style:section-properties></style:style></office:automatic-styles><office:body><office:text text:use-soft-page-breaks="true"><text:sequence-decls><text:sequence-decl text:display-outline-level="0" text:name="Illustration"/><text:sequence-decl text:display-outline-level="0" text:name="Table"/><text:sequence-decl text:display-outline-level="0" text:name="Text"/><text:sequence-decl text:display-outline-level="0" text:name="Drawing"/></text:sequence-decls><text:section text:style-name="Sect1" text:name="texto"><text:p text:style-name="P1"><draw:frame draw:style-name="fr1" draw:name="Figura1" text:anchor-type="paragraph" svg:width="17.013cm" svg:height="24.897cm" draw:z-index="0"><draw:image xlink:href="Pictures/1000020100000A5D00000F2F007A90EAF9D37008.png" xlink:type="simple" xlink:show="embed" xlink:actuate="onLoad"/></draw:frame><office:annotation><dc:date>2018-07-29T09:37:05.791470908</dc:date><text:p>HTML: &lt;meta name=&quot;created&quot; content=&quot;00:00:00&quot;&gt;</text:p></office:annotation><office:annotation><dc:date>2018-07-29T09:37:05.791507307</dc:date><text:p>HTML: &lt;meta name=&quot;changed&quot; content=&quot;2018-07-29T09:19:03.187558700&quot;&gt;</text:p></office:annotation><office:annotation><dc:date>2018-07-29T09:37:05.791529980</dc:date><text:p>HTML: &lt;meta name=&quot;created&quot; content=&quot;00:00:00&quot;&gt;</text:p></office:annotation><office:annotation><dc:date>2018-07-29T09:37:05.791553576</dc:date><text:p>HTML: &lt;meta name=&quot;changed&quot; content=&quot;2018-07-29T08:00:40.867824431&quot;&gt;</text:p></office:annotation><office:annotation><dc:date>2018-07-29T09:37:05.791574808</dc:date><text:p>HTML: &lt;meta name=&quot;created&quot; content=&quot;00:00:00&quot;&gt;</text:p></office:annotation><office:annotation><dc:date>2018-07-29T09:37:05.791598132</dc:date><text:p>HTML: &lt;meta name=&quot;changed&quot; content=&quot;2018-07-24T12:50:41.215335791&quot;&gt;</text:p></office:annotation><office:annotation><dc:date>2018-07-29T09:37:05.791618720</dc:date><text:p>HTML: &lt;meta name=&quot;created&quot; content=&quot;00:00:00&quot;&gt;</text:p></office:annotation><office:annotation><dc:date>2018-07-29T09:37:05.791641590</dc:date><text:p>HTML: &lt;meta name=&quot;changed&quot; content=&quot;2018-07-23T18:43:47.928798087&quot;&gt;</text:p></office:annotation><office:annotation><dc:date>2018-07-29T09:37:05.791662009</dc:date><text:p>HTML: &lt;meta name=&quot;created&quot; content=&quot;00:00:00&quot;&gt;</text:p></office:annotation><office:annotation><dc:date>2018-07-29T09:37:05.791684666</dc:date><text:p>HTML: &lt;meta name=&quot;changed&quot; content=&quot;2018-07-23T18:37:06.663822480&quot;&gt;</text:p></office:annotation></text:p><text:p text:style-name="P4"><text:span text:style-name="Strong_20_Emphasis"><text:span text:style-name="T5"><office:annotation><dc:date>2018-07-29T09:37:07.084192249</dc:date><text:p>HTML: &lt;meta name=&quot;created&quot; content=&quot;00:00:00&quot;&gt;</text:p></office:annotation></text:span></text:span><text:span text:style-name="Strong_20_Emphasis"><text:span text:style-name="T5"><office:annotation><dc:date>2018-07-29T09:37:07.084205061</dc:date><text:p>HTML: &lt;meta name=&quot;changed&quot; content=&quot;2018-07-23T17:32:13.276789423&quot;&gt;</text:p></office:annotation></text:span></text:span><text:span text:style-name="Strong_20_Emphasis"><text:span text:style-name="T5"><office:annotation><dc:date>2018-07-29T09:37:07.084214620</dc:date><text:p>HTML: &lt;meta name=&quot;created&quot; content=&quot;00:00:00&quot;&gt;</text:p></office:annotation></text:span></text:span><text:span text:style-name="Strong_20_Emphasis"><text:span text:style-name="T5"><office:annotation><dc:date>2018-07-29T09:37:07.084224698</dc:date><text:p>HTML: &lt;meta name=&quot;changed&quot; content=&quot;2018-07-01T22:31:55.880483169&quot;&gt;</text:p></office:annotation></text:span></text:span><text:span text:style-name="Strong_20_Emphasis"><text:span text:style-name="T5"><office:annotation><dc:date>2018-07-29T09:37:07.084233679</dc:date><text:p>HTML: &lt;meta name=&quot;created&quot; content=&quot;00:00:00&quot;&gt;</text:p></office:annotation></text:span></text:span><text:span text:style-name="Strong_20_Emphasis"><text:span text:style-name="T5"><office:annotation><dc:date>2018-07-29T09:37:07.084243548</dc:date><text:p>HTML: &lt;meta name=&quot;changed&quot; content=&quot;2018-07-01T22:13:16.001692095&quot;&gt;</text:p></office:annotation></text:span></text:span><text:span text:style-name="Strong_20_Emphasis"><text:span text:style-name="T5"><office:annotation><dc:date>2018-07-29T09:37:07.084252288</dc:date><text:p>HTML: &lt;meta name=&quot;created&quot; content=&quot;00:00:00&quot;&gt;</text:p></office:annotation></text:span></text:span><text:span text:style-name="Strong_20_Emphasis"><text:span text:style-name="T5"><office:annotation><dc:date>2018-07-29T09:37:07.084261240</dc:date><text:p>HTML: &lt;meta name=&quot;changed&quot; content=&quot;00:00:00&quot;&gt;</text:p></office:annotation></text:span></text:span><text:span text:style-name="Strong_20_Emphasis"><text:span text:style-name="T5"><office:annotation><dc:date>2018-07-29T09:37:07.084269733</dc:date><text:p>HTML: &lt;meta name=&quot;created&quot; content=&quot;00:00:00&quot;&gt;</text:p></office:annotation></text:span></text:span><text:span text:style-name="Strong_20_Emphasis"><text:span text:style-name="T5"><office:annotation><dc:date>2018-07-29T09:37:07.084279261</dc:date><text:p>HTML: &lt;meta name=&quot;changed&quot; content=&quot;2018-06-29T22:40:27.905434121&quot;&gt;</text:p></office:annotation></text:span></text:span><text:span text:style-name="Strong_20_Emphasis"><text:span text:style-name="T5"><office:annotation><dc:date>2018-07-29T09:37:07.084288077</dc:date><text:p>HTML: &lt;meta name=&quot;created&quot; content=&quot;00:00:00&quot;&gt;</text:p></office:annotation></text:span></text:span><text:span text:style-name="Strong_20_Emphasis"><text:span text:style-name="T5"><office:annotation><dc:date>2018-07-29T09:37:07.084297273</dc:date><text:p>HTML: &lt;meta name=&quot;changed&quot; content=&quot;2018-06-29T22:19:54.818236607&quot;&gt;</text:p></office:annotation></text:span></text:span><text:span text:style-name="Strong_20_Emphasis"><text:span text:style-name="T5"><office:annotation><dc:date>2018-07-29T09:37:07.084305954</dc:date><text:p>HTML: &lt;meta name=&quot;created&quot; content=&quot;00:00:00&quot;&gt;</text:p></office:annotation></text:span></text:span><text:span text:style-name="Strong_20_Emphasis"><text:span text:style-name="T5"><office:annotation><dc:date>2018-07-29T09:37:07.084315561</dc:date><text:p>HTML: &lt;meta name=&quot;changed&quot; content=&quot;2018-06-29T16:48:09.289221502&quot;&gt;</text:p></office:annotation></text:span></text:span><text:span text:style-name="Strong_20_Emphasis"><text:span text:style-name="T5"><office:annotation><dc:date>2018-07-29T09:37:07.084324197</dc:date><text:p>HTML: &lt;meta name=&quot;created&quot; content=&quot;00:00:00&quot;&gt;</text:p></office:annotation></text:span></text:span><text:span text:style-name="Strong_20_Emphasis"><text:span text:style-name="T5"><office:annotation><dc:date>2018-07-29T09:37:07.084333914</dc:date><text:p>HTML: &lt;meta name=&quot;changed&quot; content=&quot;2018-06-28T13:04:28.492733451&quot;&gt;</text:p></office:annotation></text:span></text:span><text:span text:style-name="Strong_20_Emphasis"><text:span text:style-name="T5"><office:annotation><dc:date>2018-07-29T09:37:07.084342750</dc:date><text:p>HTML: &lt;meta name=&quot;created&quot; content=&quot;00:00:00&quot;&gt;</text:p></office:annotation></text:span></text:span><text:span text:style-name="Strong_20_Emphasis"><text:span text:style-name="T5"><office:annotation><dc:date>2018-07-29T09:37:07.084351972</dc:date><text:p>HTML: &lt;meta name=&quot;changed&quot; content=&quot;2018-06-26T16:14:44.639882738&quot;&gt;</text:p></office:annotation></text:span></text:span><text:span text:style-name="Strong_20_Emphasis"><text:span text:style-name="T5"><office:annotation><dc:date>2018-07-29T09:37:07.084360782</dc:date><text:p>HTML: &lt;meta name=&quot;created&quot; content=&quot;00:00:00&quot;&gt;</text:p></office:annotation></text:span></text:span><text:span text:style-name="Strong_20_Emphasis"><text:span text:style-name="T5"><office:annotation><dc:date>2018-07-29T09:37:07.084370366</dc:date><text:p>HTML: &lt;meta name=&quot;changed&quot; content=&quot;2018-06-26T00:07:28.897913089&quot;&gt;</text:p></office:annotation></text:span></text:span><text:span text:style-name="Strong_20_Emphasis"><text:span text:style-name="T5"><office:annotation><dc:date>2018-07-29T09:37:07.084378887</dc:date><text:p>HTML: &lt;meta name=&quot;created&quot; content=&quot;00:00:00&quot;&gt;</text:p></office:annotation></text:span></text:span><text:span text:style-name="Strong_20_Emphasis"><text:span text:style-name="T5"><office:annotation><dc:date>2018-07-29T09:37:07.084388516</dc:date><text:p>HTML: &lt;meta name=&quot;changed&quot; content=&quot;2018-06-25T20:14:42.039332923&quot;&gt;</text:p></office:annotation></text:span></text:span><text:span text:style-name="Strong_20_Emphasis"><text:span text:style-name="T5"><office:annotation><dc:date>2018-07-29T09:37:07.084397183</dc:date><text:p>HTML: &lt;meta name=&quot;created&quot; content=&quot;00:00:00&quot;&gt;</text:p></office:annotation></text:span></text:span><text:span text:style-name="Strong_20_Emphasis"><text:span text:style-name="T5"><office:annotation><dc:date>2018-07-29T09:37:07.084406604</dc:date><text:p>HTML: &lt;meta name=&quot;changed&quot; content=&quot;2018-06-24T22:32:07.411315002&quot;&gt;</text:p></office:annotation></text:span></text:span><text:span text:style-name="Strong_20_Emphasis"><text:span text:style-name="T5"><office:annotation><dc:date>2018-07-29T09:37:07.084415271</dc:date><text:p>HTML: &lt;meta name=&quot;created&quot; content=&quot;00:00:00&quot;&gt;</text:p></office:annotation></text:span></text:span><text:span text:style-name="Strong_20_Emphasis"><text:span text:style-name="T5"><office:annotation><dc:date>2018-07-29T09:37:07.084424922</dc:date><text:p>HTML: &lt;meta name=&quot;changed&quot; content=&quot;2018-06-24T15:42:01.493043692&quot;&gt;</text:p></office:annotation></text:span></text:span><text:span text:style-name="Strong_20_Emphasis"><text:span text:style-name="T5"><office:annotation><dc:date>2018-07-29T09:37:07.084433452</dc:date><text:p>HTML: &lt;meta name=&quot;created&quot; content=&quot;00:00:00&quot;&gt;</text:p></office:annotation></text:span></text:span><text:span text:style-name="Strong_20_Emphasis"><text:span text:style-name="T5"><office:annotation><dc:date>2018-07-29T09:37:07.084443079</dc:date><text:p>HTML: &lt;meta name=&quot;changed&quot; content=&quot;2018-06-24T09:30:05.416727667&quot;&gt;</text:p></office:annotation></text:span></text:span><text:span text:style-name="Strong_20_Emphasis"><text:span text:style-name="T5"><office:annotation><dc:date>2018-07-29T09:37:07.084451555</dc:date><text:p>HTML: &lt;meta name=&quot;created&quot; content=&quot;00:00:00&quot;&gt;</text:p></office:annotation></text:span></text:span><text:span text:style-name="Strong_20_Emphasis"><text:span text:style-name="T5"><office:annotation><dc:date>2018-07-29T09:37:07.084461044</dc:date><text:p>HTML: &lt;meta name=&quot;changed&quot; content=&quot;2018-06-23T16:36:03.100363804&quot;&gt;</text:p></office:annotation></text:span></text:span><text:span text:style-name="Strong_20_Emphasis"><text:span text:style-name="T5"><office:annotation><dc:date>2018-07-29T09:37:07.084469587</dc:date><text:p>HTML: &lt;meta name=&quot;created&quot; content=&quot;00:00:00&quot;&gt;</text:p></office:annotation></text:span></text:span><text:span text:style-name="Strong_20_Emphasis"><text:span text:style-name="T5"><office:annotation><dc:date>2018-07-29T09:37:07.084478948</dc:date><text:p>HTML: &lt;meta name=&quot;changed&quot; content=&quot;2018-06-23T11:36:03.222001170&quot;&gt;</text:p></office:annotation></text:span></text:span><text:span text:style-name="Strong_20_Emphasis"><text:span text:style-name="T5"><office:annotation><dc:date>2018-07-29T09:37:07.084488310</dc:date><text:p>HTML: &lt;meta name=&quot;created&quot; content=&quot;00:00:00&quot;&gt;</text:p></office:annotation></text:span></text:span><text:span text:style-name="Strong_20_Emphasis"><text:span text:style-name="T5"><office:annotation><dc:date>2018-07-29T09:37:07.084497941</dc:date><text:p>HTML: &lt;meta name=&quot;changed&quot; content=&quot;2018-06-21T23:23:09.057807835&quot;&gt;</text:p></office:annotation></text:span></text:span><text:span text:style-name="Strong_20_Emphasis"><text:span text:style-name="T5"><office:annotation><dc:date>2018-07-29T09:37:07.084506251</dc:date><text:p>HTML: &lt;meta name=&quot;created&quot; content=&quot;00:00:00&quot;&gt;</text:p></office:annotation></text:span></text:span><text:span text:style-name="Strong_20_Emphasis"><text:span text:style-name="T5"><office:annotation><dc:date>2018-07-29T09:37:07.084515551</dc:date><text:p>HTML: &lt;meta name=&quot;changed&quot; content=&quot;2018-06-21T17:55:17.865393136&quot;&gt;</text:p></office:annotation></text:span></text:span><text:span text:style-name="Strong_20_Emphasis"><text:span text:style-name="T5"><office:annotation><dc:date>2018-07-29T09:37:07.084523984</dc:date><text:p>HTML: &lt;meta name=&quot;created&quot; content=&quot;00:00:00&quot;&gt;</text:p></office:annotation></text:span></text:span><text:span text:style-name="Strong_20_Emphasis"><text:span text:style-name="T5"><office:annotation><dc:date>2018-07-29T09:37:07.084533404</dc:date><text:p>HTML: &lt;meta name=&quot;changed&quot; content=&quot;2018-06-21T12:21:22.763521742&quot;&gt;</text:p></office:annotation></text:span></text:span><text:span text:style-name="Strong_20_Emphasis"><text:span text:style-name="T5"><office:annotation><dc:date>2018-07-29T09:37:07.084541812</dc:date><text:p>HTML: &lt;meta name=&quot;created&quot; content=&quot;00:00:00&quot;&gt;</text:p></office:annotation></text:span></text:span><text:span text:style-name="Strong_20_Emphasis"><text:span text:style-name="T5"><office:annotation><dc:date>2018-07-29T09:37:07.084551060</dc:date><text:p>HTML: &lt;meta name=&quot;changed&quot; content=&quot;2018-06-20T18:34:19.830157535&quot;&gt;</text:p></office:annotation></text:span></text:span><text:span text:style-name="Strong_20_Emphasis"><text:span text:style-name="T5"><office:annotation><dc:date>2018-07-29T09:37:07.084559627</dc:date><text:p>HTML: &lt;meta name=&quot;created&quot; content=&quot;00:00:00&quot;&gt;</text:p></office:annotation></text:span></text:span><text:span text:style-name="Strong_20_Emphasis"><text:span text:style-name="T5"><office:annotation><dc:date>2018-07-29T09:37:07.084569005</dc:date><text:p>HTML: &lt;meta name=&quot;changed&quot; content=&quot;2018-06-19T12:54:18.844691454&quot;&gt;</text:p></office:annotation></text:span></text:span><text:span text:style-name="Strong_20_Emphasis"><text:span text:style-name="T5"><office:annotation><dc:date>2018-07-29T09:37:07.084577587</dc:date><text:p>HTML: &lt;meta name=&quot;created&quot; content=&quot;00:00:00&quot;&gt;</text:p></office:annotation></text:span></text:span><text:span text:style-name="Strong_20_Emphasis"><text:span text:style-name="T5"><office:annotation><dc:date>2018-07-29T09:37:07.084605780</dc:date><text:p>HTML: &lt;meta name=&quot;changed&quot; content=&quot;2018-06-18T23:20:12.738581285&quot;&gt;</text:p></office:annotation></text:span></text:span><text:span text:style-name="Strong_20_Emphasis"><text:span text:style-name="T5"><office:annotation><dc:date>2018-07-29T09:37:07.084615090</dc:date><text:p>HTML: &lt;meta name=&quot;created&quot; content=&quot;00:00:00&quot;&gt;</text:p></office:annotation></text:span></text:span><text:span text:style-name="Strong_20_Emphasis"><text:span text:style-name="T5"><office:annotation><dc:date>2018-07-29T09:37:07.084624875</dc:date><text:p>HTML: &lt;meta name=&quot;changed&quot; content=&quot;2018-06-18T20:39:37.890329984&quot;&gt;</text:p></office:annotation></text:span></text:span><text:span text:style-name="Strong_20_Emphasis"><text:span text:style-name="T5"><office:annotation><dc:date>2018-07-29T09:37:07.084633507</dc:date><text:p>HTML: &lt;meta name=&quot;created&quot; content=&quot;00:00:00&quot;&gt;</text:p></office:annotation></text:span></text:span><text:span text:style-name="Strong_20_Emphasis"><text:span text:style-name="T5"><office:annotation><dc:date>2018-07-29T09:37:07.084642981</dc:date><text:p>HTML: &lt;meta name=&quot;changed&quot; content=&quot;2018-06-18T12:45:23.879199387&quot;&gt;</text:p></office:annotation></text:span></text:span><text:span text:style-name="Strong_20_Emphasis"><text:span text:style-name="T5"><office:annotation><dc:date>2018-07-29T09:37:07.084651681</dc:date><text:p>HTML: &lt;meta name=&quot;created&quot; content=&quot;00:00:00&quot;&gt;</text:p></office:annotation></text:span></text:span><text:span text:style-name="Strong_20_Emphasis"><text:span text:style-name="T5"><office:annotation><dc:date>2018-07-29T09:37:07.084661235</dc:date><text:p>HTML: &lt;meta name=&quot;changed&quot; content=&quot;2018-06-17T20:02:02.143589569&quot;&gt;</text:p></office:annotation></text:span></text:span><text:span text:style-name="Strong_20_Emphasis"><text:span text:style-name="T5"><office:annotation><dc:date>2018-07-29T09:37:07.084669736</dc:date><text:p>HTML: &lt;meta name=&quot;created&quot; content=&quot;00:00:00&quot;&gt;</text:p></office:annotation></text:span></text:span><text:span text:style-name="Strong_20_Emphasis"><text:span text:style-name="T5"><office:annotation><dc:date>2018-07-29T09:37:07.084679349</dc:date><text:p>HTML: &lt;meta name=&quot;changed&quot; content=&quot;2018-06-17T19:45:54.789583280&quot;&gt;</text:p></office:annotation></text:span></text:span><text:span text:style-name="Strong_20_Emphasis"><text:span text:style-name="T5"><office:annotation><dc:date>2018-07-29T09:37:07.084688009</dc:date><text:p>HTML: &lt;meta name=&quot;created&quot; content=&quot;00:00:00&quot;&gt;</text:p></office:annotation></text:span></text:span><text:span text:style-name="Strong_20_Emphasis"><text:span text:style-name="T5"><office:annotation><dc:date>2018-07-29T09:37:07.084697442</dc:date><text:p>HTML: &lt;meta name=&quot;changed&quot; content=&quot;2018-06-16T15:19:53.989201345&quot;&gt;</text:p></office:annotation></text:span></text:span><text:span text:style-name="Strong_20_Emphasis"><text:span text:style-name="T5"><office:annotation><dc:date>2018-07-29T09:37:07.084706254</dc:date><text:p>HTML: &lt;meta name=&quot;created&quot; content=&quot;00:00:00&quot;&gt;</text:p></office:annotation></text:span></text:span><text:span text:style-name="Strong_20_Emphasis"><text:span text:style-name="T5"><office:annotation><dc:date>2018-07-29T09:37:07.084715896</dc:date><text:p>HTML: &lt;meta name=&quot;changed&quot; content=&quot;2018-06-16T13:50:44.432862129&quot;&gt;</text:p></office:annotation></text:span></text:span><text:span text:style-name="Strong_20_Emphasis"><text:span text:style-name="T5"><office:annotation><dc:date>2018-07-29T09:37:07.084724612</dc:date><text:p>HTML: &lt;meta name=&quot;created&quot; content=&quot;00:00:00&quot;&gt;</text:p></office:annotation></text:span></text:span><text:span text:style-name="Strong_20_Emphasis"><text:span text:style-name="T5"><office:annotation><dc:date>2018-07-29T09:37:07.084734203</dc:date><text:p>HTML: &lt;meta name=&quot;changed&quot; content=&quot;2018-06-16T10:49:58.030689160&quot;&gt;</text:p></office:annotation></text:span></text:span><text:span text:style-name="Strong_20_Emphasis"><text:span text:style-name="T5"><office:annotation><dc:date>2018-07-29T09:37:07.084742898</dc:date><text:p>HTML: &lt;meta name=&quot;created&quot; content=&quot;00:00:00&quot;&gt;</text:p></office:annotation></text:span></text:span><text:span text:style-name="Strong_20_Emphasis"><text:span text:style-name="T5"><office:annotation><dc:date>2018-07-29T09:37:07.084752459</dc:date><text:p>HTML: &lt;meta name=&quot;changed&quot; content=&quot;2018-06-15T13:05:31.693854059&quot;&gt;</text:p></office:annotation></text:span></text:span><text:span text:style-name="Strong_20_Emphasis"><text:span text:style-name="T5"><office:annotation><dc:date>2018-07-29T09:37:07.084761879</dc:date><text:p>HTML: &lt;meta name=&quot;changed&quot; content=&quot;2018-06-15T16:46:54.538249678&quot;&gt;</text:p></office:annotation></text:span></text:span><text:span text:style-name="Strong_20_Emphasis"><text:span text:style-name="T5"><office:annotation><dc:date>2018-07-29T09:37:07.084770710</dc:date><text:p>HTML: &lt;meta name=&quot;created&quot; content=&quot;00:00:00&quot;&gt;</text:p></office:annotation></text:span></text:span><text:span text:style-name="Strong_20_Emphasis"><text:span text:style-name="T5"><office:annotation><dc:date>2018-07-29T09:37:07.084780070</dc:date><text:p>HTML: &lt;meta name=&quot;changed&quot; content=&quot;2018-06-14T22:55:38.007259856&quot;&gt;</text:p></office:annotation></text:span></text:span><text:span text:style-name="Strong_20_Emphasis"><text:span text:style-name="T5"><office:annotation><dc:date>2018-07-29T09:37:07.084788619</dc:date><text:p>HTML: &lt;meta name=&quot;created&quot; content=&quot;00:00:00&quot;&gt;</text:p></office:annotation></text:span></text:span><text:span text:style-name="Strong_20_Emphasis"><text:span text:style-name="T5"><office:annotation><dc:date>2018-07-29T09:37:07.084798847</dc:date><text:p>HTML: &lt;meta name=&quot;changed&quot; content=&quot;2018-06-14T20:52:51.033526204&quot;&gt;</text:p></office:annotation></text:span></text:span><text:span text:style-name="Strong_20_Emphasis"><text:span text:style-name="T5"><office:annotation><dc:date>2018-07-29T09:37:07.084807425</dc:date><text:p>HTML: &lt;meta name=&quot;created&quot; content=&quot;00:00:00&quot;&gt;</text:p></office:annotation></text:span></text:span><text:span text:style-name="Strong_20_Emphasis"><text:span text:style-name="T5"><office:annotation><dc:date>2018-07-29T09:37:07.084816760</dc:date><text:p>HTML: &lt;meta name=&quot;changed&quot; content=&quot;2018-06-14T17:27:12.577284577&quot;&gt;</text:p></office:annotation></text:span></text:span><text:span text:style-name="Strong_20_Emphasis"><text:span text:style-name="T5"><office:annotation><dc:date>2018-07-29T09:37:07.084825503</dc:date><text:p>HTML: &lt;meta name=&quot;created&quot; content=&quot;00:00:00&quot;&gt;</text:p></office:annotation></text:span></text:span><text:span text:style-name="Strong_20_Emphasis"><text:span text:style-name="T5"><office:annotation><dc:date>2018-07-29T09:37:07.084834849</dc:date><text:p>HTML: &lt;meta name=&quot;changed&quot; content=&quot;2018-06-14T12:58:12.332824081&quot;&gt;</text:p></office:annotation></text:span></text:span><text:span text:style-name="Strong_20_Emphasis"><text:span text:style-name="T5"><office:annotation><dc:date>2018-07-29T09:37:07.084843471</dc:date><text:p>HTML: &lt;meta name=&quot;created&quot; content=&quot;00:00:00&quot;&gt;</text:p></office:annotation></text:span></text:span><text:span text:style-name="Strong_20_Emphasis"><text:span text:style-name="T5"><office:annotation><dc:date>2018-07-29T09:37:07.084852685</dc:date><text:p>HTML: &lt;meta name=&quot;changed&quot; content=&quot;2018-06-14T07:07:38.845049501&quot;&gt;</text:p></office:annotation></text:span></text:span><text:span text:style-name="Strong_20_Emphasis"><text:span text:style-name="T5"><office:annotation><dc:date>2018-07-29T09:37:07.084861241</dc:date><text:p>HTML: &lt;meta name=&quot;created&quot; content=&quot;00:00:00&quot;&gt;</text:p></office:annotation></text:span></text:span><text:span text:style-name="Strong_20_Emphasis"><text:span text:style-name="T5"><office:annotation><dc:date>2018-07-29T09:37:07.084870763</dc:date><text:p>HTML: &lt;meta name=&quot;changed&quot; content=&quot;2018-06-13T22:59:08.975991996&quot;&gt;</text:p></office:annotation></text:span></text:span><text:span text:style-name="Strong_20_Emphasis"><text:span text:style-name="T5"><office:annotation><dc:date>2018-07-29T09:37:07.084879662</dc:date><text:p>HTML: &lt;meta name=&quot;created&quot; content=&quot;00:00:00&quot;&gt;</text:p></office:annotation></text:span></text:span><text:span text:style-name="Strong_20_Emphasis"><text:span text:style-name="T5"><office:annotation><dc:date>2018-07-29T09:37:07.084889251</dc:date><text:p>HTML: &lt;meta name=&quot;changed&quot; content=&quot;2018-06-13T20:26:03.305702553&quot;&gt;</text:p></office:annotation></text:span></text:span><text:span text:style-name="Strong_20_Emphasis"><text:span text:style-name="T5"><office:annotation><dc:date>2018-07-29T09:37:07.084897789</dc:date><text:p>HTML: &lt;meta name=&quot;created&quot; content=&quot;00:00:00&quot;&gt;</text:p></office:annotation></text:span></text:span><text:span text:style-name="Strong_20_Emphasis"><text:span text:style-name="T5"><office:annotation><dc:date>2018-07-29T09:37:07.084907382</dc:date><text:p>HTML: &lt;meta name=&quot;changed&quot; content=&quot;2018-06-12T12:28:00.714637591&quot;&gt;</text:p></office:annotation></text:span></text:span><text:span text:style-name="Strong_20_Emphasis"><text:span text:style-name="T5"><office:annotation><dc:date>2018-07-29T09:37:07.084916052</dc:date><text:p>HTML: &lt;meta name=&quot;created&quot; content=&quot;00:00:00&quot;&gt;</text:p></office:annotation></text:span></text:span><text:span text:style-name="Strong_20_Emphasis"><text:span text:style-name="T5"><office:annotation><dc:date>2018-07-29T09:37:07.084925514</dc:date><text:p>HTML: &lt;meta name=&quot;changed&quot; content=&quot;2018-06-11T22:59:09.625284365&quot;&gt;</text:p></office:annotation></text:span></text:span><text:span text:style-name="Strong_20_Emphasis"><text:span text:style-name="T5"><office:annotation><dc:date>2018-07-29T09:37:07.084935191</dc:date><text:p>HTML: &lt;meta name=&quot;created&quot; content=&quot;2018-06-11T22:51:04.642681485&quot;&gt;</text:p></office:annotation></text:span></text:span><text:span text:style-name="Strong_20_Emphasis"><text:span text:style-name="T5"><office:annotation><dc:date>2018-07-29T09:37:07.084944615</dc:date><text:p>HTML: &lt;meta name=&quot;changed&quot; content=&quot;2018-06-11T22:52:11.240135258&quot;&gt;</text:p></office:annotation></text:span></text:span><text:span text:style-name="Strong_20_Emphasis"><text:span text:style-name="T5">Título: </text:span></text:span><text:span text:style-name="Strong_20_Emphasis"><text:span text:style-name="T5"><office:annotation><dc:date>2018-07-29T09:37:07.085010959</dc:date><text:p>HTML: &lt;meta name=&quot;created&quot; content=&quot;00:00:00&quot;&gt;</text:p></office:annotation></text:span></text:span><text:span text:style-name="Strong_20_Emphasis"><text:span text:style-name="T5"><office:annotation><dc:date>2018-07-29T09:37:07.085021550</dc:date><text:p>HTML: &lt;meta name=&quot;changed&quot; content=&quot;2018-06-14T22:55:38.007259856&quot;&gt;</text:p></office:annotation></text:span></text:span><text:span text:style-name="Strong_20_Emphasis"><text:span text:style-name="T5"><office:annotation><dc:date>2018-07-29T09:37:07.085030867</dc:date><text:p>HTML: &lt;meta name=&quot;created&quot; content=&quot;00:00:00&quot;&gt;</text:p></office:annotation></text:span></text:span><text:span text:style-name="Strong_20_Emphasis"><text:span text:style-name="T5"><office:annotation><dc:date>2018-07-29T09:37:07.085040899</dc:date><text:p>HTML: &lt;meta name=&quot;changed&quot; content=&quot;2018-06-14T20:52:51.033526204&quot;&gt;</text:p></office:annotation></text:span></text:span><text:span text:style-name="Strong_20_Emphasis"><text:span text:style-name="T5"><office:annotation><dc:date>2018-07-29T09:37:07.085049701</dc:date><text:p>HTML: &lt;meta name=&quot;created&quot; content=&quot;00:00:00&quot;&gt;</text:p></office:annotation></text:span></text:span><text:span text:style-name="Strong_20_Emphasis"><text:span text:style-name="T5"><office:annotation><dc:date>2018-07-29T09:37:07.085059184</dc:date><text:p>HTML: &lt;meta name=&quot;changed&quot; content=&quot;2018-06-14T17:27:12.577284577&quot;&gt;</text:p></office:annotation></text:span></text:span><text:span text:style-name="Strong_20_Emphasis"><text:span text:style-name="T5"><office:annotation><dc:date>2018-07-29T09:37:07.085067936</dc:date><text:p>HTML: &lt;meta name=&quot;created&quot; content=&quot;00:00:00&quot;&gt;</text:p></office:annotation></text:span></text:span><text:span text:style-name="Strong_20_Emphasis"><text:span text:style-name="T5"><office:annotation><dc:date>2018-07-29T09:37:07.085077559</dc:date><text:p>HTML: &lt;meta name=&quot;changed&quot; content=&quot;2018-06-14T12:58:12.332824081&quot;&gt;</text:p></office:annotation></text:span></text:span><text:span text:style-name="Strong_20_Emphasis"><text:span text:style-name="T5"><office:annotation><dc:date>2018-07-29T09:37:07.085086201</dc:date><text:p>HTML: &lt;meta name=&quot;created&quot; content=&quot;00:00:00&quot;&gt;</text:p></office:annotation></text:span></text:span><text:span text:style-name="Strong_20_Emphasis"><text:span text:style-name="T5"><office:annotation><dc:date>2018-07-29T09:37:07.085095626</dc:date><text:p>HTML: &lt;meta name=&quot;changed&quot; content=&quot;2018-06-14T07:07:38.845049501&quot;&gt;</text:p></office:annotation></text:span></text:span><text:span text:style-name="Strong_20_Emphasis"><text:span text:style-name="T5"><office:annotation><dc:date>2018-07-29T09:37:07.085104387</dc:date><text:p>HTML: &lt;meta name=&quot;created&quot; content=&quot;00:00:00&quot;&gt;</text:p></office:annotation></text:span></text:span><text:span text:style-name="Strong_20_Emphasis"><text:span text:style-name="T5"><office:annotation><dc:date>2018-07-29T09:37:07.085113780</dc:date><text:p>HTML: &lt;meta name=&quot;changed&quot; content=&quot;2018-06-13T22:59:08.975991996&quot;&gt;</text:p></office:annotation></text:span></text:span><text:span text:style-name="Strong_20_Emphasis"><text:span text:style-name="T5"><office:annotation><dc:date>2018-07-29T09:37:07.085122451</dc:date><text:p>HTML: &lt;meta name=&quot;created&quot; content=&quot;00:00:00&quot;&gt;</text:p></office:annotation></text:span></text:span><text:span text:style-name="Strong_20_Emphasis"><text:span text:style-name="T5"><office:annotation><dc:date>2018-07-29T09:37:07.085131990</dc:date><text:p>HTML: &lt;meta name=&quot;changed&quot; content=&quot;2018-06-13T20:26:03.305702553&quot;&gt;</text:p></office:annotation></text:span></text:span><text:span text:style-name="Strong_20_Emphasis"><text:span text:style-name="T5"><office:annotation><dc:date>2018-07-29T09:37:07.085140518</dc:date><text:p>HTML: &lt;meta name=&quot;created&quot; content=&quot;00:00:00&quot;&gt;</text:p></office:annotation></text:span></text:span><text:span text:style-name="Strong_20_Emphasis"><text:span text:style-name="T5"><office:annotation><dc:date>2018-07-29T09:37:07.085150194</dc:date><text:p>HTML: &lt;meta name=&quot;changed&quot; content=&quot;2018-06-12T12:28:00.714637591&quot;&gt;</text:p></office:annotation></text:span></text:span><text:span text:style-name="Strong_20_Emphasis"><text:span text:style-name="T5"><office:annotation><dc:date>2018-07-29T09:37:07.085158726</dc:date><text:p>HTML: &lt;meta name=&quot;created&quot; content=&quot;00:00:00&quot;&gt;</text:p></office:annotation></text:span></text:span><text:span text:style-name="Strong_20_Emphasis"><text:span text:style-name="T5"><office:annotation><dc:date>2018-07-29T09:37:07.085168088</dc:date><text:p>HTML: &lt;meta name=&quot;changed&quot; content=&quot;2018-06-11T22:59:09.625284365&quot;&gt;</text:p></office:annotation></text:span></text:span><text:span text:style-name="Strong_20_Emphasis"><text:span text:style-name="T5"><office:annotation><dc:date>2018-07-29T09:37:07.085177600</dc:date><text:p>HTML: &lt;meta name=&quot;created&quot; content=&quot;2018-06-11T22:51:04.642681485&quot;&gt;</text:p></office:annotation></text:span></text:span><text:span text:style-name="Strong_20_Emphasis"><text:span text:style-name="T5"><office:annotation><dc:date>2018-07-29T09:37:07.085186911</dc:date><text:p>HTML: &lt;meta name=&quot;changed&quot; content=&quot;2018-06-11T22:52:11.240135258&quot;&gt;</text:p></office:annotation></text:span></text:span><text:span text:style-name="Strong_20_Emphasis"><text:span text:style-name="T5">CHAPTER A DAY (2 TIMÓTEO)<text:line-break/>Autor: NORMAN</text:span></text:span><text:span text:style-name="Strong_20_Emphasis"><text:span text:style-name="T4"> </text:span></text:span><text:span text:style-name="Strong_20_Emphasis"><text:span text:style-name="T5">BERRY </text:span></text:span><text:span text:style-name="Strong_20_Emphasis"><text:span text:style-name="T2"><text:line-break/><text:line-break/></text:span></text:span><text:span text:style-name="Strong_20_Emphasis"><text:span text:style-name="T7">Literaturas em formato</text:span></text:span><text:span text:style-name="Strong_20_Emphasis"><text:span text:style-name="T6"> </text:span></text:span><text:span text:style-name="Strong_20_Emphasis"><text:span text:style-name="T7">digital:<text:line-break/></text:span></text:span><text:a xlink:type="simple" xlink:href="http://www.acervodigitalcristao.com.br/" text:style-name="Internet_20_link" text:visited-style-name="Visited_20_Internet_20_Link"><text:span text:style-name="Strong_20_Emphasis"><text:span text:style-name="T2">www.acervodigitalcristao.com.br</text:span></text:span></text:a><text:span text:style-name="Strong_20_Emphasis"><text:span text:style-name="T8"><text:line-break/><text:line-break/></text:span></text:span><text:span text:style-name="Strong_20_Emphasis"><text:span text:style-name="T3">Literaturas em formato</text:span></text:span><text:span text:style-name="Strong_20_Emphasis"> </text:span><text:span text:style-name="Strong_20_Emphasis"><text:span text:style-name="T3">Impresso:<text:line-break/></text:span></text:span><text:a xlink:type="simple" xlink:href="http://www.verdadesvivas.com.br/" text:style-name="Internet_20_link" text:visited-style-name="Visited_20_Internet_20_Link"><text:span text:style-name="Strong_20_Emphasis"><text:span text:style-name="T2">www.verdadesvivas.com.br</text:span></text:span></text:a><text:span text:style-name="Strong_20_Emphasis"><text:span text:style-name="T8"><text:line-break/><text:line-break/></text:span></text:span><text:span text:style-name="Strong_20_Emphasis"><text:span text:style-name="T3">Evangelho em 03 Minutos:</text:span></text:span><text:span text:style-name="Strong_20_Emphasis"> </text:span><text:span text:style-name="Strong_20_Emphasis"><text:span text:style-name="T2"><text:line-break/></text:span></text:span><text:a xlink:type="simple" xlink:href="http://www.3minutos.net/" text:style-name="Internet_20_link" text:visited-style-name="Visited_20_Internet_20_Link"><text:span text:style-name="Strong_20_Emphasis"><text:span text:style-name="T2">www.3minutos.net</text:span></text:span></text:a><text:span text:style-name="Strong_20_Emphasis"><text:span text:style-name="T8"><text:line-break/><text:line-break/></text:span></text:span><text:span text:style-name="Strong_20_Emphasis"><text:span text:style-name="T3">O que respondi:<text:line-break/></text:span></text:span><text:a xlink:type="simple" xlink:href="http://www.respondi.com.br/" text:style-name="Internet_20_link" text:visited-style-name="Visited_20_Internet_20_Link"><text:span text:style-name="Strong_20_Emphasis"><text:span text:style-name="T2">www.respondi.com.br</text:span></text:span></text:a></text:p><text:section text:style-name="Sect1" text:name="Sumário1"><text:p text:style-name="Text_20_body"><text:soft-page-break/></text:p></text:section><text:h text:style-name="P5" text:outline-level="2"/><text:h text:style-name="P7" text:outline-level="2"><text:bookmark text:name="__RefHeading___Toc4084_1522826305"/><text:soft-page-break/>#419</text:h><text:p text:style-name="P2"/><text:p text:style-name="P3">Quando acabamos de cair em uma correnteza, ela nos levará bem além de nossas intenções.</text:p><text:p text:style-name="P2"/><text:h text:style-name="P5" text:outline-level="2"><text:bookmark text:name="__RefHeading___Toc4086_1522826305"/><text:a xlink:type="simple" xlink:href="http://mysword.info/b?r=2Ti_1" text:style-name="Internet_20_link" text:visited-style-name="Visited_20_Internet_20_Link"><text:span text:style-name="T1">2 TIMÓTEO 1</text:span></text:a></text:h><text:p text:style-name="P2"/><text:p text:style-name="P3">Em Juízes vimos indivíduos que eram fiéis a Deus em uma época quando quase todos estavam desobedecendo a Deus. Em 2 Timóteo veremos o mesmo. Deus havia permitido que o mal entrasse entre os crentes nos dias de Timóteo, para que a Bíblia pudesse dizer para todas as gerações de crentes que viessem depois como deveriam agir quando as coisas ficassem difíceis e tenebrosas. Lembre-se disto quando ler 2a. Timóteo. É a última carta escrita por Paulo. Ele estava para perder sua vida na corte do Imperador Romano Nero. É um livro de encorajamento para todos aqueles que desejam seguir adiante para o Senhor, apesar das crescentes trevas e dificuldades causadas por muitos crentes que se afastam da verdade. Na ocasião em que o apóstolo escrevia esta segunda carta a Timóteo, ele já tinha visto a infidelidade entre o povo de Deus, e o fracasso e fraqueza na assembléia. Possamos ser sensíveis a esta mensagem, e aprender dela. Este livro é intensamente individual. Receba-o pessoalmente. Estamos vivendo nos dias que antecedem a vinda do Senhor para nós... a fidelidade individual é essencial.</text:p><text:p text:style-name="P2"/><text:p text:style-name="P2"><text:a xlink:type="simple" xlink:href="http://mysword.info/b?r=2Ti_1:5" text:style-name="Internet_20_link" text:visited-style-name="Visited_20_Internet_20_Link"><text:span text:style-name="T1">2Tm 1:5</text:span></text:a><text:span text:style-name="T1"> Ele alegremente se recorda da fé que havia visto em Timóteo. Ele também havia visto essa fé na mão e na avó de Timóteo. Que encorajamento para as mães e avós de hoje! Viva aquilo que aprendeu acerca de Cristo. Se você ensina a verdade a seus filhos, então há algo ainda mais importante... deixe que eles vejam isso em sua vida!</text:span></text:p><text:p text:style-name="P2"/><text:p text:style-name="P2"><text:a xlink:type="simple" xlink:href="http://mysword.info/b?r=2Ti_1:6" text:style-name="Internet_20_link" text:visited-style-name="Visited_20_Internet_20_Link"><text:span text:style-name="T1">2Tm 1:6</text:span></text:a><text:span text:style-name="T1"> Paulo encoraja Timóteo a fazer uso das habilidades que ele havia recebido de Deus. Paulo havia demonstrado sua comunhão com Timóteo ao usar aquele dom, impondo suas mãos sobre ele. (Demonstrando sua unidade com ele).</text:span></text:p><text:p text:style-name="P2"/><text:p text:style-name="P2"><text:a xlink:type="simple" xlink:href="http://mysword.info/b?r=2Ti_1:8" text:style-name="Internet_20_link" text:visited-style-name="Visited_20_Internet_20_Link"><text:span text:style-name="T1">2Tm 1:8</text:span></text:a><text:span text:style-name="T1"> Embora tudo esteja envolto em fraqueza, ainda assim não há razão para se envergonhar do testemunho do Senhor. Você está preparado para defender a verdade? Muitos crentes têm medo por causa do que os parentes irão dizer deles. Mas acaso isso é colocar o Senhor em primeiro lugar? Nossa oportunidade de sermos fiéis à Sua Palavra logo terá passado.</text:span></text:p><text:p text:style-name="P2"/><text:p text:style-name="P2"><text:a xlink:type="simple" xlink:href="http://mysword.info/b?r=2Ti_1:10" text:style-name="Internet_20_link" text:visited-style-name="Visited_20_Internet_20_Link"><text:span text:style-name="T1">2Tm 1:10</text:span></text:a><text:span text:style-name="T1"> &quot;Trouxe à luz... pelo evangelho&quot;. Significa que a vinda do Salvador a este mundo foi a completa revelação do amor e da graça de Deus para com um mundo perdido. O evangelho nos fala da maravilhosa história desta verdade.</text:span></text:p><text:p text:style-name="P2"/><text:p text:style-name="P2"><text:a xlink:type="simple" xlink:href="http://mysword.info/b?r=2Ti_1:12" text:style-name="Internet_20_link" text:visited-style-name="Visited_20_Internet_20_Link"><text:span text:style-name="T1">2Tm 1:12</text:span></text:a><text:span text:style-name="T1"> Repare a alegre confiança de Paulo, apesar de enxergar o testemunho se desfazendo, mas ele não se envergonhava - ele entregava tudo ao Senhor. Nunca nos envergonharemos de termos permanecido firmes na verdade que aprendemos.</text:span></text:p><text:p text:style-name="P2"/><text:p text:style-name="P2"><text:a xlink:type="simple" xlink:href="http://mysword.info/b?r=2Ti_1:13" text:style-name="Internet_20_link" text:visited-style-name="Visited_20_Internet_20_Link"><text:span text:style-name="T1">2Tm 1:13</text:span></text:a><text:span text:style-name="T1"> &quot;Conserva&quot;. Hoje é um dia de desistência, sabemos disso. Mais devemos então conservar a verdade que Deus deu em Sua Palavra.</text:span></text:p><text:p text:style-name="P2"/><text:h text:style-name="P6" text:outline-level="2"><text:bookmark text:name="__RefHeading___Toc4088_1522826305"/>#420</text:h><text:p text:style-name="P2"/><text:p text:style-name="P3">Quando os homens se propõem a imitar a administração do &quot;um só corpo&quot;, ou acaba em uma ditadura, ou em um grupo que concordam com regras predeterminadas.</text:p><text:p text:style-name="P2"/><text:h text:style-name="P5" text:outline-level="2"><text:bookmark text:name="__RefHeading___Toc4090_1522826305"/><text:a xlink:type="simple" xlink:href="http://mysword.info/b?r=2Ti_2:1-8" text:style-name="Internet_20_link" text:visited-style-name="Visited_20_Internet_20_Link"><text:span text:style-name="T1">2 TIMÓTEO 2, Vers. 1-8</text:span></text:a></text:h><text:p text:style-name="P2"/><text:p text:style-name="P2"><text:span text:style-name="T1">Lembremo-nos, enquanto lermos os versículos </text:span><text:a xlink:type="simple" xlink:href="http://mysword.info/b?r=2Ti_2:1-19" text:style-name="Internet_20_link" text:visited-style-name="Visited_20_Internet_20_Link"><text:span text:style-name="T1">1 ao 19</text:span></text:a><text:span text:style-name="T1">, de que eles podem ser vistos como uma parte em que podemos aprender que eu e você podemos fazer duas coisas, se nossa condição espiritual diante de Deus for boa; primeiro, seremos capazes de saber o que Deus quer que façamos, e, segundo, teremos forças para fazer isso dia após dia. Maravilhoso? Maravilhoso! Mãos à obra.</text:span></text:p><text:p text:style-name="P2"/><text:p text:style-name="P2"><text:a xlink:type="simple" xlink:href="http://mysword.info/b?r=2Ti_2:1" text:style-name="Internet_20_link" text:visited-style-name="Visited_20_Internet_20_Link"><text:span text:style-name="T1">2Tm 2:1</text:span></text:a><text:span text:style-name="T1"> Mais uma vez, ele é ensinado a se fortalecer; desta vez na graça que está em Cristo Jesus. Pois embora as pessoas possam falhar e a verdade possa ser abandonada, mesmo assim Cristo Jesus permanece sempre o mesmo.</text:span></text:p><text:p text:style-name="P2"/><text:p text:style-name="P2"><text:a xlink:type="simple" xlink:href="http://mysword.info/b?r=2Ti_2:2" text:style-name="Internet_20_link" text:visited-style-name="Visited_20_Internet_20_Link"><text:span text:style-name="T1">2Tm 2:2</text:span></text:a><text:span text:style-name="T1"> Timóteo devia transmitir a verdade a homens fiéis que também pudessem transmiti-las a outros. Não fala que deviam ser homens letrados, inteligentes, mas &quot;homens fiéis&quot; - homens que defenderiam a verdade que tinham aprendido. A verdade não muda e nem sai da moda...</text:span></text:p><text:p text:style-name="P2"/><text:p text:style-name="P2"><text:a xlink:type="simple" xlink:href="http://mysword.info/b?r=2Ti_2:3-4" text:style-name="Internet_20_link" text:visited-style-name="Visited_20_Internet_20_Link"><text:span text:style-name="T1">2Tm 2:3-4</text:span></text:a><text:span text:style-name="T1"> Timóteo é comparado a um soldado que deve aprender a suportar as dificuldades, a estar separado daquilo que pudesse embaraçá-lo, e a agradar Aquele que o escolhera. Somos facilmente embaraçados com coisas que atrapalham o tempo que gastamos para o Senhor Jesus. Com muita frequência, culpamos nossos afazeres, mas, sejamos honestos, será que damos a Cristo nosso tempo quando terminamos nossos afazeres? Lembre-se de 1 Samuel </text:span><text:a xlink:type="simple" xlink:href="http://mysword.info/b?r=1Sa_2:30" text:style-name="Internet_20_link" text:visited-style-name="Visited_20_Internet_20_Link"><text:span text:style-name="T1">2:30</text:span></text:a><text:span text:style-name="T1">. É também um bom versículo para ser memorizado.</text:span></text:p><text:p text:style-name="P2"/><text:p text:style-name="P2"><text:a xlink:type="simple" xlink:href="http://mysword.info/b?r=2Ti_2:5" text:style-name="Internet_20_link" text:visited-style-name="Visited_20_Internet_20_Link"><text:span text:style-name="T1">2Tm 2:5</text:span></text:a><text:span text:style-name="T1"> Nas provas de atletismo, há regras que devem ser seguidas. Desprezar ou desobedecer essas regras não permitirá que se ganhe a medalha de ouro. E do mesmo modo para com o serviço do Senhor, a Palavra de Deus nos instrui naquilo que o Senhor exige, e é melhor não ignorarmos isso.</text:span></text:p><text:p text:style-name="P2"/><text:p text:style-name="P2"><text:a xlink:type="simple" xlink:href="http://mysword.info/b?r=2Ti_2:6" text:style-name="Internet_20_link" text:visited-style-name="Visited_20_Internet_20_Link"><text:span text:style-name="T1">2Tm 2:6</text:span></text:a><text:span text:style-name="T1"> O agricultor deve trabalhar em seus campos antes de receber qualquer fruto por seu trabalho. O tempo de trabalho de Timóteo era aquele, e os frutos chegariam mais tarde... assim como é conosco!</text:span></text:p><text:p text:style-name="P2"/><text:p text:style-name="P2"><text:a xlink:type="simple" xlink:href="http://mysword.info/b?r=2Ti_2:8" text:style-name="Internet_20_link" text:visited-style-name="Visited_20_Internet_20_Link"><text:span text:style-name="T1">2Tm 2:8</text:span></text:a><text:span text:style-name="T1"> Um exemplo do que Paulo estava falando - pois o fruto do Senhor era em ressurreição. A vida e a pregação do Senhor podia parecer improdutiva até chegar aquele momento. Trabalhemos e esperemos também!</text:span></text:p><text:p text:style-name="P2"/><text:h text:style-name="P6" text:outline-level="2"><text:bookmark text:name="__RefHeading___Toc4092_1522826305"/>#421</text:h><text:p text:style-name="P2"/><text:p text:style-name="P3">Um fracasso notório sempre é precedido de um declínio gradual da vida e energia espiritual.</text:p><text:p text:style-name="P2"/><text:h text:style-name="P5" text:outline-level="2"><text:bookmark text:name="__RefHeading___Toc4094_1522826305"/><text:a xlink:type="simple" xlink:href="http://mysword.info/b?r=2Ti_2:9-26" text:style-name="Internet_20_link" text:visited-style-name="Visited_20_Internet_20_Link"><text:span text:style-name="T1">2 TIMÓTEO 2, Vers. 9-26</text:span></text:a></text:h><text:p text:style-name="P2"/><text:p text:style-name="P2"><text:a xlink:type="simple" xlink:href="http://mysword.info/b?r=2Ti_2:15" text:style-name="Internet_20_link" text:visited-style-name="Visited_20_Internet_20_Link"><text:span text:style-name="T1">2Tm 2:15</text:span></text:a><text:span text:style-name="T1"> Aqui temos outra comparação. Timóteo é como um trabalhador. Se ele manejar bem a verdade, não terá de que se envergonhar em seu trabalho. Manejemos ou interpretemos bem as Escrituras da maneira adequada. Podemos fazê-lo se tivermos uma boa consciência.</text:span></text:p><text:p text:style-name="P2"/><text:p text:style-name="P2"><text:a xlink:type="simple" xlink:href="http://mysword.info/b?r=2Ti_2:19" text:style-name="Internet_20_link" text:visited-style-name="Visited_20_Internet_20_Link"><text:span text:style-name="T1">2Tm 2:19</text:span></text:a><text:span text:style-name="T1"> Repare duas coisas (1) O lado de Deus, o Senhor sabe quem são os crentes. (2) Nosso lado - nossa responsabilidade é de nos separarmos do mal (mal ensino - </text:span><text:a xlink:type="simple" xlink:href="http://mysword.info/b?r=2Ti_2:18" text:style-name="Internet_20_link" text:visited-style-name="Visited_20_Internet_20_Link"><text:span text:style-name="T1">vers. 18</text:span></text:a><text:span text:style-name="T1">, imoralidade - </text:span><text:a xlink:type="simple" xlink:href="http://mysword.info/b?r=2Ti_2:22" text:style-name="Internet_20_link" text:visited-style-name="Visited_20_Internet_20_Link"><text:span text:style-name="T1">vers. 22</text:span></text:a><text:span text:style-name="T1">).</text:span></text:p><text:p text:style-name="P2"/><text:p text:style-name="P2"><text:a xlink:type="simple" xlink:href="http://mysword.info/b?r=2Ti_2:20" text:style-name="Internet_20_link" text:visited-style-name="Visited_20_Internet_20_Link"><text:span text:style-name="T1">2Tm 2:20</text:span></text:a><text:span text:style-name="T1"> Alguns de nós vivem em países chamados Cristãos, mas são &quot;Cristãos&quot; apenas de nome. A &quot;grande casa&quot; descreve a mistura e inclui aqueles que dizem ser &quot;cristãos&quot; mas não são crentes verdadeiro no Senhor Jesus Cristo. &quot;Professam&quot; mas não &quot;possuem&quot;.</text:span></text:p><text:p text:style-name="P2"/><text:p text:style-name="P2"><text:span text:style-name="T1">2 Tim </text:span><text:a xlink:type="simple" xlink:href="http://mysword.info/b?r=2Ti_2:21" text:style-name="Internet_20_link" text:visited-style-name="Visited_20_Internet_20_Link"><text:span text:style-name="T1">2:21</text:span></text:a><text:span text:style-name="T1"> Que maravilhosa promessa é feita aqui para o indivíduo que se separa dos ensinos que as Escrituras condenam. Essa pessoa se encontrará entendendo mais verdade e com maior rapidez por meio do Espírito Santo de Deus. </text:span><text:a xlink:type="simple" xlink:href="http://mysword.info/b?r=1Th_2:13" text:style-name="Internet_20_link" text:visited-style-name="Visited_20_Internet_20_Link"><text:span text:style-name="T1">1Ts 2:13</text:span></text:a><text:span text:style-name="T1">.</text:span></text:p><text:p text:style-name="P2"/><text:p text:style-name="P2"><text:a xlink:type="simple" xlink:href="http://mysword.info/b?r=2Ti_2:22" text:style-name="Internet_20_link" text:visited-style-name="Visited_20_Internet_20_Link"><text:span text:style-name="T1">2Tm 2:22</text:span></text:a><text:span text:style-name="T1"> Quatro coisas. Justiça; aprendemos do Evangelho de Mateus; Fé, de Marcos; caridade (amor) de João e Paz do Evangelho de Lucas.</text:span></text:p><text:p text:style-name="P2"/><text:p text:style-name="P2"><text:a xlink:type="simple" xlink:href="http://mysword.info/b?r=2Ti_2:23-26" text:style-name="Internet_20_link" text:visited-style-name="Visited_20_Internet_20_Link"><text:span text:style-name="T1">2Tm 2:23-26</text:span></text:a><text:span text:style-name="T1"> Avisos, sinais vermelhos que não devemos ultrapassar.</text:span></text:p><text:p text:style-name="P2"/><text:h text:style-name="P6" text:outline-level="2"><text:bookmark text:name="__RefHeading___Toc4096_1522826305"/>#422</text:h><text:p text:style-name="P2"/><text:p text:style-name="P3">O pecado separa... fisicamente, espiritualmente e eternamente.</text:p><text:p text:style-name="P2"/><text:h text:style-name="P5" text:outline-level="2"><text:bookmark text:name="__RefHeading___Toc4098_1522826305"/><text:a xlink:type="simple" xlink:href="http://mysword.info/b?r=2Ti_3" text:style-name="Internet_20_link" text:visited-style-name="Visited_20_Internet_20_Link"><text:span text:style-name="T1">2 TIMÓTEO 3</text:span></text:a></text:h><text:p text:style-name="P2"/><text:p text:style-name="P3">Este capítulo não nos fala de disciplina coletiva, mas da responsabilidade individual de cada um.</text:p><text:p text:style-name="P2"/><text:p text:style-name="P2"><text:a xlink:type="simple" xlink:href="http://mysword.info/b?r=2Ti_3:1-5" text:style-name="Internet_20_link" text:visited-style-name="Visited_20_Internet_20_Link"><text:span text:style-name="T1">2Tm 3:1-5</text:span></text:a><text:span text:style-name="T1"> O capítulo </text:span><text:a xlink:type="simple" xlink:href="http://mysword.info/b?r=2Ti_2:19" text:style-name="Internet_20_link" text:visited-style-name="Visited_20_Internet_20_Link"><text:span text:style-name="T1">2:19</text:span></text:a><text:span text:style-name="T1"> nos disse que devemos nos separar de crentes que não obedecem a Palavra. Estes versículos nos falam que devemos nos separar de incrédulos que podem até mesmo ter uma &quot;forma de piedade&quot;. (Veja </text:span><text:a xlink:type="simple" xlink:href="http://mysword.info/b?r=2Ti_2:21" text:style-name="Internet_20_link" text:visited-style-name="Visited_20_Internet_20_Link"><text:span text:style-name="T1">2:21</text:span></text:a><text:span text:style-name="T1"> e </text:span><text:a xlink:type="simple" xlink:href="http://mysword.info/b?r=2Ti_3:5" text:style-name="Internet_20_link" text:visited-style-name="Visited_20_Internet_20_Link"><text:span text:style-name="T1">3:5</text:span></text:a><text:span text:style-name="T1">, última parte).</text:span></text:p><text:p text:style-name="P2"/><text:p text:style-name="P2"><text:a xlink:type="simple" xlink:href="http://mysword.info/b?r=2Ti_3:2-4" text:style-name="Internet_20_link" text:visited-style-name="Visited_20_Internet_20_Link"><text:span text:style-name="T1">2Tm 3:2-4</text:span></text:a><text:span text:style-name="T1"> Que descrição precisa de nossos dias. Vemos isso ao nosso redor. E não vai melhorar.</text:span></text:p><text:p text:style-name="P2"/><text:p text:style-name="P2"><text:a xlink:type="simple" xlink:href="http://mysword.info/b?r=2Ti_3:10" text:style-name="Internet_20_link" text:visited-style-name="Visited_20_Internet_20_Link"><text:span text:style-name="T1">2Tm 3:10</text:span></text:a><text:span text:style-name="T1"> Mas, aqui estava uma vida totalmente oposta àquilo que havia sido descrito. A própria vida e testemunho de Paulo eram um exemplo piedoso para Timóteo. Pergunte a si mesmo, &quot;Estou sendo de ajuda e encorajamento para outros?&quot; Estamos vivendo nestes &quot;ultimos dias&quot;!</text:span></text:p><text:p text:style-name="P2"/><text:p text:style-name="P2"><text:a xlink:type="simple" xlink:href="http://mysword.info/b?r=2Ti_3:13" text:style-name="Internet_20_link" text:visited-style-name="Visited_20_Internet_20_Link"><text:span text:style-name="T1">2Tm 3:13</text:span></text:a><text:span text:style-name="T1"> As condições ao nosso redor hoje irão piorar e não podemos impedir que isso aconteça.</text:span></text:p><text:p text:style-name="P2"/><text:p text:style-name="P2"><text:a xlink:type="simple" xlink:href="http://mysword.info/b?r=2Ti_3:14" text:style-name="Internet_20_link" text:visited-style-name="Visited_20_Internet_20_Link"><text:span text:style-name="T1">2Tm 3:14</text:span></text:a><text:span text:style-name="T1"> Mais uma vez a palavra &quot;MAS&quot; ou &quot;PORÉM&quot; - permanece! Pode ser que o leitor destas palavras tenha conhecido a verdade e agora esteja vendo ela ser abandonada, e substituída por pensamentos humanos. Não ceda. Permanece! Timóteo havia aprendido a verdade dos lábios e da vida do apóstolo Paulo, e também por ter tido uma mãe e avó piedosas.</text:span></text:p><text:p text:style-name="P2"/><text:p text:style-name="P2"><text:a xlink:type="simple" xlink:href="http://mysword.info/b?r=2Ti_3:15" text:style-name="Internet_20_link" text:visited-style-name="Visited_20_Internet_20_Link"><text:span text:style-name="T1">2Tm 3:15</text:span></text:a><text:span text:style-name="T1"> Que isto sirva de encorajamento aos pais que oram. Seus filhos escutam a leitura diária das Escrituras em casa? Ensine-os mostrando a eles a maneira correta.</text:span></text:p><text:p text:style-name="P2"/><text:p text:style-name="P2"><text:a xlink:type="simple" xlink:href="http://mysword.info/b?r=2Ti_3:16-17" text:style-name="Internet_20_link" text:visited-style-name="Visited_20_Internet_20_Link"><text:span text:style-name="T1">2Tm 3:16-17</text:span></text:a><text:span text:style-name="T1"> Toda a Palavra de Deus é dada por inspiração de Deus, e toda ela é proveitosa. Não estamos totalmente equipados se não lermos a Palavra constantemente.</text:span></text:p><text:p text:style-name="P2"/><text:h text:style-name="P6" text:outline-level="2"><text:bookmark text:name="__RefHeading___Toc4100_1522826305"/>#423</text:h><text:p text:style-name="P2"/><text:p text:style-name="P3">Quanto maior a energia do Espírito, mais o indivíduo em quem ela é manifestada estará exposto ao conflito.</text:p><text:p text:style-name="P2"/><text:h text:style-name="P5" text:outline-level="2"><text:bookmark text:name="__RefHeading___Toc4102_1522826305"/><text:a xlink:type="simple" xlink:href="http://mysword.info/b?r=2Ti_4" text:style-name="Internet_20_link" text:visited-style-name="Visited_20_Internet_20_Link"><text:span text:style-name="T1">2 TIMÓTEO 4</text:span></text:a></text:h><text:p text:style-name="P2"/><text:p text:style-name="P2"><text:span text:style-name="T1">Este capítulo dá instruções especiais de como servir ao Senhor quando muitos crentes ao redor já nem querem ouvir a sã doutrina. Repare dois diferentes períodos mostrados no </text:span><text:a xlink:type="simple" xlink:href="http://mysword.info/b?r=2Ti_4:1" text:style-name="Internet_20_link" text:visited-style-name="Visited_20_Internet_20_Link"><text:span text:style-name="T1">versículo 1</text:span></text:a><text:span text:style-name="T1">. O Senhor julgará os incrédulos que estiverem vivos quando Ele vier, e 1.000 anos mais tarde Ele irá julgar os incrédulos, os mortos e os vivos no final do milênio.</text:span></text:p><text:p text:style-name="P2"/><text:p text:style-name="P2"><text:a xlink:type="simple" xlink:href="http://mysword.info/b?r=2Ti_4:1-2" text:style-name="Internet_20_link" text:visited-style-name="Visited_20_Internet_20_Link"><text:span text:style-name="T1">2Tm 4:1-2</text:span></text:a><text:span text:style-name="T1"> Por causa dos dias de trevas que estavam por vir, era da máxima urgência que Timóteo pregasse a Palavra fielmente e em todas as ocasiões. Os dias de nosso testemunho estão quase no fim. Tomemos também esta exortação de coração. Repare que o aviso para nós nestes últimos dias é contra o mal religioso e eclesiástico. &quot;Porque... não suportarão a sã doutrina&quot;, alguns ficam até irados quando se insiste neste ponto. É exatamente o que o </text:span><text:a xlink:type="simple" xlink:href="http://mysword.info/b?r=2Ti_4:3" text:style-name="Internet_20_link" text:visited-style-name="Visited_20_Internet_20_Link"><text:span text:style-name="T1">versículo 3</text:span></text:a><text:span text:style-name="T1"> previa. &quot;Comichão nos ouvidos&quot; refere-se aos ouvintes. eles querem mestres que digam coisas interessantes, mesmo que sejam falsas... - vers. </text:span><text:a xlink:type="simple" xlink:href="http://mysword.info/b?r=2Ti_4:3-4" text:style-name="Internet_20_link" text:visited-style-name="Visited_20_Internet_20_Link"><text:span text:style-name="T1">3-4</text:span></text:a><text:span text:style-name="T1">.</text:span></text:p><text:p text:style-name="P2"/><text:p text:style-name="P2"><text:a xlink:type="simple" xlink:href="http://mysword.info/b?r=2Ti_4:5-8" text:style-name="Internet_20_link" text:visited-style-name="Visited_20_Internet_20_Link"><text:span text:style-name="T1">2Tm 4:5-8</text:span></text:a><text:span text:style-name="T1"> Paulo sabia que logo iria partir, e encoraja Timóteo a seguir fiel.</text:span></text:p><text:p text:style-name="P2"/><text:p text:style-name="P2"><text:a xlink:type="simple" xlink:href="http://mysword.info/b?r=2Ti_4:8" text:style-name="Internet_20_link" text:visited-style-name="Visited_20_Internet_20_Link"><text:span text:style-name="T1">2Tm 4:8</text:span></text:a><text:span text:style-name="T1"> Refere-se ao tempo quando o Senhor descerá do céu conosco para julgar, e para estabelecer o Seu reino (não quando Ele vier para nós). Se amamos alguém, nos alegramos de ver essa pessoa ser honrada. Se eu e você realmente amamos o dia vindouro quando Cristo será Rei e governará sobre este mundo, o resultado será que eu e você iremos viver para Ele hoje, e cada dia de nossa vida. Trata-se do dia quando Ele Se manifestará ao mundo (veja Ap </text:span><text:a xlink:type="simple" xlink:href="http://mysword.info/b?r=Rev_19:11-16" text:style-name="Internet_20_link" text:visited-style-name="Visited_20_Internet_20_Link"><text:span text:style-name="T1">19:11-16</text:span></text:a><text:span text:style-name="T1">).</text:span></text:p><text:p text:style-name="P2"/><text:p text:style-name="P2"><text:a xlink:type="simple" xlink:href="http://mysword.info/b?r=2Ti_4:10" text:style-name="Internet_20_link" text:visited-style-name="Visited_20_Internet_20_Link"><text:span text:style-name="T1">2Tm 4:10</text:span></text:a><text:span text:style-name="T1"> Diz que Demas amou o presente século ou mundo (não o mundo mau). É tão fácil fazer isto um pouco de vez em quando. É melhor não sermos acusados disso.</text:span></text:p><text:p text:style-name="P2"/><text:p text:style-name="P2"><text:a xlink:type="simple" xlink:href="http://mysword.info/b?r=2Ti_4:11-" text:style-name="Internet_20_link" text:visited-style-name="Visited_20_Internet_20_Link"><text:span text:style-name="T1">2Tm 4:11-</text:span></text:a><text:span text:style-name="T1">final Saudações de Paulo para aqueles que ele amava muito, alguns dos quais haviam servido o Senhor com ele por muitos anos. Assim Paulo descansa sua pena.</text:span></text:p><text:p text:style-name="P2"/></text:section></office:text></office:body></office:document-content>