<?xml version="1.0" encoding="UTF-8"?>
<office:document-content xmlns:office="urn:oasis:names:tc:opendocument:xmlns:office:1.0" xmlns:style="urn:oasis:names:tc:opendocument:xmlns:style:1.0" xmlns:text="urn:oasis:names:tc:opendocument:xmlns:text:1.0" xmlns:table="urn:oasis:names:tc:opendocument:xmlns:table:1.0" xmlns:draw="urn:oasis:names:tc:opendocument:xmlns:drawing:1.0" xmlns:fo="urn:oasis:names:tc:opendocument:xmlns:xsl-fo-compatible:1.0" xmlns:xlink="http://www.w3.org/1999/xlink" xmlns:dc="http://purl.org/dc/elements/1.1/" xmlns:meta="urn:oasis:names:tc:opendocument:xmlns:meta:1.0" xmlns:number="urn:oasis:names:tc:opendocument:xmlns:datastyle:1.0" xmlns:svg="urn:oasis:names:tc:opendocument:xmlns:svg-compatible:1.0" xmlns:chart="urn:oasis:names:tc:opendocument:xmlns:chart:1.0" xmlns:dr3d="urn:oasis:names:tc:opendocument:xmlns:dr3d:1.0" xmlns:math="http://www.w3.org/1998/Math/MathML" xmlns:form="urn:oasis:names:tc:opendocument:xmlns:form:1.0" xmlns:script="urn:oasis:names:tc:opendocument:xmlns:script:1.0" xmlns:ooo="http://openoffice.org/2004/office" xmlns:ooow="http://openoffice.org/2004/writer" xmlns:oooc="http://openoffice.org/2004/calc" xmlns:dom="http://www.w3.org/2001/xml-events" xmlns:xforms="http://www.w3.org/2002/xforms" xmlns:xsd="http://www.w3.org/2001/XMLSchema" xmlns:xsi="http://www.w3.org/2001/XMLSchema-instance" xmlns:rpt="http://openoffice.org/2005/report" xmlns:of="urn:oasis:names:tc:opendocument:xmlns:of:1.2" xmlns:xhtml="http://www.w3.org/1999/xhtml" xmlns:grddl="http://www.w3.org/2003/g/data-view#" xmlns:officeooo="http://openoffice.org/2009/office" xmlns:tableooo="http://openoffice.org/2009/table" xmlns:drawooo="http://openoffice.org/2010/draw" xmlns:calcext="urn:org:documentfoundation:names:experimental:calc:xmlns:calcext:1.0" xmlns:loext="urn:org:documentfoundation:names:experimental:office:xmlns:loext:1.0" xmlns:field="urn:openoffice:names:experimental:ooo-ms-interop:xmlns:field:1.0" xmlns:formx="urn:openoffice:names:experimental:ooxml-odf-interop:xmlns:form:1.0" xmlns:css3t="http://www.w3.org/TR/css3-text/" office:version="1.2"><office:scripts/><office:font-face-decls><style:font-face style:name="FreeSans1" svg:font-family="FreeSans"/><style:font-face style:name="Liberation Sans" svg:font-family="&apos;Liberation Sans&apos;, sans-serif"/><style:font-face style:name="Noto Sans CJK SC Regular1" svg:font-family="&apos;Noto Sans CJK SC Regular&apos;"/><style:font-face style:name="FreeSans2" svg:font-family="FreeSans" style:font-family-generic="swiss"/><style:font-face style:name="Liberation Serif" svg:font-family="&apos;Liberation Serif&apos;" style:font-family-generic="roman" style:font-pitch="variable"/><style:font-face style:name="Thorndale" svg:font-family="Thorndale" style:font-family-generic="roman" style:font-pitch="variable"/><style:font-face style:name="Albany" svg:font-family="Albany" style:font-family-generic="swiss" style:font-pitch="variable"/><style:font-face style:name="FreeSans" svg:font-family="FreeSans" style:font-family-generic="system" style:font-pitch="variable"/><style:font-face style:name="Noto Sans CJK SC Regular" svg:font-family="&apos;Noto Sans CJK SC Regular&apos;" style:font-family-generic="system" style:font-pitch="variable"/></office:font-face-decls><office:automatic-styles><style:style style:name="P1" style:family="paragraph" style:parent-style-name="Text_20_body" style:master-page-name="HTML"><style:paragraph-properties fo:margin-top="0cm" fo:margin-bottom="0cm" loext:contextual-spacing="false" fo:line-height="150%" fo:text-align="start" style:justify-single-word="false" style:page-number="auto"/></style:style><style:style style:name="P2" style:family="paragraph" style:parent-style-name="Text_20_body"><style:paragraph-properties fo:margin-top="0cm" fo:margin-bottom="0cm" loext:contextual-spacing="false" fo:line-height="150%" fo:text-align="justify" style:justify-single-word="false"/></style:style><style:style style:name="P3" style:family="paragraph" style:parent-style-name="Text_20_body"><style:paragraph-properties fo:margin-top="0cm" fo:margin-bottom="0cm" loext:contextual-spacing="false" fo:line-height="150%" fo:text-align="justify" style:justify-single-word="false"/><style:text-properties style:font-name="Liberation Sans" fo:font-size="12pt"/></style:style><style:style style:name="P4" style:family="paragraph" style:parent-style-name="Text_20_body"><style:paragraph-properties fo:margin-top="0cm" fo:margin-bottom="0cm" loext:contextual-spacing="false" fo:line-height="150%" fo:text-align="start" style:justify-single-word="false" fo:break-before="page"/></style:style><style:style style:name="P5" style:family="paragraph" style:parent-style-name="Heading_20_2"><style:paragraph-properties fo:line-height="150%"/><style:text-properties style:font-name="Liberation Sans" fo:font-size="12pt"/></style:style><style:style style:name="P6" style:family="paragraph" style:parent-style-name="Heading_20_2"><style:paragraph-properties fo:line-height="150%"/></style:style><style:style style:name="P7" style:family="paragraph" style:parent-style-name="Heading_20_2"><style:paragraph-properties fo:line-height="150%" fo:break-before="page"/><style:text-properties style:font-name="Liberation Sans" fo:font-size="12pt"/></style:style><style:style style:name="T1" style:family="text"><style:text-properties style:font-name="Liberation Sans" fo:font-size="12pt"/></style:style><style:style style:name="T2" style:family="text"><style:text-properties style:font-name="Liberation Sans" fo:font-size="12pt" fo:font-weight="bold"/></style:style><style:style style:name="T3" style:family="text"><style:text-properties style:font-name="Liberation Sans" fo:font-size="12pt" fo:font-weight="normal"/></style:style><style:style style:name="T4" style:family="text"><style:text-properties fo:font-variant="normal" fo:text-transform="none"/></style:style><style:style style:name="T5" style:family="text"><style:text-properties fo:font-variant="normal" fo:text-transform="none" style:font-name="Liberation Sans" fo:font-size="12pt" fo:font-style="normal" fo:font-weight="normal"/></style:style><style:style style:name="T6" style:family="text"><style:text-properties fo:color="#000000"/></style:style><style:style style:name="T7" style:family="text"><style:text-properties fo:color="#000000" style:font-name="Liberation Sans" fo:font-size="12pt" fo:font-weight="normal"/></style:style><style:style style:name="T8" style:family="text"><style:text-properties fo:color="#000099" style:text-line-through-style="none" style:text-line-through-type="none" style:font-name="Liberation Sans" fo:font-size="12pt" style:text-underline-style="none" fo:font-weight="bold" style:text-blinking="false"/></style:style><style:style style:name="fr1" style:family="graphic" style:parent-style-name="Graphics"><style:graphic-properties style:wrap="right" style:number-wrapped-paragraphs="no-limit" style:wrap-contour="false" style:vertical-pos="top" style:vertical-rel="paragraph-content" style:horizontal-pos="left" style:horizontal-rel="paragraph" style:mirror="none" fo:clip="rect(0cm, 0cm, 0cm, 0cm)" draw:luminance="0%" draw:contrast="0%" draw:red="0%" draw:green="0%" draw:blue="0%" draw:gamma="100%" draw:color-inversion="false" draw:image-opacity="100%" draw:color-mode="standard"/></style:style><style:style style:name="Sect1" style:family="section"><style:section-properties style:writing-mode="lr-tb" style:editable="false"><style:columns fo:column-count="1" fo:column-gap="0cm"/></style:section-properties></style:style></office:automatic-styles><office:body><office:text><text:sequence-decls><text:sequence-decl text:display-outline-level="0" text:name="Illustration"/><text:sequence-decl text:display-outline-level="0" text:name="Table"/><text:sequence-decl text:display-outline-level="0" text:name="Text"/><text:sequence-decl text:display-outline-level="0" text:name="Drawing"/></text:sequence-decls><text:section text:style-name="Sect1" text:name="texto"><text:p text:style-name="P1"><draw:frame draw:style-name="fr1" draw:name="Figura1" text:anchor-type="paragraph" svg:width="17.013cm" svg:height="24.897cm" draw:z-index="0"><draw:image xlink:href="Pictures/1000020100000A5D00000F2FE576FD26A6B567E1.png" xlink:type="simple" xlink:show="embed" xlink:actuate="onLoad"/></draw:frame><office:annotation><dc:date>2018-07-29T09:38:21.951312040</dc:date><text:p>HTML: &lt;meta name=&quot;created&quot; content=&quot;00:00:00&quot;&gt;</text:p></office:annotation><office:annotation><dc:date>2018-07-29T09:38:21.951336032</dc:date><text:p>HTML: &lt;meta name=&quot;changed&quot; content=&quot;2018-07-29T09:34:02.623562754&quot;&gt;</text:p></office:annotation><office:annotation><dc:date>2018-07-29T09:38:21.951352692</dc:date><text:p>HTML: &lt;meta name=&quot;created&quot; content=&quot;00:00:00&quot;&gt;</text:p></office:annotation><office:annotation><dc:date>2018-07-29T09:38:21.951370256</dc:date><text:p>HTML: &lt;meta name=&quot;changed&quot; content=&quot;2018-07-29T09:09:21.167795091&quot;&gt;</text:p></office:annotation><office:annotation><dc:date>2018-07-29T09:38:21.951386003</dc:date><text:p>HTML: &lt;meta name=&quot;created&quot; content=&quot;00:00:00&quot;&gt;</text:p></office:annotation><office:annotation><dc:date>2018-07-29T09:38:21.951403091</dc:date><text:p>HTML: &lt;meta name=&quot;changed&quot; content=&quot;2018-07-25T07:27:59.572932425&quot;&gt;</text:p></office:annotation><office:annotation><dc:date>2018-07-29T09:38:21.951418568</dc:date><text:p>HTML: &lt;meta name=&quot;created&quot; content=&quot;00:00:00&quot;&gt;</text:p></office:annotation><office:annotation><dc:date>2018-07-29T09:38:21.951435863</dc:date><text:p>HTML: &lt;meta name=&quot;changed&quot; content=&quot;2018-07-23T19:06:52.570609013&quot;&gt;</text:p></office:annotation><office:annotation><dc:date>2018-07-29T09:38:21.951451767</dc:date><text:p>HTML: &lt;meta name=&quot;created&quot; content=&quot;00:00:00&quot;&gt;</text:p></office:annotation><office:annotation><dc:date>2018-07-29T09:38:21.951469584</dc:date><text:p>HTML: &lt;meta name=&quot;changed&quot; content=&quot;2018-07-23T18:50:06.503894078&quot;&gt;</text:p></office:annotation></text:p><text:p text:style-name="P4"><text:span text:style-name="Strong_20_Emphasis"><text:span text:style-name="T5"><office:annotation><dc:date>2018-07-29T09:38:23.245025551</dc:date><text:p>HTML: &lt;meta name=&quot;created&quot; content=&quot;00:00:00&quot;&gt;</text:p></office:annotation></text:span></text:span><text:span text:style-name="Strong_20_Emphasis"><text:span text:style-name="T5"><office:annotation><dc:date>2018-07-29T09:38:23.245039094</dc:date><text:p>HTML: &lt;meta name=&quot;changed&quot; content=&quot;2018-07-23T17:41:21.675788521&quot;&gt;</text:p></office:annotation></text:span></text:span><text:span text:style-name="Strong_20_Emphasis"><text:span text:style-name="T5"><office:annotation><dc:date>2018-07-29T09:38:23.245049348</dc:date><text:p>HTML: &lt;meta name=&quot;created&quot; content=&quot;00:00:00&quot;&gt;</text:p></office:annotation></text:span></text:span><text:span text:style-name="Strong_20_Emphasis"><text:span text:style-name="T5"><office:annotation><dc:date>2018-07-29T09:38:23.245060417</dc:date><text:p>HTML: &lt;meta name=&quot;changed&quot; content=&quot;2018-07-01T22:58:29.399146321&quot;&gt;</text:p></office:annotation></text:span></text:span><text:span text:style-name="Strong_20_Emphasis"><text:span text:style-name="T5"><office:annotation><dc:date>2018-07-29T09:38:23.245069877</dc:date><text:p>HTML: &lt;meta name=&quot;created&quot; content=&quot;00:00:00&quot;&gt;</text:p></office:annotation></text:span></text:span><text:span text:style-name="Strong_20_Emphasis"><text:span text:style-name="T5"><office:annotation><dc:date>2018-07-29T09:38:23.245080161</dc:date><text:p>HTML: &lt;meta name=&quot;changed&quot; content=&quot;2018-07-01T22:13:16.001692095&quot;&gt;</text:p></office:annotation></text:span></text:span><text:span text:style-name="Strong_20_Emphasis"><text:span text:style-name="T5"><office:annotation><dc:date>2018-07-29T09:38:23.245089557</dc:date><text:p>HTML: &lt;meta name=&quot;created&quot; content=&quot;00:00:00&quot;&gt;</text:p></office:annotation></text:span></text:span><text:span text:style-name="Strong_20_Emphasis"><text:span text:style-name="T5"><office:annotation><dc:date>2018-07-29T09:38:23.245098902</dc:date><text:p>HTML: &lt;meta name=&quot;changed&quot; content=&quot;00:00:00&quot;&gt;</text:p></office:annotation></text:span></text:span><text:span text:style-name="Strong_20_Emphasis"><text:span text:style-name="T5"><office:annotation><dc:date>2018-07-29T09:38:23.245107962</dc:date><text:p>HTML: &lt;meta name=&quot;created&quot; content=&quot;00:00:00&quot;&gt;</text:p></office:annotation></text:span></text:span><text:span text:style-name="Strong_20_Emphasis"><text:span text:style-name="T5"><office:annotation><dc:date>2018-07-29T09:38:23.245117869</dc:date><text:p>HTML: &lt;meta name=&quot;changed&quot; content=&quot;2018-06-29T22:40:27.905434121&quot;&gt;</text:p></office:annotation></text:span></text:span><text:span text:style-name="Strong_20_Emphasis"><text:span text:style-name="T5"><office:annotation><dc:date>2018-07-29T09:38:23.245127365</dc:date><text:p>HTML: &lt;meta name=&quot;created&quot; content=&quot;00:00:00&quot;&gt;</text:p></office:annotation></text:span></text:span><text:span text:style-name="Strong_20_Emphasis"><text:span text:style-name="T5"><office:annotation><dc:date>2018-07-29T09:38:23.245138345</dc:date><text:p>HTML: &lt;meta name=&quot;changed&quot; content=&quot;2018-06-29T22:19:54.818236607&quot;&gt;</text:p></office:annotation></text:span></text:span><text:span text:style-name="Strong_20_Emphasis"><text:span text:style-name="T5"><office:annotation><dc:date>2018-07-29T09:38:23.245147479</dc:date><text:p>HTML: &lt;meta name=&quot;created&quot; content=&quot;00:00:00&quot;&gt;</text:p></office:annotation></text:span></text:span><text:span text:style-name="Strong_20_Emphasis"><text:span text:style-name="T5"><office:annotation><dc:date>2018-07-29T09:38:23.245157812</dc:date><text:p>HTML: &lt;meta name=&quot;changed&quot; content=&quot;2018-06-29T16:48:09.289221502&quot;&gt;</text:p></office:annotation></text:span></text:span><text:span text:style-name="Strong_20_Emphasis"><text:span text:style-name="T5"><office:annotation><dc:date>2018-07-29T09:38:23.245167246</dc:date><text:p>HTML: &lt;meta name=&quot;created&quot; content=&quot;00:00:00&quot;&gt;</text:p></office:annotation></text:span></text:span><text:span text:style-name="Strong_20_Emphasis"><text:span text:style-name="T5"><office:annotation><dc:date>2018-07-29T09:38:23.245177674</dc:date><text:p>HTML: &lt;meta name=&quot;changed&quot; content=&quot;2018-06-28T13:04:28.492733451&quot;&gt;</text:p></office:annotation></text:span></text:span><text:span text:style-name="Strong_20_Emphasis"><text:span text:style-name="T5"><office:annotation><dc:date>2018-07-29T09:38:23.245187014</dc:date><text:p>HTML: &lt;meta name=&quot;created&quot; content=&quot;00:00:00&quot;&gt;</text:p></office:annotation></text:span></text:span><text:span text:style-name="Strong_20_Emphasis"><text:span text:style-name="T5"><office:annotation><dc:date>2018-07-29T09:38:23.245197176</dc:date><text:p>HTML: &lt;meta name=&quot;changed&quot; content=&quot;2018-06-26T16:14:44.639882738&quot;&gt;</text:p></office:annotation></text:span></text:span><text:span text:style-name="Strong_20_Emphasis"><text:span text:style-name="T5"><office:annotation><dc:date>2018-07-29T09:38:23.245206220</dc:date><text:p>HTML: &lt;meta name=&quot;created&quot; content=&quot;00:00:00&quot;&gt;</text:p></office:annotation></text:span></text:span><text:span text:style-name="Strong_20_Emphasis"><text:span text:style-name="T5"><office:annotation><dc:date>2018-07-29T09:38:23.245216244</dc:date><text:p>HTML: &lt;meta name=&quot;changed&quot; content=&quot;2018-06-26T00:07:28.897913089&quot;&gt;</text:p></office:annotation></text:span></text:span><text:span text:style-name="Strong_20_Emphasis"><text:span text:style-name="T5"><office:annotation><dc:date>2018-07-29T09:38:23.245225721</dc:date><text:p>HTML: &lt;meta name=&quot;created&quot; content=&quot;00:00:00&quot;&gt;</text:p></office:annotation></text:span></text:span><text:span text:style-name="Strong_20_Emphasis"><text:span text:style-name="T5"><office:annotation><dc:date>2018-07-29T09:38:23.245235627</dc:date><text:p>HTML: &lt;meta name=&quot;changed&quot; content=&quot;2018-06-25T20:14:42.039332923&quot;&gt;</text:p></office:annotation></text:span></text:span><text:span text:style-name="Strong_20_Emphasis"><text:span text:style-name="T5"><office:annotation><dc:date>2018-07-29T09:38:23.245244760</dc:date><text:p>HTML: &lt;meta name=&quot;created&quot; content=&quot;00:00:00&quot;&gt;</text:p></office:annotation></text:span></text:span><text:span text:style-name="Strong_20_Emphasis"><text:span text:style-name="T5"><office:annotation><dc:date>2018-07-29T09:38:23.245254854</dc:date><text:p>HTML: &lt;meta name=&quot;changed&quot; content=&quot;2018-06-24T22:32:07.411315002&quot;&gt;</text:p></office:annotation></text:span></text:span><text:span text:style-name="Strong_20_Emphasis"><text:span text:style-name="T5"><office:annotation><dc:date>2018-07-29T09:38:23.245263986</dc:date><text:p>HTML: &lt;meta name=&quot;created&quot; content=&quot;00:00:00&quot;&gt;</text:p></office:annotation></text:span></text:span><text:span text:style-name="Strong_20_Emphasis"><text:span text:style-name="T5"><office:annotation><dc:date>2018-07-29T09:38:23.245273952</dc:date><text:p>HTML: &lt;meta name=&quot;changed&quot; content=&quot;2018-06-24T15:42:01.493043692&quot;&gt;</text:p></office:annotation></text:span></text:span><text:span text:style-name="Strong_20_Emphasis"><text:span text:style-name="T5"><office:annotation><dc:date>2018-07-29T09:38:23.245283378</dc:date><text:p>HTML: &lt;meta name=&quot;created&quot; content=&quot;00:00:00&quot;&gt;</text:p></office:annotation></text:span></text:span><text:span text:style-name="Strong_20_Emphasis"><text:span text:style-name="T5"><office:annotation><dc:date>2018-07-29T09:38:23.245293442</dc:date><text:p>HTML: &lt;meta name=&quot;changed&quot; content=&quot;2018-06-24T09:30:05.416727667&quot;&gt;</text:p></office:annotation></text:span></text:span><text:span text:style-name="Strong_20_Emphasis"><text:span text:style-name="T5"><office:annotation><dc:date>2018-07-29T09:38:23.245303167</dc:date><text:p>HTML: &lt;meta name=&quot;created&quot; content=&quot;00:00:00&quot;&gt;</text:p></office:annotation></text:span></text:span><text:span text:style-name="Strong_20_Emphasis"><text:span text:style-name="T5"><office:annotation><dc:date>2018-07-29T09:38:23.245313069</dc:date><text:p>HTML: &lt;meta name=&quot;changed&quot; content=&quot;2018-06-23T16:36:03.100363804&quot;&gt;</text:p></office:annotation></text:span></text:span><text:span text:style-name="Strong_20_Emphasis"><text:span text:style-name="T5"><office:annotation><dc:date>2018-07-29T09:38:23.245323106</dc:date><text:p>HTML: &lt;meta name=&quot;created&quot; content=&quot;00:00:00&quot;&gt;</text:p></office:annotation></text:span></text:span><text:span text:style-name="Strong_20_Emphasis"><text:span text:style-name="T5"><office:annotation><dc:date>2018-07-29T09:38:23.245332641</dc:date><text:p>HTML: &lt;meta name=&quot;changed&quot; content=&quot;2018-06-23T11:36:03.222001170&quot;&gt;</text:p></office:annotation></text:span></text:span><text:span text:style-name="Strong_20_Emphasis"><text:span text:style-name="T5"><office:annotation><dc:date>2018-07-29T09:38:23.245341095</dc:date><text:p>HTML: &lt;meta name=&quot;created&quot; content=&quot;00:00:00&quot;&gt;</text:p></office:annotation></text:span></text:span><text:span text:style-name="Strong_20_Emphasis"><text:span text:style-name="T5"><office:annotation><dc:date>2018-07-29T09:38:23.245350597</dc:date><text:p>HTML: &lt;meta name=&quot;changed&quot; content=&quot;2018-06-21T23:23:09.057807835&quot;&gt;</text:p></office:annotation></text:span></text:span><text:span text:style-name="Strong_20_Emphasis"><text:span text:style-name="T5"><office:annotation><dc:date>2018-07-29T09:38:23.245359331</dc:date><text:p>HTML: &lt;meta name=&quot;created&quot; content=&quot;00:00:00&quot;&gt;</text:p></office:annotation></text:span></text:span><text:span text:style-name="Strong_20_Emphasis"><text:span text:style-name="T5"><office:annotation><dc:date>2018-07-29T09:38:23.245368797</dc:date><text:p>HTML: &lt;meta name=&quot;changed&quot; content=&quot;2018-06-21T17:55:17.865393136&quot;&gt;</text:p></office:annotation></text:span></text:span><text:span text:style-name="Strong_20_Emphasis"><text:span text:style-name="T5"><office:annotation><dc:date>2018-07-29T09:38:23.245377364</dc:date><text:p>HTML: &lt;meta name=&quot;created&quot; content=&quot;00:00:00&quot;&gt;</text:p></office:annotation></text:span></text:span><text:span text:style-name="Strong_20_Emphasis"><text:span text:style-name="T5"><office:annotation><dc:date>2018-07-29T09:38:23.245386919</dc:date><text:p>HTML: &lt;meta name=&quot;changed&quot; content=&quot;2018-06-21T12:21:22.763521742&quot;&gt;</text:p></office:annotation></text:span></text:span><text:span text:style-name="Strong_20_Emphasis"><text:span text:style-name="T5"><office:annotation><dc:date>2018-07-29T09:38:23.245395577</dc:date><text:p>HTML: &lt;meta name=&quot;created&quot; content=&quot;00:00:00&quot;&gt;</text:p></office:annotation></text:span></text:span><text:span text:style-name="Strong_20_Emphasis"><text:span text:style-name="T5"><office:annotation><dc:date>2018-07-29T09:38:23.245405013</dc:date><text:p>HTML: &lt;meta name=&quot;changed&quot; content=&quot;2018-06-20T18:34:19.830157535&quot;&gt;</text:p></office:annotation></text:span></text:span><text:span text:style-name="Strong_20_Emphasis"><text:span text:style-name="T5"><office:annotation><dc:date>2018-07-29T09:38:23.245413730</dc:date><text:p>HTML: &lt;meta name=&quot;created&quot; content=&quot;00:00:00&quot;&gt;</text:p></office:annotation></text:span></text:span><text:span text:style-name="Strong_20_Emphasis"><text:span text:style-name="T5"><office:annotation><dc:date>2018-07-29T09:38:23.245423186</dc:date><text:p>HTML: &lt;meta name=&quot;changed&quot; content=&quot;2018-06-19T12:54:18.844691454&quot;&gt;</text:p></office:annotation></text:span></text:span><text:span text:style-name="Strong_20_Emphasis"><text:span text:style-name="T5"><office:annotation><dc:date>2018-07-29T09:38:23.245431778</dc:date><text:p>HTML: &lt;meta name=&quot;created&quot; content=&quot;00:00:00&quot;&gt;</text:p></office:annotation></text:span></text:span><text:span text:style-name="Strong_20_Emphasis"><text:span text:style-name="T5"><office:annotation><dc:date>2018-07-29T09:38:23.245441230</dc:date><text:p>HTML: &lt;meta name=&quot;changed&quot; content=&quot;2018-06-18T23:20:12.738581285&quot;&gt;</text:p></office:annotation></text:span></text:span><text:span text:style-name="Strong_20_Emphasis"><text:span text:style-name="T5"><office:annotation><dc:date>2018-07-29T09:38:23.245449838</dc:date><text:p>HTML: &lt;meta name=&quot;created&quot; content=&quot;00:00:00&quot;&gt;</text:p></office:annotation></text:span></text:span><text:span text:style-name="Strong_20_Emphasis"><text:span text:style-name="T5"><office:annotation><dc:date>2018-07-29T09:38:23.245459304</dc:date><text:p>HTML: &lt;meta name=&quot;changed&quot; content=&quot;2018-06-18T20:39:37.890329984&quot;&gt;</text:p></office:annotation></text:span></text:span><text:span text:style-name="Strong_20_Emphasis"><text:span text:style-name="T5"><office:annotation><dc:date>2018-07-29T09:38:23.245467759</dc:date><text:p>HTML: &lt;meta name=&quot;created&quot; content=&quot;00:00:00&quot;&gt;</text:p></office:annotation></text:span></text:span><text:span text:style-name="Strong_20_Emphasis"><text:span text:style-name="T5"><office:annotation><dc:date>2018-07-29T09:38:23.245477226</dc:date><text:p>HTML: &lt;meta name=&quot;changed&quot; content=&quot;2018-06-18T12:45:23.879199387&quot;&gt;</text:p></office:annotation></text:span></text:span><text:span text:style-name="Strong_20_Emphasis"><text:span text:style-name="T5"><office:annotation><dc:date>2018-07-29T09:38:23.245485745</dc:date><text:p>HTML: &lt;meta name=&quot;created&quot; content=&quot;00:00:00&quot;&gt;</text:p></office:annotation></text:span></text:span><text:span text:style-name="Strong_20_Emphasis"><text:span text:style-name="T5"><office:annotation><dc:date>2018-07-29T09:38:23.245495752</dc:date><text:p>HTML: &lt;meta name=&quot;changed&quot; content=&quot;2018-06-17T20:02:02.143589569&quot;&gt;</text:p></office:annotation></text:span></text:span><text:span text:style-name="Strong_20_Emphasis"><text:span text:style-name="T5"><office:annotation><dc:date>2018-07-29T09:38:23.245505513</dc:date><text:p>HTML: &lt;meta name=&quot;created&quot; content=&quot;00:00:00&quot;&gt;</text:p></office:annotation></text:span></text:span><text:span text:style-name="Strong_20_Emphasis"><text:span text:style-name="T5"><office:annotation><dc:date>2018-07-29T09:38:23.245515650</dc:date><text:p>HTML: &lt;meta name=&quot;changed&quot; content=&quot;2018-06-17T19:45:54.789583280&quot;&gt;</text:p></office:annotation></text:span></text:span><text:span text:style-name="Strong_20_Emphasis"><text:span text:style-name="T5"><office:annotation><dc:date>2018-07-29T09:38:23.245524592</dc:date><text:p>HTML: &lt;meta name=&quot;created&quot; content=&quot;00:00:00&quot;&gt;</text:p></office:annotation></text:span></text:span><text:span text:style-name="Strong_20_Emphasis"><text:span text:style-name="T5"><office:annotation><dc:date>2018-07-29T09:38:23.245534630</dc:date><text:p>HTML: &lt;meta name=&quot;changed&quot; content=&quot;2018-06-16T15:19:53.989201345&quot;&gt;</text:p></office:annotation></text:span></text:span><text:span text:style-name="Strong_20_Emphasis"><text:span text:style-name="T5"><office:annotation><dc:date>2018-07-29T09:38:23.245543931</dc:date><text:p>HTML: &lt;meta name=&quot;created&quot; content=&quot;00:00:00&quot;&gt;</text:p></office:annotation></text:span></text:span><text:span text:style-name="Strong_20_Emphasis"><text:span text:style-name="T5"><office:annotation><dc:date>2018-07-29T09:38:23.245553880</dc:date><text:p>HTML: &lt;meta name=&quot;changed&quot; content=&quot;2018-06-16T13:50:44.432862129&quot;&gt;</text:p></office:annotation></text:span></text:span><text:span text:style-name="Strong_20_Emphasis"><text:span text:style-name="T5"><office:annotation><dc:date>2018-07-29T09:38:23.245562924</dc:date><text:p>HTML: &lt;meta name=&quot;created&quot; content=&quot;00:00:00&quot;&gt;</text:p></office:annotation></text:span></text:span><text:span text:style-name="Strong_20_Emphasis"><text:span text:style-name="T5"><office:annotation><dc:date>2018-07-29T09:38:23.245572750</dc:date><text:p>HTML: &lt;meta name=&quot;changed&quot; content=&quot;2018-06-16T10:49:58.030689160&quot;&gt;</text:p></office:annotation></text:span></text:span><text:span text:style-name="Strong_20_Emphasis"><text:span text:style-name="T5"><office:annotation><dc:date>2018-07-29T09:38:23.245582316</dc:date><text:p>HTML: &lt;meta name=&quot;created&quot; content=&quot;00:00:00&quot;&gt;</text:p></office:annotation></text:span></text:span><text:span text:style-name="Strong_20_Emphasis"><text:span text:style-name="T5"><office:annotation><dc:date>2018-07-29T09:38:23.245592400</dc:date><text:p>HTML: &lt;meta name=&quot;changed&quot; content=&quot;2018-06-15T13:05:31.693854059&quot;&gt;</text:p></office:annotation></text:span></text:span><text:span text:style-name="Strong_20_Emphasis"><text:span text:style-name="T5"><office:annotation><dc:date>2018-07-29T09:38:23.245622000</dc:date><text:p>HTML: &lt;meta name=&quot;changed&quot; content=&quot;2018-06-15T16:46:54.538249678&quot;&gt;</text:p></office:annotation></text:span></text:span><text:span text:style-name="Strong_20_Emphasis"><text:span text:style-name="T5"><office:annotation><dc:date>2018-07-29T09:38:23.245632463</dc:date><text:p>HTML: &lt;meta name=&quot;created&quot; content=&quot;00:00:00&quot;&gt;</text:p></office:annotation></text:span></text:span><text:span text:style-name="Strong_20_Emphasis"><text:span text:style-name="T5"><office:annotation><dc:date>2018-07-29T09:38:23.245642466</dc:date><text:p>HTML: &lt;meta name=&quot;changed&quot; content=&quot;2018-06-14T22:55:38.007259856&quot;&gt;</text:p></office:annotation></text:span></text:span><text:span text:style-name="Strong_20_Emphasis"><text:span text:style-name="T5"><office:annotation><dc:date>2018-07-29T09:38:23.245651628</dc:date><text:p>HTML: &lt;meta name=&quot;created&quot; content=&quot;00:00:00&quot;&gt;</text:p></office:annotation></text:span></text:span><text:span text:style-name="Strong_20_Emphasis"><text:span text:style-name="T5"><office:annotation><dc:date>2018-07-29T09:38:23.245661753</dc:date><text:p>HTML: &lt;meta name=&quot;changed&quot; content=&quot;2018-06-14T20:52:51.033526204&quot;&gt;</text:p></office:annotation></text:span></text:span><text:span text:style-name="Strong_20_Emphasis"><text:span text:style-name="T5"><office:annotation><dc:date>2018-07-29T09:38:23.245671565</dc:date><text:p>HTML: &lt;meta name=&quot;created&quot; content=&quot;00:00:00&quot;&gt;</text:p></office:annotation></text:span></text:span><text:span text:style-name="Strong_20_Emphasis"><text:span text:style-name="T5"><office:annotation><dc:date>2018-07-29T09:38:23.245681523</dc:date><text:p>HTML: &lt;meta name=&quot;changed&quot; content=&quot;2018-06-14T17:27:12.577284577&quot;&gt;</text:p></office:annotation></text:span></text:span><text:span text:style-name="Strong_20_Emphasis"><text:span text:style-name="T5"><office:annotation><dc:date>2018-07-29T09:38:23.245691145</dc:date><text:p>HTML: &lt;meta name=&quot;created&quot; content=&quot;00:00:00&quot;&gt;</text:p></office:annotation></text:span></text:span><text:span text:style-name="Strong_20_Emphasis"><text:span text:style-name="T5"><office:annotation><dc:date>2018-07-29T09:38:23.245701112</dc:date><text:p>HTML: &lt;meta name=&quot;changed&quot; content=&quot;2018-06-14T12:58:12.332824081&quot;&gt;</text:p></office:annotation></text:span></text:span><text:span text:style-name="Strong_20_Emphasis"><text:span text:style-name="T5"><office:annotation><dc:date>2018-07-29T09:38:23.245710316</dc:date><text:p>HTML: &lt;meta name=&quot;created&quot; content=&quot;00:00:00&quot;&gt;</text:p></office:annotation></text:span></text:span><text:span text:style-name="Strong_20_Emphasis"><text:span text:style-name="T5"><office:annotation><dc:date>2018-07-29T09:38:23.245720360</dc:date><text:p>HTML: &lt;meta name=&quot;changed&quot; content=&quot;2018-06-14T07:07:38.845049501&quot;&gt;</text:p></office:annotation></text:span></text:span><text:span text:style-name="Strong_20_Emphasis"><text:span text:style-name="T5"><office:annotation><dc:date>2018-07-29T09:38:23.245729429</dc:date><text:p>HTML: &lt;meta name=&quot;created&quot; content=&quot;00:00:00&quot;&gt;</text:p></office:annotation></text:span></text:span><text:span text:style-name="Strong_20_Emphasis"><text:span text:style-name="T5"><office:annotation><dc:date>2018-07-29T09:38:23.245740017</dc:date><text:p>HTML: &lt;meta name=&quot;changed&quot; content=&quot;2018-06-13T22:59:08.975991996&quot;&gt;</text:p></office:annotation></text:span></text:span><text:span text:style-name="Strong_20_Emphasis"><text:span text:style-name="T5"><office:annotation><dc:date>2018-07-29T09:38:23.245749052</dc:date><text:p>HTML: &lt;meta name=&quot;created&quot; content=&quot;00:00:00&quot;&gt;</text:p></office:annotation></text:span></text:span><text:span text:style-name="Strong_20_Emphasis"><text:span text:style-name="T5"><office:annotation><dc:date>2018-07-29T09:38:23.245758915</dc:date><text:p>HTML: &lt;meta name=&quot;changed&quot; content=&quot;2018-06-13T20:26:03.305702553&quot;&gt;</text:p></office:annotation></text:span></text:span><text:span text:style-name="Strong_20_Emphasis"><text:span text:style-name="T5"><office:annotation><dc:date>2018-07-29T09:38:23.245768088</dc:date><text:p>HTML: &lt;meta name=&quot;created&quot; content=&quot;00:00:00&quot;&gt;</text:p></office:annotation></text:span></text:span><text:span text:style-name="Strong_20_Emphasis"><text:span text:style-name="T5"><office:annotation><dc:date>2018-07-29T09:38:23.245777940</dc:date><text:p>HTML: &lt;meta name=&quot;changed&quot; content=&quot;2018-06-12T12:28:00.714637591&quot;&gt;</text:p></office:annotation></text:span></text:span><text:span text:style-name="Strong_20_Emphasis"><text:span text:style-name="T5"><office:annotation><dc:date>2018-07-29T09:38:23.245786975</dc:date><text:p>HTML: &lt;meta name=&quot;created&quot; content=&quot;00:00:00&quot;&gt;</text:p></office:annotation></text:span></text:span><text:span text:style-name="Strong_20_Emphasis"><text:span text:style-name="T5"><office:annotation><dc:date>2018-07-29T09:38:23.245796938</dc:date><text:p>HTML: &lt;meta name=&quot;changed&quot; content=&quot;2018-06-11T22:59:09.625284365&quot;&gt;</text:p></office:annotation></text:span></text:span><text:span text:style-name="Strong_20_Emphasis"><text:span text:style-name="T5"><office:annotation><dc:date>2018-07-29T09:38:23.245806809</dc:date><text:p>HTML: &lt;meta name=&quot;created&quot; content=&quot;2018-06-11T22:51:04.642681485&quot;&gt;</text:p></office:annotation></text:span></text:span><text:span text:style-name="Strong_20_Emphasis"><text:span text:style-name="T5"><office:annotation><dc:date>2018-07-29T09:38:23.245816801</dc:date><text:p>HTML: &lt;meta name=&quot;changed&quot; content=&quot;2018-06-11T22:52:11.240135258&quot;&gt;</text:p></office:annotation></text:span></text:span><text:span text:style-name="Strong_20_Emphasis"><text:span text:style-name="T5">Título: </text:span></text:span><text:span text:style-name="Strong_20_Emphasis"><text:span text:style-name="T5"><office:annotation><dc:date>2018-07-29T09:38:23.245886405</dc:date><text:p>HTML: &lt;meta name=&quot;created&quot; content=&quot;00:00:00&quot;&gt;</text:p></office:annotation></text:span></text:span><text:span text:style-name="Strong_20_Emphasis"><text:span text:style-name="T5"><office:annotation><dc:date>2018-07-29T09:38:23.245897643</dc:date><text:p>HTML: &lt;meta name=&quot;changed&quot; content=&quot;2018-06-14T22:55:38.007259856&quot;&gt;</text:p></office:annotation></text:span></text:span><text:span text:style-name="Strong_20_Emphasis"><text:span text:style-name="T5"><office:annotation><dc:date>2018-07-29T09:38:23.245906862</dc:date><text:p>HTML: &lt;meta name=&quot;created&quot; content=&quot;00:00:00&quot;&gt;</text:p></office:annotation></text:span></text:span><text:span text:style-name="Strong_20_Emphasis"><text:span text:style-name="T5"><office:annotation><dc:date>2018-07-29T09:38:23.245916842</dc:date><text:p>HTML: &lt;meta name=&quot;changed&quot; content=&quot;2018-06-14T20:52:51.033526204&quot;&gt;</text:p></office:annotation></text:span></text:span><text:span text:style-name="Strong_20_Emphasis"><text:span text:style-name="T5"><office:annotation><dc:date>2018-07-29T09:38:23.245925555</dc:date><text:p>HTML: &lt;meta name=&quot;created&quot; content=&quot;00:00:00&quot;&gt;</text:p></office:annotation></text:span></text:span><text:span text:style-name="Strong_20_Emphasis"><text:span text:style-name="T5"><office:annotation><dc:date>2018-07-29T09:38:23.245934997</dc:date><text:p>HTML: &lt;meta name=&quot;changed&quot; content=&quot;2018-06-14T17:27:12.577284577&quot;&gt;</text:p></office:annotation></text:span></text:span><text:span text:style-name="Strong_20_Emphasis"><text:span text:style-name="T5"><office:annotation><dc:date>2018-07-29T09:38:23.245943769</dc:date><text:p>HTML: &lt;meta name=&quot;created&quot; content=&quot;00:00:00&quot;&gt;</text:p></office:annotation></text:span></text:span><text:span text:style-name="Strong_20_Emphasis"><text:span text:style-name="T5"><office:annotation><dc:date>2018-07-29T09:38:23.245953504</dc:date><text:p>HTML: &lt;meta name=&quot;changed&quot; content=&quot;2018-06-14T12:58:12.332824081&quot;&gt;</text:p></office:annotation></text:span></text:span><text:span text:style-name="Strong_20_Emphasis"><text:span text:style-name="T5"><office:annotation><dc:date>2018-07-29T09:38:23.245962331</dc:date><text:p>HTML: &lt;meta name=&quot;created&quot; content=&quot;00:00:00&quot;&gt;</text:p></office:annotation></text:span></text:span><text:span text:style-name="Strong_20_Emphasis"><text:span text:style-name="T5"><office:annotation><dc:date>2018-07-29T09:38:23.245971954</dc:date><text:p>HTML: &lt;meta name=&quot;changed&quot; content=&quot;2018-06-14T07:07:38.845049501&quot;&gt;</text:p></office:annotation></text:span></text:span><text:span text:style-name="Strong_20_Emphasis"><text:span text:style-name="T5"><office:annotation><dc:date>2018-07-29T09:38:23.245980580</dc:date><text:p>HTML: &lt;meta name=&quot;created&quot; content=&quot;00:00:00&quot;&gt;</text:p></office:annotation></text:span></text:span><text:span text:style-name="Strong_20_Emphasis"><text:span text:style-name="T5"><office:annotation><dc:date>2018-07-29T09:38:23.245990029</dc:date><text:p>HTML: &lt;meta name=&quot;changed&quot; content=&quot;2018-06-13T22:59:08.975991996&quot;&gt;</text:p></office:annotation></text:span></text:span><text:span text:style-name="Strong_20_Emphasis"><text:span text:style-name="T5"><office:annotation><dc:date>2018-07-29T09:38:23.245998792</dc:date><text:p>HTML: &lt;meta name=&quot;created&quot; content=&quot;00:00:00&quot;&gt;</text:p></office:annotation></text:span></text:span><text:span text:style-name="Strong_20_Emphasis"><text:span text:style-name="T5"><office:annotation><dc:date>2018-07-29T09:38:23.246008178</dc:date><text:p>HTML: &lt;meta name=&quot;changed&quot; content=&quot;2018-06-13T20:26:03.305702553&quot;&gt;</text:p></office:annotation></text:span></text:span><text:span text:style-name="Strong_20_Emphasis"><text:span text:style-name="T5"><office:annotation><dc:date>2018-07-29T09:38:23.246017035</dc:date><text:p>HTML: &lt;meta name=&quot;created&quot; content=&quot;00:00:00&quot;&gt;</text:p></office:annotation></text:span></text:span><text:span text:style-name="Strong_20_Emphasis"><text:span text:style-name="T5"><office:annotation><dc:date>2018-07-29T09:38:23.246027454</dc:date><text:p>HTML: &lt;meta name=&quot;changed&quot; content=&quot;2018-06-12T12:28:00.714637591&quot;&gt;</text:p></office:annotation></text:span></text:span><text:span text:style-name="Strong_20_Emphasis"><text:span text:style-name="T5"><office:annotation><dc:date>2018-07-29T09:38:23.246036167</dc:date><text:p>HTML: &lt;meta name=&quot;created&quot; content=&quot;00:00:00&quot;&gt;</text:p></office:annotation></text:span></text:span><text:span text:style-name="Strong_20_Emphasis"><text:span text:style-name="T5"><office:annotation><dc:date>2018-07-29T09:38:23.246045702</dc:date><text:p>HTML: &lt;meta name=&quot;changed&quot; content=&quot;2018-06-11T22:59:09.625284365&quot;&gt;</text:p></office:annotation></text:span></text:span><text:span text:style-name="Strong_20_Emphasis"><text:span text:style-name="T5"><office:annotation><dc:date>2018-07-29T09:38:23.246055185</dc:date><text:p>HTML: &lt;meta name=&quot;created&quot; content=&quot;2018-06-11T22:51:04.642681485&quot;&gt;</text:p></office:annotation></text:span></text:span><text:span text:style-name="Strong_20_Emphasis"><text:span text:style-name="T5"><office:annotation><dc:date>2018-07-29T09:38:23.246064524</dc:date><text:p>HTML: &lt;meta name=&quot;changed&quot; content=&quot;2018-06-11T22:52:11.240135258&quot;&gt;</text:p></office:annotation></text:span></text:span><text:span text:style-name="Strong_20_Emphasis"><text:span text:style-name="T5">CHAPTER A DAY (SOFONIAS)<text:line-break/>Autor: NORMAN</text:span></text:span><text:span text:style-name="Strong_20_Emphasis"><text:span text:style-name="T4"> </text:span></text:span><text:span text:style-name="Strong_20_Emphasis"><text:span text:style-name="T5">BERRY </text:span></text:span><text:span text:style-name="Strong_20_Emphasis"><text:span text:style-name="T2"><text:line-break/><text:line-break/></text:span></text:span><text:span text:style-name="Strong_20_Emphasis"><text:span text:style-name="T7">Literaturas em formato</text:span></text:span><text:span text:style-name="Strong_20_Emphasis"><text:span text:style-name="T6"> </text:span></text:span><text:span text:style-name="Strong_20_Emphasis"><text:span text:style-name="T7">digital:<text:line-break/></text:span></text:span><text:a xlink:type="simple" xlink:href="http://www.acervodigitalcristao.com.br/" text:style-name="Internet_20_link" text:visited-style-name="Visited_20_Internet_20_Link"><text:span text:style-name="Strong_20_Emphasis"><text:span text:style-name="T2">www.acervodigitalcristao.com.br</text:span></text:span></text:a><text:span text:style-name="Strong_20_Emphasis"><text:span text:style-name="T8"><text:line-break/><text:line-break/></text:span></text:span><text:span text:style-name="Strong_20_Emphasis"><text:span text:style-name="T3">Literaturas em formato</text:span></text:span><text:span text:style-name="Strong_20_Emphasis"> </text:span><text:span text:style-name="Strong_20_Emphasis"><text:span text:style-name="T3">Impresso:<text:line-break/></text:span></text:span><text:a xlink:type="simple" xlink:href="http://www.verdadesvivas.com.br/" text:style-name="Internet_20_link" text:visited-style-name="Visited_20_Internet_20_Link"><text:span text:style-name="Strong_20_Emphasis"><text:span text:style-name="T2">www.verdadesvivas.com.br</text:span></text:span></text:a><text:span text:style-name="Strong_20_Emphasis"><text:span text:style-name="T8"><text:line-break/><text:line-break/></text:span></text:span><text:span text:style-name="Strong_20_Emphasis"><text:span text:style-name="T3">Evangelho em 03 Minutos:</text:span></text:span><text:span text:style-name="Strong_20_Emphasis"> </text:span><text:span text:style-name="Strong_20_Emphasis"><text:span text:style-name="T2"><text:line-break/></text:span></text:span><text:a xlink:type="simple" xlink:href="http://www.3minutos.net/" text:style-name="Internet_20_link" text:visited-style-name="Visited_20_Internet_20_Link"><text:span text:style-name="Strong_20_Emphasis"><text:span text:style-name="T2">www.3minutos.net</text:span></text:span></text:a><text:span text:style-name="Strong_20_Emphasis"><text:span text:style-name="T8"><text:line-break/><text:line-break/></text:span></text:span><text:span text:style-name="Strong_20_Emphasis"><text:span text:style-name="T3">O que respondi:<text:line-break/></text:span></text:span><text:a xlink:type="simple" xlink:href="http://www.respondi.com.br/" text:style-name="Internet_20_link" text:visited-style-name="Visited_20_Internet_20_Link"><text:span text:style-name="Strong_20_Emphasis"><text:span text:style-name="T2">www.respondi.com.br</text:span></text:span></text:a></text:p><text:h text:style-name="P7" text:outline-level="2"><text:bookmark text:name="__RefHeading___Toc495_1280209449"/>#1055</text:h><text:p text:style-name="P2"/><text:p text:style-name="P3">Para todo santo que sofre, é um conforto saber que por detrás, por cima e além da dor dessa circunstância de perplexidade, existe um propósito de valor eterno.</text:p><text:p text:style-name="P2"/><text:h text:style-name="P6" text:outline-level="2"><text:bookmark text:name="__RefHeading___Toc497_1280209449"/><text:a xlink:type="simple" xlink:href="http://mysword.info/b?r=Zep_1" text:style-name="Internet_20_link" text:visited-style-name="Visited_20_Internet_20_Link"><text:span text:style-name="T1">SOFONIAS 1</text:span></text:a></text:h><text:p text:style-name="P2"/><text:p text:style-name="P2"><text:span text:style-name="T1">Sofonias significa &quot;Jeová escondeu&quot; </text:span><text:a xlink:type="simple" xlink:href="http://mysword.info/b?r=Psa_27:5" text:style-name="Internet_20_link" text:visited-style-name="Visited_20_Internet_20_Link"><text:span text:style-name="T1">Sl 27:5</text:span></text:a></text:p><text:p text:style-name="P2"/><text:p text:style-name="P2"><text:a xlink:type="simple" xlink:href="http://mysword.info/b?r=Zep_1:2,3" text:style-name="Internet_20_link" text:visited-style-name="Visited_20_Internet_20_Link"><text:span text:style-name="T1">Sf 1:2,3</text:span></text:a><text:span text:style-name="T1"> Deus pronuncia um juízo geral sobre todos que Lhe desobedecem, tanto Judeus como Gentios.</text:span></text:p><text:p text:style-name="P2"/><text:p text:style-name="P2"><text:a xlink:type="simple" xlink:href="http://mysword.info/b?r=Zep_1:4-6" text:style-name="Internet_20_link" text:visited-style-name="Visited_20_Internet_20_Link"><text:span text:style-name="T1">Sf 1:4-6</text:span></text:a><text:span text:style-name="T1"> O juízo de Judá é singular, pois o povo foi especialmente abençoado pelo Senhor e agora estavam fazendo as mesmas coisas más como faziam as nações Gentias. Eles haviam &quot;abandonado o Senhor&quot; (Leia </text:span><text:a xlink:type="simple" xlink:href="http://mysword.info/b?r=Heb_10:38" text:style-name="Internet_20_link" text:visited-style-name="Visited_20_Internet_20_Link"><text:span text:style-name="T1">Hb 10:38</text:span></text:a><text:span text:style-name="T1">).</text:span></text:p><text:p text:style-name="P2"/><text:p text:style-name="P2"><text:a xlink:type="simple" xlink:href="http://mysword.info/b?r=Zep_1:7" text:style-name="Internet_20_link" text:visited-style-name="Visited_20_Internet_20_Link"><text:span text:style-name="T1">Sf 1:7</text:span></text:a><text:span text:style-name="T1"> Deus diz que preparou um sacrifício (O Senhor na cruz), e está convidando (glórias futuras neste mundo).</text:span></text:p><text:p text:style-name="P2"/><text:p text:style-name="P2"><text:a xlink:type="simple" xlink:href="http://mysword.info/b?r=Zep_1:8" text:style-name="Internet_20_link" text:visited-style-name="Visited_20_Internet_20_Link"><text:span text:style-name="T1">Sf 1:8</text:span></text:a><text:span text:style-name="T1"> Repare &quot;trajes estrangeiros&quot;. Hoje podemos ver o mesmo nas roupas estranhas que as pessoas vestem. (Leia Josué </text:span><text:a xlink:type="simple" xlink:href="http://mysword.info/b?r=Jos_7:21" text:style-name="Internet_20_link" text:visited-style-name="Visited_20_Internet_20_Link"><text:span text:style-name="T1">7:21</text:span></text:a><text:span text:style-name="T1"> e Ezequiel </text:span><text:a xlink:type="simple" xlink:href="http://mysword.info/b?r=Eze_23:12" text:style-name="Internet_20_link" text:visited-style-name="Visited_20_Internet_20_Link"><text:span text:style-name="T1">23:12</text:span></text:a><text:span text:style-name="T1">), para entendermos de onde as modas vêm.</text:span></text:p><text:p text:style-name="P2"/><text:p text:style-name="P2"><text:a xlink:type="simple" xlink:href="http://mysword.info/b?r=Zep_1:12" text:style-name="Internet_20_link" text:visited-style-name="Visited_20_Internet_20_Link"><text:span text:style-name="T1">Sf 1:12</text:span></text:a><text:span text:style-name="T1"> O Senhor perscrutará seus pecados.</text:span></text:p><text:p text:style-name="P2"/><text:p text:style-name="P2"><text:a xlink:type="simple" xlink:href="http://mysword.info/b?r=Zep_1:14-17" text:style-name="Internet_20_link" text:visited-style-name="Visited_20_Internet_20_Link"><text:span text:style-name="T1">Sf 1:14-17</text:span></text:a><text:span text:style-name="T1"> Isto refere-se ao tempo da grande tribulação.</text:span></text:p><text:p text:style-name="P2"/><text:p text:style-name="P2"><text:a xlink:type="simple" xlink:href="http://mysword.info/b?r=Zep_1:18" text:style-name="Internet_20_link" text:visited-style-name="Visited_20_Internet_20_Link"><text:span text:style-name="T1">Sf 1:18</text:span></text:a><text:span text:style-name="T1"> Toda sua riqueza não poderá comprar um modo de escape do castigo que está para vir sobre o mundo.</text:span></text:p><text:p text:style-name="P2"/><text:h text:style-name="P5" text:outline-level="2"><text:bookmark text:name="__RefHeading___Toc499_1280209449"/>#1056</text:h><text:p text:style-name="P2"/><text:p text:style-name="P3">Quando tivermos tido o privilégio de sermos usados por Deus, existe uma tentação sutil de nos esquecermos de que foi Deus que nos fez progredir, e não nós mesmos. Que o Senhor possa nos recordar graciosamente que &quot;nenhuma carne se gloriará na Sua presença&quot;.</text:p><text:p text:style-name="P2"/><text:h text:style-name="P6" text:outline-level="2"><text:bookmark text:name="__RefHeading___Toc501_1280209449"/><text:a xlink:type="simple" xlink:href="http://mysword.info/b?r=Zep_2" text:style-name="Internet_20_link" text:visited-style-name="Visited_20_Internet_20_Link"><text:span text:style-name="T1">SOFONIAS 2</text:span></text:a></text:h><text:p text:style-name="P2"/><text:p text:style-name="P2"><text:a xlink:type="simple" xlink:href="http://mysword.info/b?r=Zep_2:1-3" text:style-name="Internet_20_link" text:visited-style-name="Visited_20_Internet_20_Link"><text:span text:style-name="T1">Sf 2:1-3</text:span></text:a><text:span text:style-name="T1"> Este é um chamado para o povo incrédulo de Israel para que busque ao Senhor. Mas no </text:span><text:a xlink:type="simple" xlink:href="http://mysword.info/b?r=Zep_2:3" text:style-name="Internet_20_link" text:visited-style-name="Visited_20_Internet_20_Link"><text:span text:style-name="T1">vers. 3</text:span></text:a><text:span text:style-name="T1"> (os mansos da terra) vemos a primeira referência ao pequeno remanescente que se voltará ao Senhor.</text:span></text:p><text:p text:style-name="P2"/><text:p text:style-name="P2"><text:a xlink:type="simple" xlink:href="http://mysword.info/b?r=Zep_2:7" text:style-name="Internet_20_link" text:visited-style-name="Visited_20_Internet_20_Link"><text:span text:style-name="T1">Sf 2:7</text:span></text:a><text:span text:style-name="T1"> Este remanescente irá ser cuidado pelo Senhor.</text:span></text:p><text:p text:style-name="P2"/><text:p text:style-name="P2"><text:a xlink:type="simple" xlink:href="http://mysword.info/b?r=Zep_2:8-15" text:style-name="Internet_20_link" text:visited-style-name="Visited_20_Internet_20_Link"><text:span text:style-name="T1">Sf 2:8-15</text:span></text:a><text:span text:style-name="T1"> As nações, Moabe, Etiópia, Assíria e Nínive recebem menção especial pois tiveram prazer em atacar o povo de Deus, Israel.</text:span></text:p><text:p text:style-name="P2"/><text:h text:style-name="P5" text:outline-level="2"><text:bookmark text:name="__RefHeading___Toc503_1280209449"/>#1057</text:h><text:p text:style-name="P2"/><text:p text:style-name="P3">Pensamentos acerca do eu e da própria glória levarão a esforços malogrados nas coisas espirituais; o desapego e a humildade são ferramentas com as quais Deus trabalha para a Sua glória.</text:p><text:p text:style-name="P2"/><text:h text:style-name="P6" text:outline-level="2"><text:bookmark text:name="__RefHeading___Toc505_1280209449"/><text:a xlink:type="simple" xlink:href="http://mysword.info/b?r=Zep_3" text:style-name="Internet_20_link" text:visited-style-name="Visited_20_Internet_20_Link"><text:span text:style-name="T1">SOFONIAS 3</text:span></text:a></text:h><text:p text:style-name="P2"/><text:p text:style-name="P2"><text:a xlink:type="simple" xlink:href="http://mysword.info/b?r=Zep_3:1-7" text:style-name="Internet_20_link" text:visited-style-name="Visited_20_Internet_20_Link"><text:span text:style-name="T1">Sf 3:1-7</text:span></text:a><text:span text:style-name="T1"> O maior castigo irá cair sobre a cidade de Jerusalém, pois foi o centro de Deus no mundo, a mais privilegiada de todas. Deus fala de todo o pecado que Ele viu. Os homens responsáveis, seus príncipes, seus juízes, seus profetas, seus sacerdotes. Quanto mais elevados os privilégios, pior o castigo.</text:span></text:p><text:p text:style-name="P2"/><text:p text:style-name="P2"><text:a xlink:type="simple" xlink:href="http://mysword.info/b?r=Zep_3:5" text:style-name="Internet_20_link" text:visited-style-name="Visited_20_Internet_20_Link"><text:span text:style-name="T1">Sf 3:5</text:span></text:a><text:span text:style-name="T1"> Refere-se ao Milênio, cada dia aqueles que desobedecerem ao Senhor morrerão.</text:span></text:p><text:p text:style-name="P2"/><text:p text:style-name="P2"><text:a xlink:type="simple" xlink:href="http://mysword.info/b?r=Zep_3:7" text:style-name="Internet_20_link" text:visited-style-name="Visited_20_Internet_20_Link"><text:span text:style-name="T1">Sf 3:7</text:span></text:a><text:span text:style-name="T1"> Como se o Senhor dissesse, &quot;certamente depois de tudo o que fiz, eles prestarão atenção em Mim&quot;. Mas eles se corromperam ainda mais!</text:span></text:p><text:p text:style-name="P2"/><text:p text:style-name="P2"><text:a xlink:type="simple" xlink:href="http://mysword.info/b?r=Zep_3:8" text:style-name="Internet_20_link" text:visited-style-name="Visited_20_Internet_20_Link"><text:span text:style-name="T1">Sf 3:8</text:span></text:a><text:span text:style-name="T1"> Ele diz ao remanescente para ficar firme e aguardar nEle.</text:span></text:p><text:p text:style-name="P2"/><text:p text:style-name="P2"><text:a xlink:type="simple" xlink:href="http://mysword.info/b?r=Zep_3:9" text:style-name="Internet_20_link" text:visited-style-name="Visited_20_Internet_20_Link"><text:span text:style-name="T1">Sf 3:9</text:span></text:a><text:span text:style-name="T1"> No Milênio, cada Israelita terá um coração puro, ninguém dentre eles desobedecerá ao Senhor (</text:span><text:a xlink:type="simple" xlink:href="http://mysword.info/b?r=Heb_8:11-13" text:style-name="Internet_20_link" text:visited-style-name="Visited_20_Internet_20_Link"><text:span text:style-name="T1">Hb 8:11-13</text:span></text:a><text:span text:style-name="T1">).</text:span></text:p><text:p text:style-name="P2"/><text:p text:style-name="P2"><text:a xlink:type="simple" xlink:href="http://mysword.info/b?r=Zep_3:10" text:style-name="Internet_20_link" text:visited-style-name="Visited_20_Internet_20_Link"><text:span text:style-name="T1">Sf 3:10</text:span></text:a><text:span text:style-name="T1"> Isto se refere às 10 tribos dispersas (e elas continuam assim até hoje). O Senhor as chamará de volta para a terra de Israel.</text:span></text:p><text:p text:style-name="P2"/><text:p text:style-name="P2"><text:a xlink:type="simple" xlink:href="http://mysword.info/b?r=Zep_3:14-" text:style-name="Internet_20_link" text:visited-style-name="Visited_20_Internet_20_Link"><text:span text:style-name="T1">Sf 3:14-</text:span></text:a><text:span text:style-name="T1">final Uma época gloriosa para Israel. Todos os desobedientes serão levados.</text:span></text:p><text:p text:style-name="P2"/><text:p text:style-name="P2"><text:a xlink:type="simple" xlink:href="http://mysword.info/b?r=Zep_3:15" text:style-name="Internet_20_link" text:visited-style-name="Visited_20_Internet_20_Link"><text:span text:style-name="T1">Sf 3:15</text:span></text:a><text:span text:style-name="T1"> O Senhor será seu Rei durante aqueles mil anos de alegria e glória neste mundo.</text:span></text:p><text:p text:style-name="P2"/><text:p text:style-name="P2"><text:a xlink:type="simple" xlink:href="http://mysword.info/b?r=Zep_3:17" text:style-name="Internet_20_link" text:visited-style-name="Visited_20_Internet_20_Link"><text:span text:style-name="T1">Sf 3:17</text:span></text:a><text:span text:style-name="T1"> O Senhor Deus no meio deles se alegrará neles com cânticos. Neste capítulo você encontrará (1) O justo Senhor no centro, (2) O Rei de Israel no centro, (3) O Senhor teu Deus no centro.</text:span></text:p><text:p text:style-name="P2"/></text:section></office:text></office:body></office:document-content>