<?xml version="1.0" encoding="UTF-8"?>
<office:document-content xmlns:office="urn:oasis:names:tc:opendocument:xmlns:office:1.0" xmlns:style="urn:oasis:names:tc:opendocument:xmlns:style:1.0" xmlns:text="urn:oasis:names:tc:opendocument:xmlns:text:1.0" xmlns:table="urn:oasis:names:tc:opendocument:xmlns:table:1.0" xmlns:draw="urn:oasis:names:tc:opendocument:xmlns:drawing:1.0" xmlns:fo="urn:oasis:names:tc:opendocument:xmlns:xsl-fo-compatible:1.0" xmlns:xlink="http://www.w3.org/1999/xlink" xmlns:dc="http://purl.org/dc/elements/1.1/" xmlns:meta="urn:oasis:names:tc:opendocument:xmlns:meta:1.0" xmlns:number="urn:oasis:names:tc:opendocument:xmlns:datastyle:1.0" xmlns:svg="urn:oasis:names:tc:opendocument:xmlns:svg-compatible:1.0" xmlns:chart="urn:oasis:names:tc:opendocument:xmlns:chart:1.0" xmlns:dr3d="urn:oasis:names:tc:opendocument:xmlns:dr3d:1.0" xmlns:math="http://www.w3.org/1998/Math/MathML" xmlns:form="urn:oasis:names:tc:opendocument:xmlns:form:1.0" xmlns:script="urn:oasis:names:tc:opendocument:xmlns:script:1.0" xmlns:ooo="http://openoffice.org/2004/office" xmlns:ooow="http://openoffice.org/2004/writer" xmlns:oooc="http://openoffice.org/2004/calc" xmlns:dom="http://www.w3.org/2001/xml-events" xmlns:xforms="http://www.w3.org/2002/xforms" xmlns:xsd="http://www.w3.org/2001/XMLSchema" xmlns:xsi="http://www.w3.org/2001/XMLSchema-instance" xmlns:rpt="http://openoffice.org/2005/report" xmlns:of="urn:oasis:names:tc:opendocument:xmlns:of:1.2" xmlns:xhtml="http://www.w3.org/1999/xhtml" xmlns:grddl="http://www.w3.org/2003/g/data-view#" xmlns:officeooo="http://openoffice.org/2009/office" xmlns:tableooo="http://openoffice.org/2009/table" xmlns:drawooo="http://openoffice.org/2010/draw" xmlns:calcext="urn:org:documentfoundation:names:experimental:calc:xmlns:calcext:1.0" xmlns:loext="urn:org:documentfoundation:names:experimental:office:xmlns:loext:1.0" xmlns:field="urn:openoffice:names:experimental:ooo-ms-interop:xmlns:field:1.0" xmlns:formx="urn:openoffice:names:experimental:ooxml-odf-interop:xmlns:form:1.0" xmlns:css3t="http://www.w3.org/TR/css3-text/" office:version="1.2"><office:scripts/><office:font-face-decls><style:font-face style:name="FreeSans1" svg:font-family="FreeSans"/><style:font-face style:name="Liberation Sans" svg:font-family="&apos;Liberation Sans&apos;, sans-serif"/><style:font-face style:name="Noto Sans CJK SC Regular1" svg:font-family="&apos;Noto Sans CJK SC Regular&apos;"/><style:font-face style:name="FreeSans2" svg:font-family="FreeSans" style:font-family-generic="swiss"/><style:font-face style:name="Liberation Serif" svg:font-family="&apos;Liberation Serif&apos;" style:font-family-generic="roman" style:font-pitch="variable"/><style:font-face style:name="Thorndale" svg:font-family="Thorndale" style:font-family-generic="roman" style:font-pitch="variable"/><style:font-face style:name="Albany" svg:font-family="Albany" style:font-family-generic="swiss" style:font-pitch="variable"/><style:font-face style:name="FreeSans" svg:font-family="FreeSans" style:font-family-generic="system" style:font-pitch="variable"/><style:font-face style:name="Noto Sans CJK SC Regular" svg:font-family="&apos;Noto Sans CJK SC Regular&apos;" style:font-family-generic="system" style:font-pitch="variable"/></office:font-face-decls><office:automatic-styles><style:style style:name="P1" style:family="paragraph" style:parent-style-name="Heading_20_2"><style:paragraph-properties fo:line-height="150%"/></style:style><style:style style:name="P2" style:family="paragraph" style:parent-style-name="Heading_20_2"><style:paragraph-properties fo:line-height="150%" fo:break-before="page"/><style:text-properties style:font-name="Liberation Sans" fo:font-size="12pt"/></style:style><style:style style:name="P3" style:family="paragraph" style:parent-style-name="Text_20_body" style:master-page-name="HTML"><style:paragraph-properties fo:margin-top="0cm" fo:margin-bottom="0cm" loext:contextual-spacing="false" fo:line-height="150%" fo:text-align="start" style:justify-single-word="false" style:page-number="auto"/></style:style><style:style style:name="P4" style:family="paragraph" style:parent-style-name="Text_20_body"><style:paragraph-properties fo:margin-top="0cm" fo:margin-bottom="0cm" loext:contextual-spacing="false" fo:line-height="150%" fo:text-align="justify" style:justify-single-word="false"/></style:style><style:style style:name="P5" style:family="paragraph" style:parent-style-name="Text_20_body"><style:paragraph-properties fo:margin-top="0cm" fo:margin-bottom="0cm" loext:contextual-spacing="false" fo:line-height="150%" fo:text-align="justify" style:justify-single-word="false"/><style:text-properties style:font-name="Liberation Sans" fo:font-size="12pt"/></style:style><style:style style:name="P6" style:family="paragraph" style:parent-style-name="Text_20_body"><style:paragraph-properties fo:margin-top="0cm" fo:margin-bottom="0cm" loext:contextual-spacing="false" fo:line-height="150%" fo:text-align="start" style:justify-single-word="false" fo:break-before="page"/></style:style><style:style style:name="T1" style:family="text"><style:text-properties style:font-name="Liberation Sans" fo:font-size="12pt"/></style:style><style:style style:name="T2" style:family="text"><style:text-properties style:font-name="Liberation Sans" fo:font-size="12pt" fo:font-weight="bold"/></style:style><style:style style:name="T3" style:family="text"><style:text-properties style:font-name="Liberation Sans" fo:font-size="12pt" fo:font-weight="normal"/></style:style><style:style style:name="T4" style:family="text"><style:text-properties fo:font-variant="normal" fo:text-transform="none"/></style:style><style:style style:name="T5" style:family="text"><style:text-properties fo:font-variant="normal" fo:text-transform="none" style:font-name="Liberation Sans" fo:font-size="12pt" fo:font-style="normal" fo:font-weight="normal"/></style:style><style:style style:name="T6" style:family="text"><style:text-properties fo:color="#000000"/></style:style><style:style style:name="T7" style:family="text"><style:text-properties fo:color="#000000" style:font-name="Liberation Sans" fo:font-size="12pt" fo:font-weight="normal"/></style:style><style:style style:name="T8" style:family="text"><style:text-properties fo:color="#000099" style:text-line-through-style="none" style:text-line-through-type="none" style:font-name="Liberation Sans" fo:font-size="12pt" style:text-underline-style="none" fo:font-weight="bold" style:text-blinking="false"/></style:style><style:style style:name="fr1" style:family="graphic" style:parent-style-name="Graphics"><style:graphic-properties style:wrap="right" style:number-wrapped-paragraphs="no-limit" style:wrap-contour="false" style:vertical-pos="top" style:vertical-rel="paragraph-content" style:horizontal-pos="left" style:horizontal-rel="paragraph" style:mirror="none" fo:clip="rect(0cm, 0cm, 0cm, 0cm)" draw:luminance="0%" draw:contrast="0%" draw:red="0%" draw:green="0%" draw:blue="0%" draw:gamma="100%" draw:color-inversion="false" draw:image-opacity="100%" draw:color-mode="standard"/></style:style><style:style style:name="Sect1" style:family="section"><style:section-properties style:writing-mode="lr-tb" style:editable="false"><style:columns fo:column-count="1" fo:column-gap="0cm"/></style:section-properties></style:style></office:automatic-styles><office:body><office:text><text:sequence-decls><text:sequence-decl text:display-outline-level="0" text:name="Illustration"/><text:sequence-decl text:display-outline-level="0" text:name="Table"/><text:sequence-decl text:display-outline-level="0" text:name="Text"/><text:sequence-decl text:display-outline-level="0" text:name="Drawing"/></text:sequence-decls><text:section text:style-name="Sect1" text:name="texto"><text:p text:style-name="P3"><draw:frame draw:style-name="fr1" draw:name="Figura1" text:anchor-type="paragraph" svg:width="17.013cm" svg:height="24.897cm" draw:z-index="0"><draw:image xlink:href="Pictures/1000020100000A5D00000F2F4945918F5DBE76A7.png" xlink:type="simple" xlink:show="embed" xlink:actuate="onLoad"/></draw:frame><office:annotation><dc:date>2018-07-29T09:37:31.895945621</dc:date><text:p>HTML: &lt;meta name=&quot;created&quot; content=&quot;00:00:00&quot;&gt;</text:p></office:annotation><office:annotation><dc:date>2018-07-29T09:37:31.895968907</dc:date><text:p>HTML: &lt;meta name=&quot;changed&quot; content=&quot;00:00:00&quot;&gt;</text:p></office:annotation><office:annotation><dc:date>2018-07-29T09:37:31.895985948</dc:date><text:p>HTML: &lt;meta name=&quot;created&quot; content=&quot;00:00:00&quot;&gt;</text:p></office:annotation><office:annotation><dc:date>2018-07-29T09:37:31.896003835</dc:date><text:p>HTML: &lt;meta name=&quot;changed&quot; content=&quot;2018-07-29T09:03:51.203164320&quot;&gt;</text:p></office:annotation><office:annotation><dc:date>2018-07-29T09:37:31.896019808</dc:date><text:p>HTML: &lt;meta name=&quot;created&quot; content=&quot;00:00:00&quot;&gt;</text:p></office:annotation><office:annotation><dc:date>2018-07-29T09:37:31.896035382</dc:date><text:p>HTML: &lt;meta name=&quot;changed&quot; content=&quot;00:00:00&quot;&gt;</text:p></office:annotation><office:annotation><dc:date>2018-07-29T09:37:31.896051016</dc:date><text:p>HTML: &lt;meta name=&quot;created&quot; content=&quot;00:00:00&quot;&gt;</text:p></office:annotation><office:annotation><dc:date>2018-07-29T09:37:31.896068130</dc:date><text:p>HTML: &lt;meta name=&quot;changed&quot; content=&quot;2018-07-25T07:15:28.978362598&quot;&gt;</text:p></office:annotation></text:p><text:p text:style-name="P6"><text:span text:style-name="Strong_20_Emphasis"><text:span text:style-name="T5"><office:annotation><dc:date>2018-07-29T09:37:33.174707401</dc:date><text:p>HTML: &lt;meta name=&quot;created&quot; content=&quot;00:00:00&quot;&gt;</text:p></office:annotation></text:span></text:span><text:span text:style-name="Strong_20_Emphasis"><text:span text:style-name="T5"><office:annotation><dc:date>2018-07-29T09:37:33.174720268</dc:date><text:p>HTML: &lt;meta name=&quot;changed&quot; content=&quot;2018-07-23T18:49:00.917275213&quot;&gt;</text:p></office:annotation></text:span></text:span><text:span text:style-name="Strong_20_Emphasis"><text:span text:style-name="T5"><office:annotation><dc:date>2018-07-29T09:37:33.174730505</dc:date><text:p>HTML: &lt;meta name=&quot;created&quot; content=&quot;00:00:00&quot;&gt;</text:p></office:annotation></text:span></text:span><text:span text:style-name="Strong_20_Emphasis"><text:span text:style-name="T5"><office:annotation><dc:date>2018-07-29T09:37:33.174741262</dc:date><text:p>HTML: &lt;meta name=&quot;changed&quot; content=&quot;2018-07-23T18:45:04.880633003&quot;&gt;</text:p></office:annotation></text:span></text:span><text:span text:style-name="Strong_20_Emphasis"><text:span text:style-name="T5"><office:annotation><dc:date>2018-07-29T09:37:33.174750525</dc:date><text:p>HTML: &lt;meta name=&quot;created&quot; content=&quot;00:00:00&quot;&gt;</text:p></office:annotation></text:span></text:span><text:span text:style-name="Strong_20_Emphasis"><text:span text:style-name="T5"><office:annotation><dc:date>2018-07-29T09:37:33.174760580</dc:date><text:p>HTML: &lt;meta name=&quot;changed&quot; content=&quot;2018-07-23T17:35:11.820836631&quot;&gt;</text:p></office:annotation></text:span></text:span><text:span text:style-name="Strong_20_Emphasis"><text:span text:style-name="T5"><office:annotation><dc:date>2018-07-29T09:37:33.174770614</dc:date><text:p>HTML: &lt;meta name=&quot;created&quot; content=&quot;00:00:00&quot;&gt;</text:p></office:annotation></text:span></text:span><text:span text:style-name="Strong_20_Emphasis"><text:span text:style-name="T5"><office:annotation><dc:date>2018-07-29T09:37:33.174780769</dc:date><text:p>HTML: &lt;meta name=&quot;changed&quot; content=&quot;2018-07-01T22:37:31.372029950&quot;&gt;</text:p></office:annotation></text:span></text:span><text:span text:style-name="Strong_20_Emphasis"><text:span text:style-name="T5"><office:annotation><dc:date>2018-07-29T09:37:33.174790000</dc:date><text:p>HTML: &lt;meta name=&quot;created&quot; content=&quot;00:00:00&quot;&gt;</text:p></office:annotation></text:span></text:span><text:span text:style-name="Strong_20_Emphasis"><text:span text:style-name="T5"><office:annotation><dc:date>2018-07-29T09:37:33.174799779</dc:date><text:p>HTML: &lt;meta name=&quot;changed&quot; content=&quot;2018-07-01T22:13:16.001692095&quot;&gt;</text:p></office:annotation></text:span></text:span><text:span text:style-name="Strong_20_Emphasis"><text:span text:style-name="T5"><office:annotation><dc:date>2018-07-29T09:37:33.174808784</dc:date><text:p>HTML: &lt;meta name=&quot;created&quot; content=&quot;00:00:00&quot;&gt;</text:p></office:annotation></text:span></text:span><text:span text:style-name="Strong_20_Emphasis"><text:span text:style-name="T5"><office:annotation><dc:date>2018-07-29T09:37:33.174817723</dc:date><text:p>HTML: &lt;meta name=&quot;changed&quot; content=&quot;00:00:00&quot;&gt;</text:p></office:annotation></text:span></text:span><text:span text:style-name="Strong_20_Emphasis"><text:span text:style-name="T5"><office:annotation><dc:date>2018-07-29T09:37:33.174826636</dc:date><text:p>HTML: &lt;meta name=&quot;created&quot; content=&quot;00:00:00&quot;&gt;</text:p></office:annotation></text:span></text:span><text:span text:style-name="Strong_20_Emphasis"><text:span text:style-name="T5"><office:annotation><dc:date>2018-07-29T09:37:33.174836349</dc:date><text:p>HTML: &lt;meta name=&quot;changed&quot; content=&quot;2018-06-29T22:40:27.905434121&quot;&gt;</text:p></office:annotation></text:span></text:span><text:span text:style-name="Strong_20_Emphasis"><text:span text:style-name="T5"><office:annotation><dc:date>2018-07-29T09:37:33.174845377</dc:date><text:p>HTML: &lt;meta name=&quot;created&quot; content=&quot;00:00:00&quot;&gt;</text:p></office:annotation></text:span></text:span><text:span text:style-name="Strong_20_Emphasis"><text:span text:style-name="T5"><office:annotation><dc:date>2018-07-29T09:37:33.174855213</dc:date><text:p>HTML: &lt;meta name=&quot;changed&quot; content=&quot;2018-06-29T22:19:54.818236607&quot;&gt;</text:p></office:annotation></text:span></text:span><text:span text:style-name="Strong_20_Emphasis"><text:span text:style-name="T5"><office:annotation><dc:date>2018-07-29T09:37:33.174864557</dc:date><text:p>HTML: &lt;meta name=&quot;created&quot; content=&quot;00:00:00&quot;&gt;</text:p></office:annotation></text:span></text:span><text:span text:style-name="Strong_20_Emphasis"><text:span text:style-name="T5"><office:annotation><dc:date>2018-07-29T09:37:33.174874209</dc:date><text:p>HTML: &lt;meta name=&quot;changed&quot; content=&quot;2018-06-29T16:48:09.289221502&quot;&gt;</text:p></office:annotation></text:span></text:span><text:span text:style-name="Strong_20_Emphasis"><text:span text:style-name="T5"><office:annotation><dc:date>2018-07-29T09:37:33.174883328</dc:date><text:p>HTML: &lt;meta name=&quot;created&quot; content=&quot;00:00:00&quot;&gt;</text:p></office:annotation></text:span></text:span><text:span text:style-name="Strong_20_Emphasis"><text:span text:style-name="T5"><office:annotation><dc:date>2018-07-29T09:37:33.174893121</dc:date><text:p>HTML: &lt;meta name=&quot;changed&quot; content=&quot;2018-06-28T13:04:28.492733451&quot;&gt;</text:p></office:annotation></text:span></text:span><text:span text:style-name="Strong_20_Emphasis"><text:span text:style-name="T5"><office:annotation><dc:date>2018-07-29T09:37:33.174902043</dc:date><text:p>HTML: &lt;meta name=&quot;created&quot; content=&quot;00:00:00&quot;&gt;</text:p></office:annotation></text:span></text:span><text:span text:style-name="Strong_20_Emphasis"><text:span text:style-name="T5"><office:annotation><dc:date>2018-07-29T09:37:33.174912343</dc:date><text:p>HTML: &lt;meta name=&quot;changed&quot; content=&quot;2018-06-26T16:14:44.639882738&quot;&gt;</text:p></office:annotation></text:span></text:span><text:span text:style-name="Strong_20_Emphasis"><text:span text:style-name="T5"><office:annotation><dc:date>2018-07-29T09:37:33.174921556</dc:date><text:p>HTML: &lt;meta name=&quot;created&quot; content=&quot;00:00:00&quot;&gt;</text:p></office:annotation></text:span></text:span><text:span text:style-name="Strong_20_Emphasis"><text:span text:style-name="T5"><office:annotation><dc:date>2018-07-29T09:37:33.174931272</dc:date><text:p>HTML: &lt;meta name=&quot;changed&quot; content=&quot;2018-06-26T00:07:28.897913089&quot;&gt;</text:p></office:annotation></text:span></text:span><text:span text:style-name="Strong_20_Emphasis"><text:span text:style-name="T5"><office:annotation><dc:date>2018-07-29T09:37:33.174940318</dc:date><text:p>HTML: &lt;meta name=&quot;created&quot; content=&quot;00:00:00&quot;&gt;</text:p></office:annotation></text:span></text:span><text:span text:style-name="Strong_20_Emphasis"><text:span text:style-name="T5"><office:annotation><dc:date>2018-07-29T09:37:33.174949991</dc:date><text:p>HTML: &lt;meta name=&quot;changed&quot; content=&quot;2018-06-25T20:14:42.039332923&quot;&gt;</text:p></office:annotation></text:span></text:span><text:span text:style-name="Strong_20_Emphasis"><text:span text:style-name="T5"><office:annotation><dc:date>2018-07-29T09:37:33.174958675</dc:date><text:p>HTML: &lt;meta name=&quot;created&quot; content=&quot;00:00:00&quot;&gt;</text:p></office:annotation></text:span></text:span><text:span text:style-name="Strong_20_Emphasis"><text:span text:style-name="T5"><office:annotation><dc:date>2018-07-29T09:37:33.174967984</dc:date><text:p>HTML: &lt;meta name=&quot;changed&quot; content=&quot;2018-06-24T22:32:07.411315002&quot;&gt;</text:p></office:annotation></text:span></text:span><text:span text:style-name="Strong_20_Emphasis"><text:span text:style-name="T5"><office:annotation><dc:date>2018-07-29T09:37:33.174976512</dc:date><text:p>HTML: &lt;meta name=&quot;created&quot; content=&quot;00:00:00&quot;&gt;</text:p></office:annotation></text:span></text:span><text:span text:style-name="Strong_20_Emphasis"><text:span text:style-name="T5"><office:annotation><dc:date>2018-07-29T09:37:33.174986303</dc:date><text:p>HTML: &lt;meta name=&quot;changed&quot; content=&quot;2018-06-24T15:42:01.493043692&quot;&gt;</text:p></office:annotation></text:span></text:span><text:span text:style-name="Strong_20_Emphasis"><text:span text:style-name="T5"><office:annotation><dc:date>2018-07-29T09:37:33.174995455</dc:date><text:p>HTML: &lt;meta name=&quot;created&quot; content=&quot;00:00:00&quot;&gt;</text:p></office:annotation></text:span></text:span><text:span text:style-name="Strong_20_Emphasis"><text:span text:style-name="T5"><office:annotation><dc:date>2018-07-29T09:37:33.175005821</dc:date><text:p>HTML: &lt;meta name=&quot;changed&quot; content=&quot;2018-06-24T09:30:05.416727667&quot;&gt;</text:p></office:annotation></text:span></text:span><text:span text:style-name="Strong_20_Emphasis"><text:span text:style-name="T5"><office:annotation><dc:date>2018-07-29T09:37:33.175014811</dc:date><text:p>HTML: &lt;meta name=&quot;created&quot; content=&quot;00:00:00&quot;&gt;</text:p></office:annotation></text:span></text:span><text:span text:style-name="Strong_20_Emphasis"><text:span text:style-name="T5"><office:annotation><dc:date>2018-07-29T09:37:33.175024472</dc:date><text:p>HTML: &lt;meta name=&quot;changed&quot; content=&quot;2018-06-23T16:36:03.100363804&quot;&gt;</text:p></office:annotation></text:span></text:span><text:span text:style-name="Strong_20_Emphasis"><text:span text:style-name="T5"><office:annotation><dc:date>2018-07-29T09:37:33.175033261</dc:date><text:p>HTML: &lt;meta name=&quot;created&quot; content=&quot;00:00:00&quot;&gt;</text:p></office:annotation></text:span></text:span><text:span text:style-name="Strong_20_Emphasis"><text:span text:style-name="T5"><office:annotation><dc:date>2018-07-29T09:37:33.175042840</dc:date><text:p>HTML: &lt;meta name=&quot;changed&quot; content=&quot;2018-06-23T11:36:03.222001170&quot;&gt;</text:p></office:annotation></text:span></text:span><text:span text:style-name="Strong_20_Emphasis"><text:span text:style-name="T5"><office:annotation><dc:date>2018-07-29T09:37:33.175051440</dc:date><text:p>HTML: &lt;meta name=&quot;created&quot; content=&quot;00:00:00&quot;&gt;</text:p></office:annotation></text:span></text:span><text:span text:style-name="Strong_20_Emphasis"><text:span text:style-name="T5"><office:annotation><dc:date>2018-07-29T09:37:33.175060775</dc:date><text:p>HTML: &lt;meta name=&quot;changed&quot; content=&quot;2018-06-21T23:23:09.057807835&quot;&gt;</text:p></office:annotation></text:span></text:span><text:span text:style-name="Strong_20_Emphasis"><text:span text:style-name="T5"><office:annotation><dc:date>2018-07-29T09:37:33.175069472</dc:date><text:p>HTML: &lt;meta name=&quot;created&quot; content=&quot;00:00:00&quot;&gt;</text:p></office:annotation></text:span></text:span><text:span text:style-name="Strong_20_Emphasis"><text:span text:style-name="T5"><office:annotation><dc:date>2018-07-29T09:37:33.175096969</dc:date><text:p>HTML: &lt;meta name=&quot;changed&quot; content=&quot;2018-06-21T17:55:17.865393136&quot;&gt;</text:p></office:annotation></text:span></text:span><text:span text:style-name="Strong_20_Emphasis"><text:span text:style-name="T5"><office:annotation><dc:date>2018-07-29T09:37:33.175106347</dc:date><text:p>HTML: &lt;meta name=&quot;created&quot; content=&quot;00:00:00&quot;&gt;</text:p></office:annotation></text:span></text:span><text:span text:style-name="Strong_20_Emphasis"><text:span text:style-name="T5"><office:annotation><dc:date>2018-07-29T09:37:33.175115997</dc:date><text:p>HTML: &lt;meta name=&quot;changed&quot; content=&quot;2018-06-21T12:21:22.763521742&quot;&gt;</text:p></office:annotation></text:span></text:span><text:span text:style-name="Strong_20_Emphasis"><text:span text:style-name="T5"><office:annotation><dc:date>2018-07-29T09:37:33.175124706</dc:date><text:p>HTML: &lt;meta name=&quot;created&quot; content=&quot;00:00:00&quot;&gt;</text:p></office:annotation></text:span></text:span><text:span text:style-name="Strong_20_Emphasis"><text:span text:style-name="T5"><office:annotation><dc:date>2018-07-29T09:37:33.175134344</dc:date><text:p>HTML: &lt;meta name=&quot;changed&quot; content=&quot;2018-06-20T18:34:19.830157535&quot;&gt;</text:p></office:annotation></text:span></text:span><text:span text:style-name="Strong_20_Emphasis"><text:span text:style-name="T5"><office:annotation><dc:date>2018-07-29T09:37:33.175143027</dc:date><text:p>HTML: &lt;meta name=&quot;created&quot; content=&quot;00:00:00&quot;&gt;</text:p></office:annotation></text:span></text:span><text:span text:style-name="Strong_20_Emphasis"><text:span text:style-name="T5"><office:annotation><dc:date>2018-07-29T09:37:33.175152653</dc:date><text:p>HTML: &lt;meta name=&quot;changed&quot; content=&quot;2018-06-19T12:54:18.844691454&quot;&gt;</text:p></office:annotation></text:span></text:span><text:span text:style-name="Strong_20_Emphasis"><text:span text:style-name="T5"><office:annotation><dc:date>2018-07-29T09:37:33.175161395</dc:date><text:p>HTML: &lt;meta name=&quot;created&quot; content=&quot;00:00:00&quot;&gt;</text:p></office:annotation></text:span></text:span><text:span text:style-name="Strong_20_Emphasis"><text:span text:style-name="T5"><office:annotation><dc:date>2018-07-29T09:37:33.175171411</dc:date><text:p>HTML: &lt;meta name=&quot;changed&quot; content=&quot;2018-06-18T23:20:12.738581285&quot;&gt;</text:p></office:annotation></text:span></text:span><text:span text:style-name="Strong_20_Emphasis"><text:span text:style-name="T5"><office:annotation><dc:date>2018-07-29T09:37:33.175180063</dc:date><text:p>HTML: &lt;meta name=&quot;created&quot; content=&quot;00:00:00&quot;&gt;</text:p></office:annotation></text:span></text:span><text:span text:style-name="Strong_20_Emphasis"><text:span text:style-name="T5"><office:annotation><dc:date>2018-07-29T09:37:33.175189504</dc:date><text:p>HTML: &lt;meta name=&quot;changed&quot; content=&quot;2018-06-18T20:39:37.890329984&quot;&gt;</text:p></office:annotation></text:span></text:span><text:span text:style-name="Strong_20_Emphasis"><text:span text:style-name="T5"><office:annotation><dc:date>2018-07-29T09:37:33.175198018</dc:date><text:p>HTML: &lt;meta name=&quot;created&quot; content=&quot;00:00:00&quot;&gt;</text:p></office:annotation></text:span></text:span><text:span text:style-name="Strong_20_Emphasis"><text:span text:style-name="T5"><office:annotation><dc:date>2018-07-29T09:37:33.175207540</dc:date><text:p>HTML: &lt;meta name=&quot;changed&quot; content=&quot;2018-06-18T12:45:23.879199387&quot;&gt;</text:p></office:annotation></text:span></text:span><text:span text:style-name="Strong_20_Emphasis"><text:span text:style-name="T5"><office:annotation><dc:date>2018-07-29T09:37:33.175216128</dc:date><text:p>HTML: &lt;meta name=&quot;created&quot; content=&quot;00:00:00&quot;&gt;</text:p></office:annotation></text:span></text:span><text:span text:style-name="Strong_20_Emphasis"><text:span text:style-name="T5"><office:annotation><dc:date>2018-07-29T09:37:33.175225428</dc:date><text:p>HTML: &lt;meta name=&quot;changed&quot; content=&quot;2018-06-17T20:02:02.143589569&quot;&gt;</text:p></office:annotation></text:span></text:span><text:span text:style-name="Strong_20_Emphasis"><text:span text:style-name="T5"><office:annotation><dc:date>2018-07-29T09:37:33.175233996</dc:date><text:p>HTML: &lt;meta name=&quot;created&quot; content=&quot;00:00:00&quot;&gt;</text:p></office:annotation></text:span></text:span><text:span text:style-name="Strong_20_Emphasis"><text:span text:style-name="T5"><office:annotation><dc:date>2018-07-29T09:37:33.175243583</dc:date><text:p>HTML: &lt;meta name=&quot;changed&quot; content=&quot;2018-06-17T19:45:54.789583280&quot;&gt;</text:p></office:annotation></text:span></text:span><text:span text:style-name="Strong_20_Emphasis"><text:span text:style-name="T5"><office:annotation><dc:date>2018-07-29T09:37:33.175252083</dc:date><text:p>HTML: &lt;meta name=&quot;created&quot; content=&quot;00:00:00&quot;&gt;</text:p></office:annotation></text:span></text:span><text:span text:style-name="Strong_20_Emphasis"><text:span text:style-name="T5"><office:annotation><dc:date>2018-07-29T09:37:33.175261469</dc:date><text:p>HTML: &lt;meta name=&quot;changed&quot; content=&quot;2018-06-16T15:19:53.989201345&quot;&gt;</text:p></office:annotation></text:span></text:span><text:span text:style-name="Strong_20_Emphasis"><text:span text:style-name="T5"><office:annotation><dc:date>2018-07-29T09:37:33.175270000</dc:date><text:p>HTML: &lt;meta name=&quot;created&quot; content=&quot;00:00:00&quot;&gt;</text:p></office:annotation></text:span></text:span><text:span text:style-name="Strong_20_Emphasis"><text:span text:style-name="T5"><office:annotation><dc:date>2018-07-29T09:37:33.175279621</dc:date><text:p>HTML: &lt;meta name=&quot;changed&quot; content=&quot;2018-06-16T13:50:44.432862129&quot;&gt;</text:p></office:annotation></text:span></text:span><text:span text:style-name="Strong_20_Emphasis"><text:span text:style-name="T5"><office:annotation><dc:date>2018-07-29T09:37:33.175288381</dc:date><text:p>HTML: &lt;meta name=&quot;created&quot; content=&quot;00:00:00&quot;&gt;</text:p></office:annotation></text:span></text:span><text:span text:style-name="Strong_20_Emphasis"><text:span text:style-name="T5"><office:annotation><dc:date>2018-07-29T09:37:33.175297793</dc:date><text:p>HTML: &lt;meta name=&quot;changed&quot; content=&quot;2018-06-16T10:49:58.030689160&quot;&gt;</text:p></office:annotation></text:span></text:span><text:span text:style-name="Strong_20_Emphasis"><text:span text:style-name="T5"><office:annotation><dc:date>2018-07-29T09:37:33.175306333</dc:date><text:p>HTML: &lt;meta name=&quot;created&quot; content=&quot;00:00:00&quot;&gt;</text:p></office:annotation></text:span></text:span><text:span text:style-name="Strong_20_Emphasis"><text:span text:style-name="T5"><office:annotation><dc:date>2018-07-29T09:37:33.175315798</dc:date><text:p>HTML: &lt;meta name=&quot;changed&quot; content=&quot;2018-06-15T13:05:31.693854059&quot;&gt;</text:p></office:annotation></text:span></text:span><text:span text:style-name="Strong_20_Emphasis"><text:span text:style-name="T5"><office:annotation><dc:date>2018-07-29T09:37:33.175325411</dc:date><text:p>HTML: &lt;meta name=&quot;changed&quot; content=&quot;2018-06-15T16:46:54.538249678&quot;&gt;</text:p></office:annotation></text:span></text:span><text:span text:style-name="Strong_20_Emphasis"><text:span text:style-name="T5"><office:annotation><dc:date>2018-07-29T09:37:33.175333893</dc:date><text:p>HTML: &lt;meta name=&quot;created&quot; content=&quot;00:00:00&quot;&gt;</text:p></office:annotation></text:span></text:span><text:span text:style-name="Strong_20_Emphasis"><text:span text:style-name="T5"><office:annotation><dc:date>2018-07-29T09:37:33.175343465</dc:date><text:p>HTML: &lt;meta name=&quot;changed&quot; content=&quot;2018-06-14T22:55:38.007259856&quot;&gt;</text:p></office:annotation></text:span></text:span><text:span text:style-name="Strong_20_Emphasis"><text:span text:style-name="T5"><office:annotation><dc:date>2018-07-29T09:37:33.175352226</dc:date><text:p>HTML: &lt;meta name=&quot;created&quot; content=&quot;00:00:00&quot;&gt;</text:p></office:annotation></text:span></text:span><text:span text:style-name="Strong_20_Emphasis"><text:span text:style-name="T5"><office:annotation><dc:date>2018-07-29T09:37:33.175361788</dc:date><text:p>HTML: &lt;meta name=&quot;changed&quot; content=&quot;2018-06-14T20:52:51.033526204&quot;&gt;</text:p></office:annotation></text:span></text:span><text:span text:style-name="Strong_20_Emphasis"><text:span text:style-name="T5"><office:annotation><dc:date>2018-07-29T09:37:33.175370324</dc:date><text:p>HTML: &lt;meta name=&quot;created&quot; content=&quot;00:00:00&quot;&gt;</text:p></office:annotation></text:span></text:span><text:span text:style-name="Strong_20_Emphasis"><text:span text:style-name="T5"><office:annotation><dc:date>2018-07-29T09:37:33.175379718</dc:date><text:p>HTML: &lt;meta name=&quot;changed&quot; content=&quot;2018-06-14T17:27:12.577284577&quot;&gt;</text:p></office:annotation></text:span></text:span><text:span text:style-name="Strong_20_Emphasis"><text:span text:style-name="T5"><office:annotation><dc:date>2018-07-29T09:37:33.175388494</dc:date><text:p>HTML: &lt;meta name=&quot;created&quot; content=&quot;00:00:00&quot;&gt;</text:p></office:annotation></text:span></text:span><text:span text:style-name="Strong_20_Emphasis"><text:span text:style-name="T5"><office:annotation><dc:date>2018-07-29T09:37:33.175397732</dc:date><text:p>HTML: &lt;meta name=&quot;changed&quot; content=&quot;2018-06-14T12:58:12.332824081&quot;&gt;</text:p></office:annotation></text:span></text:span><text:span text:style-name="Strong_20_Emphasis"><text:span text:style-name="T5"><office:annotation><dc:date>2018-07-29T09:37:33.175406319</dc:date><text:p>HTML: &lt;meta name=&quot;created&quot; content=&quot;00:00:00&quot;&gt;</text:p></office:annotation></text:span></text:span><text:span text:style-name="Strong_20_Emphasis"><text:span text:style-name="T5"><office:annotation><dc:date>2018-07-29T09:37:33.175415607</dc:date><text:p>HTML: &lt;meta name=&quot;changed&quot; content=&quot;2018-06-14T07:07:38.845049501&quot;&gt;</text:p></office:annotation></text:span></text:span><text:span text:style-name="Strong_20_Emphasis"><text:span text:style-name="T5"><office:annotation><dc:date>2018-07-29T09:37:33.175424249</dc:date><text:p>HTML: &lt;meta name=&quot;created&quot; content=&quot;00:00:00&quot;&gt;</text:p></office:annotation></text:span></text:span><text:span text:style-name="Strong_20_Emphasis"><text:span text:style-name="T5"><office:annotation><dc:date>2018-07-29T09:37:33.175443685</dc:date><text:p>HTML: &lt;meta name=&quot;changed&quot; content=&quot;2018-06-13T22:59:08.975991996&quot;&gt;</text:p></office:annotation></text:span></text:span><text:span text:style-name="Strong_20_Emphasis"><text:span text:style-name="T5"><office:annotation><dc:date>2018-07-29T09:37:33.175452840</dc:date><text:p>HTML: &lt;meta name=&quot;created&quot; content=&quot;00:00:00&quot;&gt;</text:p></office:annotation></text:span></text:span><text:span text:style-name="Strong_20_Emphasis"><text:span text:style-name="T5"><office:annotation><dc:date>2018-07-29T09:37:33.175462976</dc:date><text:p>HTML: &lt;meta name=&quot;changed&quot; content=&quot;2018-06-13T20:26:03.305702553&quot;&gt;</text:p></office:annotation></text:span></text:span><text:span text:style-name="Strong_20_Emphasis"><text:span text:style-name="T5"><office:annotation><dc:date>2018-07-29T09:37:33.175472045</dc:date><text:p>HTML: &lt;meta name=&quot;created&quot; content=&quot;00:00:00&quot;&gt;</text:p></office:annotation></text:span></text:span><text:span text:style-name="Strong_20_Emphasis"><text:span text:style-name="T5"><office:annotation><dc:date>2018-07-29T09:37:33.175489560</dc:date><text:p>HTML: &lt;meta name=&quot;changed&quot; content=&quot;2018-06-12T12:28:00.714637591&quot;&gt;</text:p></office:annotation></text:span></text:span><text:span text:style-name="Strong_20_Emphasis"><text:span text:style-name="T5"><office:annotation><dc:date>2018-07-29T09:37:33.175500005</dc:date><text:p>HTML: &lt;meta name=&quot;created&quot; content=&quot;00:00:00&quot;&gt;</text:p></office:annotation></text:span></text:span><text:span text:style-name="Strong_20_Emphasis"><text:span text:style-name="T5"><office:annotation><dc:date>2018-07-29T09:37:33.175509460</dc:date><text:p>HTML: &lt;meta name=&quot;changed&quot; content=&quot;2018-06-11T22:59:09.625284365&quot;&gt;</text:p></office:annotation></text:span></text:span><text:span text:style-name="Strong_20_Emphasis"><text:span text:style-name="T5"><office:annotation><dc:date>2018-07-29T09:37:33.175518807</dc:date><text:p>HTML: &lt;meta name=&quot;created&quot; content=&quot;2018-06-11T22:51:04.642681485&quot;&gt;</text:p></office:annotation></text:span></text:span><text:span text:style-name="Strong_20_Emphasis"><text:span text:style-name="T5"><office:annotation><dc:date>2018-07-29T09:37:33.175528211</dc:date><text:p>HTML: &lt;meta name=&quot;changed&quot; content=&quot;2018-06-11T22:52:11.240135258&quot;&gt;</text:p></office:annotation></text:span></text:span><text:span text:style-name="Strong_20_Emphasis"><text:span text:style-name="T5">Título: </text:span></text:span><text:span text:style-name="Strong_20_Emphasis"><text:span text:style-name="T5"><office:annotation><dc:date>2018-07-29T09:37:33.175594203</dc:date><text:p>HTML: &lt;meta name=&quot;created&quot; content=&quot;00:00:00&quot;&gt;</text:p></office:annotation></text:span></text:span><text:span text:style-name="Strong_20_Emphasis"><text:span text:style-name="T5"><office:annotation><dc:date>2018-07-29T09:37:33.175604910</dc:date><text:p>HTML: &lt;meta name=&quot;changed&quot; content=&quot;2018-06-14T22:55:38.007259856&quot;&gt;</text:p></office:annotation></text:span></text:span><text:span text:style-name="Strong_20_Emphasis"><text:span text:style-name="T5"><office:annotation><dc:date>2018-07-29T09:37:33.175614295</dc:date><text:p>HTML: &lt;meta name=&quot;created&quot; content=&quot;00:00:00&quot;&gt;</text:p></office:annotation></text:span></text:span><text:span text:style-name="Strong_20_Emphasis"><text:span text:style-name="T5"><office:annotation><dc:date>2018-07-29T09:37:33.175624211</dc:date><text:p>HTML: &lt;meta name=&quot;changed&quot; content=&quot;2018-06-14T20:52:51.033526204&quot;&gt;</text:p></office:annotation></text:span></text:span><text:span text:style-name="Strong_20_Emphasis"><text:span text:style-name="T5"><office:annotation><dc:date>2018-07-29T09:37:33.175633187</dc:date><text:p>HTML: &lt;meta name=&quot;created&quot; content=&quot;00:00:00&quot;&gt;</text:p></office:annotation></text:span></text:span><text:span text:style-name="Strong_20_Emphasis"><text:span text:style-name="T5"><office:annotation><dc:date>2018-07-29T09:37:33.175642616</dc:date><text:p>HTML: &lt;meta name=&quot;changed&quot; content=&quot;2018-06-14T17:27:12.577284577&quot;&gt;</text:p></office:annotation></text:span></text:span><text:span text:style-name="Strong_20_Emphasis"><text:span text:style-name="T5"><office:annotation><dc:date>2018-07-29T09:37:33.175651104</dc:date><text:p>HTML: &lt;meta name=&quot;created&quot; content=&quot;00:00:00&quot;&gt;</text:p></office:annotation></text:span></text:span><text:span text:style-name="Strong_20_Emphasis"><text:span text:style-name="T5"><office:annotation><dc:date>2018-07-29T09:37:33.175660603</dc:date><text:p>HTML: &lt;meta name=&quot;changed&quot; content=&quot;2018-06-14T12:58:12.332824081&quot;&gt;</text:p></office:annotation></text:span></text:span><text:span text:style-name="Strong_20_Emphasis"><text:span text:style-name="T5"><office:annotation><dc:date>2018-07-29T09:37:33.175669076</dc:date><text:p>HTML: &lt;meta name=&quot;created&quot; content=&quot;00:00:00&quot;&gt;</text:p></office:annotation></text:span></text:span><text:span text:style-name="Strong_20_Emphasis"><text:span text:style-name="T5"><office:annotation><dc:date>2018-07-29T09:37:33.175678498</dc:date><text:p>HTML: &lt;meta name=&quot;changed&quot; content=&quot;2018-06-14T07:07:38.845049501&quot;&gt;</text:p></office:annotation></text:span></text:span><text:span text:style-name="Strong_20_Emphasis"><text:span text:style-name="T5"><office:annotation><dc:date>2018-07-29T09:37:33.175687194</dc:date><text:p>HTML: &lt;meta name=&quot;created&quot; content=&quot;00:00:00&quot;&gt;</text:p></office:annotation></text:span></text:span><text:span text:style-name="Strong_20_Emphasis"><text:span text:style-name="T5"><office:annotation><dc:date>2018-07-29T09:37:33.175696478</dc:date><text:p>HTML: &lt;meta name=&quot;changed&quot; content=&quot;2018-06-13T22:59:08.975991996&quot;&gt;</text:p></office:annotation></text:span></text:span><text:span text:style-name="Strong_20_Emphasis"><text:span text:style-name="T5"><office:annotation><dc:date>2018-07-29T09:37:33.175705129</dc:date><text:p>HTML: &lt;meta name=&quot;created&quot; content=&quot;00:00:00&quot;&gt;</text:p></office:annotation></text:span></text:span><text:span text:style-name="Strong_20_Emphasis"><text:span text:style-name="T5"><office:annotation><dc:date>2018-07-29T09:37:33.175714583</dc:date><text:p>HTML: &lt;meta name=&quot;changed&quot; content=&quot;2018-06-13T20:26:03.305702553&quot;&gt;</text:p></office:annotation></text:span></text:span><text:span text:style-name="Strong_20_Emphasis"><text:span text:style-name="T5"><office:annotation><dc:date>2018-07-29T09:37:33.175723115</dc:date><text:p>HTML: &lt;meta name=&quot;created&quot; content=&quot;00:00:00&quot;&gt;</text:p></office:annotation></text:span></text:span><text:span text:style-name="Strong_20_Emphasis"><text:span text:style-name="T5"><office:annotation><dc:date>2018-07-29T09:37:33.175732526</dc:date><text:p>HTML: &lt;meta name=&quot;changed&quot; content=&quot;2018-06-12T12:28:00.714637591&quot;&gt;</text:p></office:annotation></text:span></text:span><text:span text:style-name="Strong_20_Emphasis"><text:span text:style-name="T5"><office:annotation><dc:date>2018-07-29T09:37:33.175741429</dc:date><text:p>HTML: &lt;meta name=&quot;created&quot; content=&quot;00:00:00&quot;&gt;</text:p></office:annotation></text:span></text:span><text:span text:style-name="Strong_20_Emphasis"><text:span text:style-name="T5"><office:annotation><dc:date>2018-07-29T09:37:33.175750828</dc:date><text:p>HTML: &lt;meta name=&quot;changed&quot; content=&quot;2018-06-11T22:59:09.625284365&quot;&gt;</text:p></office:annotation></text:span></text:span><text:span text:style-name="Strong_20_Emphasis"><text:span text:style-name="T5"><office:annotation><dc:date>2018-07-29T09:37:33.175760355</dc:date><text:p>HTML: &lt;meta name=&quot;created&quot; content=&quot;2018-06-11T22:51:04.642681485&quot;&gt;</text:p></office:annotation></text:span></text:span><text:span text:style-name="Strong_20_Emphasis"><text:span text:style-name="T5"><office:annotation><dc:date>2018-07-29T09:37:33.175769827</dc:date><text:p>HTML: &lt;meta name=&quot;changed&quot; content=&quot;2018-06-11T22:52:11.240135258&quot;&gt;</text:p></office:annotation></text:span></text:span><text:span text:style-name="Strong_20_Emphasis"><text:span text:style-name="T5">CHAPTER A DAY (FILEMON)<text:line-break/>Autor: NORMAN</text:span></text:span><text:span text:style-name="Strong_20_Emphasis"><text:span text:style-name="T4"> </text:span></text:span><text:span text:style-name="Strong_20_Emphasis"><text:span text:style-name="T5">BERRY </text:span></text:span><text:span text:style-name="Strong_20_Emphasis"><text:span text:style-name="T2"><text:line-break/><text:line-break/></text:span></text:span><text:span text:style-name="Strong_20_Emphasis"><text:span text:style-name="T7">Literaturas em formato</text:span></text:span><text:span text:style-name="Strong_20_Emphasis"><text:span text:style-name="T6"> </text:span></text:span><text:span text:style-name="Strong_20_Emphasis"><text:span text:style-name="T7">digital:<text:line-break/></text:span></text:span><text:a xlink:type="simple" xlink:href="http://www.acervodigitalcristao.com.br/" text:style-name="Internet_20_link" text:visited-style-name="Visited_20_Internet_20_Link"><text:span text:style-name="Strong_20_Emphasis"><text:span text:style-name="T2">www.acervodigitalcristao.com.br</text:span></text:span></text:a><text:span text:style-name="Strong_20_Emphasis"><text:span text:style-name="T8"><text:line-break/><text:line-break/></text:span></text:span><text:span text:style-name="Strong_20_Emphasis"><text:span text:style-name="T3">Literaturas em formato</text:span></text:span><text:span text:style-name="Strong_20_Emphasis"> </text:span><text:span text:style-name="Strong_20_Emphasis"><text:span text:style-name="T3">Impresso:<text:line-break/></text:span></text:span><text:a xlink:type="simple" xlink:href="http://www.verdadesvivas.com.br/" text:style-name="Internet_20_link" text:visited-style-name="Visited_20_Internet_20_Link"><text:span text:style-name="Strong_20_Emphasis"><text:span text:style-name="T2">www.verdadesvivas.com.br</text:span></text:span></text:a><text:span text:style-name="Strong_20_Emphasis"><text:span text:style-name="T8"><text:line-break/><text:line-break/></text:span></text:span><text:span text:style-name="Strong_20_Emphasis"><text:span text:style-name="T3">Evangelho em 03 Minutos:</text:span></text:span><text:span text:style-name="Strong_20_Emphasis"> </text:span><text:span text:style-name="Strong_20_Emphasis"><text:span text:style-name="T2"><text:line-break/></text:span></text:span><text:a xlink:type="simple" xlink:href="http://www.3minutos.net/" text:style-name="Internet_20_link" text:visited-style-name="Visited_20_Internet_20_Link"><text:span text:style-name="Strong_20_Emphasis"><text:span text:style-name="T2">www.3minutos.net</text:span></text:span></text:a><text:span text:style-name="Strong_20_Emphasis"><text:span text:style-name="T8"><text:line-break/><text:line-break/></text:span></text:span><text:span text:style-name="Strong_20_Emphasis"><text:span text:style-name="T3">O que respondi:<text:line-break/></text:span></text:span><text:a xlink:type="simple" xlink:href="http://www.respondi.com.br/" text:style-name="Internet_20_link" text:visited-style-name="Visited_20_Internet_20_Link"><text:span text:style-name="Strong_20_Emphasis"><text:span text:style-name="T2">www.respondi.com.br</text:span></text:span></text:a></text:p><text:h text:style-name="P2" text:outline-level="2">#502</text:h><text:p text:style-name="P4"/><text:p text:style-name="P5">Deus, hoje, deu a Satanás a capacidade de produzir os resultados desejados. </text:p><text:p text:style-name="P4"/><text:h text:style-name="P1" text:outline-level="2"><text:bookmark text:name="__RefHeading___Toc7703_1419486361"/><text:a xlink:type="simple" xlink:href="http://mysword.info/b?r=Phm_1" text:style-name="Internet_20_link" text:visited-style-name="Visited_20_Internet_20_Link"><text:span text:style-name="T1">FILEMOM</text:span></text:a></text:h><text:p text:style-name="P4"/><text:p text:style-name="P5">Uma adorável carta mostrando-nos como essa vida eterna de que temos lido funciona no dia a dia. A carta fala de um escravo chamado Onésimo que fugiu de seu senhor, Filemom, e acabou em Roma. Aqui ele encontrou o apóstolo Paulo, e foi salvo. Paulo o envia de volta a seu senhor com esta carta.</text:p><text:p text:style-name="P4"/><text:p text:style-name="P4"><text:a xlink:type="simple" xlink:href="http://mysword.info/b?r=Phm_1:1-9" text:style-name="Internet_20_link" text:visited-style-name="Visited_20_Internet_20_Link"><text:span text:style-name="T1">Fl 1-9</text:span></text:a><text:span text:style-name="T1"> Uma introdução ardente a Filemom, um querido amigo e irmão (no Senhor) de Paulo.</text:span></text:p><text:p text:style-name="P4"/><text:p text:style-name="P4"><text:a xlink:type="simple" xlink:href="http://mysword.info/b?r=Phm_1:2" text:style-name="Internet_20_link" text:visited-style-name="Visited_20_Internet_20_Link"><text:span text:style-name="T1">Fl 2</text:span></text:a><text:span text:style-name="T1"> &quot;A igreja que está em tua casa&quot;. Podemos ver que a palavra &quot;igreja&quot; não significa o que muitas pessoas fazem do nome - um prédio de tijolos ou pedras. Significa uma assembléia, e esta assembléia reunia-se na casa mencionada aqui.</text:span></text:p><text:p text:style-name="P4"/><text:p text:style-name="P4"><text:a xlink:type="simple" xlink:href="http://mysword.info/b?r=Phm_1:10" text:style-name="Internet_20_link" text:visited-style-name="Visited_20_Internet_20_Link"><text:span text:style-name="T1">Fl 10</text:span></text:a><text:span text:style-name="T1"> Ao que parece Onésimo encontrou-se com Paulo na prisão e foi salvo por seu intermédio. Quão maravilhosos são os caminhos de Deus.</text:span></text:p><text:p text:style-name="P4"/><text:p text:style-name="P4"><text:a xlink:type="simple" xlink:href="http://mysword.info/b?r=Phm_1:11" text:style-name="Internet_20_link" text:visited-style-name="Visited_20_Internet_20_Link"><text:span text:style-name="T1">Fl 11</text:span></text:a><text:span text:style-name="T1"> Aparentemente Onésimo não era um servo muito confiável, mas agora que está salvo, tudo será diferente. Quando nos achegamos a Cristo, toda a nossa vida é mudada.</text:span></text:p><text:p text:style-name="P4"/><text:p text:style-name="P4"><text:a xlink:type="simple" xlink:href="http://mysword.info/b?r=Phm_1:12-14" text:style-name="Internet_20_link" text:visited-style-name="Visited_20_Internet_20_Link"><text:span text:style-name="T1">Fl 12-14</text:span></text:a><text:span text:style-name="T1"> A vida do homem recém convertido é mudada de tal maneira que Paulo gostaria de tê-lo consigo.</text:span></text:p><text:p text:style-name="P4"/><text:p text:style-name="P4"><text:a xlink:type="simple" xlink:href="http://mysword.info/b?r=Phm_1:15-16" text:style-name="Internet_20_link" text:visited-style-name="Visited_20_Internet_20_Link"><text:span text:style-name="T1">Fl 15-16</text:span></text:a><text:span text:style-name="T1"> Ele saiu como um escravo fugitivo, e retorna como um irmão amado!</text:span></text:p><text:p text:style-name="P4"/><text:p text:style-name="P4"><text:a xlink:type="simple" xlink:href="http://mysword.info/b?r=Phm_1:17" text:style-name="Internet_20_link" text:visited-style-name="Visited_20_Internet_20_Link"><text:span text:style-name="T1">Fl 17</text:span></text:a><text:span text:style-name="T1"> &quot;Recebe-o como a mim mesmo&quot;! Receber um escravo fugitivo como o apóstolo! Sim, e quando nós encontramos o mais humilde crente no Senhor, deveríamos nos recordar disto também. Repare finalmente que em </text:span><text:a xlink:type="simple" xlink:href="http://mysword.info/b?r=col_4:9" text:style-name="Internet_20_link" text:visited-style-name="Visited_20_Internet_20_Link"><text:span text:style-name="T1">Cl 4:9</text:span></text:a><text:span text:style-name="T1"> lemos &quot;Onésimo, amado e fiel irmão&quot;. Quão feliz foi o final de tudo isso.</text:span></text:p></text:section></office:text></office:body></office:document-content>