<?xml version="1.0" encoding="UTF-8"?>
<office:document-styles xmlns:office="urn:oasis:names:tc:opendocument:xmlns:office:1.0" xmlns:style="urn:oasis:names:tc:opendocument:xmlns:style:1.0" xmlns:text="urn:oasis:names:tc:opendocument:xmlns:text:1.0" xmlns:table="urn:oasis:names:tc:opendocument:xmlns:table:1.0" xmlns:draw="urn:oasis:names:tc:opendocument:xmlns:drawing:1.0" xmlns:fo="urn:oasis:names:tc:opendocument:xmlns:xsl-fo-compatible:1.0" xmlns:xlink="http://www.w3.org/1999/xlink" xmlns:dc="http://purl.org/dc/elements/1.1/" xmlns:meta="urn:oasis:names:tc:opendocument:xmlns:meta:1.0" xmlns:number="urn:oasis:names:tc:opendocument:xmlns:datastyle:1.0" xmlns:svg="urn:oasis:names:tc:opendocument:xmlns:svg-compatible:1.0" xmlns:chart="urn:oasis:names:tc:opendocument:xmlns:chart:1.0" xmlns:dr3d="urn:oasis:names:tc:opendocument:xmlns:dr3d:1.0" xmlns:math="http://www.w3.org/1998/Math/MathML" xmlns:form="urn:oasis:names:tc:opendocument:xmlns:form:1.0" xmlns:script="urn:oasis:names:tc:opendocument:xmlns:script:1.0" xmlns:ooo="http://openoffice.org/2004/office" xmlns:ooow="http://openoffice.org/2004/writer" xmlns:oooc="http://openoffice.org/2004/calc" xmlns:dom="http://www.w3.org/2001/xml-events" xmlns:rpt="http://openoffice.org/2005/report" xmlns:of="urn:oasis:names:tc:opendocument:xmlns:of:1.2" xmlns:xhtml="http://www.w3.org/1999/xhtml" xmlns:grddl="http://www.w3.org/2003/g/data-view#" xmlns:officeooo="http://openoffice.org/2009/office" xmlns:tableooo="http://openoffice.org/2009/table" xmlns:drawooo="http://openoffice.org/2010/draw" xmlns:calcext="urn:org:documentfoundation:names:experimental:calc:xmlns:calcext:1.0" xmlns:loext="urn:org:documentfoundation:names:experimental:office:xmlns:loext:1.0" xmlns:field="urn:openoffice:names:experimental:ooo-ms-interop:xmlns:field:1.0" xmlns:css3t="http://www.w3.org/TR/css3-text/" office:version="1.2"><office:font-face-decls><style:font-face style:name="Albany1" svg:font-family="Albany, sans-serif"/><style:font-face style:name="FreeSans1" svg:font-family="FreeSans"/><style:font-face style:name="Liberation Sans" svg:font-family="&apos;Liberation Sans&apos;, sans-serif"/><style:font-face style:name="Noto Sans CJK SC Regular1" svg:font-family="&apos;Noto Sans CJK SC Regular&apos;"/><style:font-face style:name="FreeSans2" svg:font-family="FreeSans" style:font-family-generic="swiss"/><style:font-face style:name="Liberation Serif" svg:font-family="&apos;Liberation Serif&apos;" style:font-family-generic="roman" style:font-pitch="variable"/><style:font-face style:name="Thorndale" svg:font-family="Thorndale" style:font-family-generic="roman" style:font-pitch="variable"/><style:font-face style:name="Albany" svg:font-family="Albany" style:font-family-generic="swiss" style:font-pitch="variable"/><style:font-face style:name="FreeSans" svg:font-family="FreeSans" style:font-family-generic="system" style:font-pitch="variable"/><style:font-face style:name="Noto Sans CJK SC Regular" svg:font-family="&apos;Noto Sans CJK SC Regular&apos;" style:font-family-generic="system" style:font-pitch="variable"/></office:font-face-decls><office:styles><style:default-style style:family="graphic"><style:graphic-properties svg:stroke-color="#3465a4" draw:fill-color="#729fcf" fo:wrap-option="no-wrap" draw:shadow-offset-x="0.3cm" draw:shadow-offset-y="0.3cm" draw:start-line-spacing-horizontal="0.283cm" draw:start-line-spacing-vertical="0.283cm" draw:end-line-spacing-horizontal="0.283cm" draw:end-line-spacing-vertical="0.283cm" style:flow-with-text="true"/><style:paragraph-properties style:text-autospace="ideograph-alpha" style:line-break="strict" style:writing-mode="lr-tb" style:font-independent-line-spacing="false"><style:tab-stops/></style:paragraph-properties><style:text-properties style:use-window-font-color="true" style:font-name="Liberation Serif" fo:font-size="12pt" fo:language="pt" fo:country="BR" style:letter-kerning="true" style:font-name-asian="Noto Sans CJK SC Regular" style:font-size-asian="12pt" style:language-asian="zh" style:country-asian="CN" style:font-name-complex="FreeSans" style:font-size-complex="12pt" style:language-complex="hi" style:country-complex="IN"/></style:default-style><style:default-style style:family="paragraph"><style:paragraph-properties style:text-autospace="ideograph-alpha" style:punctuation-wrap="hanging" style:line-break="strict" style:writing-mode="page"/><style:text-properties style:use-window-font-color="true" style:font-name="Liberation Serif" fo:font-size="12pt" fo:language="pt" fo:country="BR" style:font-name-asian="Noto Sans CJK SC Regular" style:font-size-asian="12pt" style:language-asian="zh" style:country-asian="CN" style:font-name-complex="FreeSans" style:font-size-complex="12pt" style:language-complex="hi" style:country-complex="IN"/></style:default-style><style:default-style style:family="table"><style:table-properties table:border-model="collapsing"/></style:default-style><style:default-style style:family="table-row"><style:table-row-properties fo:keep-together="auto"/></style:default-style><style:style style:name="Standard" style:family="paragraph" style:class="text"/><style:style style:name="Horizontal_20_Line" style:display-name="Horizontal Line" style:family="paragraph" style:parent-style-name="Standard" style:next-style-name="Text_20_body" style:class="html"><style:paragraph-properties fo:margin-top="0cm" fo:margin-bottom="0.499cm" loext:contextual-spacing="false" style:border-line-width-bottom="0.002cm 0.035cm 0.002cm" fo:padding="0cm" fo:border-left="none" fo:border-right="none" fo:border-top="none" fo:border-bottom="1.11pt double #808080"/><style:text-properties fo:font-size="6pt"/></style:style><style:style style:name="Sender" style:family="paragraph" style:parent-style-name="Standard" style:class="extra"><style:text-properties fo:font-style="italic"/></style:style><style:style style:name="Table_20_Contents" style:display-name="Table Contents" style:family="paragraph" style:parent-style-name="Text_20_body" style:class="extra"/><style:style style:name="Footer" style:family="paragraph" style:parent-style-name="Standard" style:class="extra"><style:paragraph-properties text:number-lines="false" text:line-number="0"><style:tab-stops><style:tab-stop style:position="8.498cm" style:type="center"/><style:tab-stop style:position="16.999cm" style:type="right"/></style:tab-stops></style:paragraph-properties></style:style><style:style style:name="Header" style:family="paragraph" style:parent-style-name="Standard" style:class="extra"><style:paragraph-properties text:number-lines="false" text:line-number="0"><style:tab-stops><style:tab-stop style:position="8.498cm" style:type="center"/><style:tab-stop style:position="16.999cm" style:type="right"/></style:tab-stops></style:paragraph-properties></style:style><style:style style:name="Heading_20_1" style:display-name="Heading 1" style:family="paragraph" style:parent-style-name="Heading" style:next-style-name="Text_20_body" style:class="text"><style:text-properties style:font-name="Thorndale" fo:font-family="Thorndale" style:font-family-generic="roman" style:font-pitch="variable" fo:font-size="24pt" fo:font-weight="bold" style:font-size-asian="22pt" style:font-weight-asian="bold" style:font-size-complex="22pt" style:font-weight-complex="bold"/></style:style><style:style style:name="Index" style:family="paragraph" style:parent-style-name="Standard" style:class="index"><style:paragraph-properties text:number-lines="false" text:line-number="0"/><style:text-properties style:font-size-asian="12pt" style:font-name-complex="FreeSans2" style:font-family-complex="FreeSans" style:font-family-generic-complex="swiss"/></style:style><style:style style:name="Caption" style:family="paragraph" style:parent-style-name="Standard" style:class="extra"><style:paragraph-properties fo:margin-top="0.212cm" fo:margin-bottom="0.212cm" loext:contextual-spacing="false" text:number-lines="false" text:line-number="0"/><style:text-properties fo:font-size="12pt" fo:font-style="italic" style:font-size-asian="12pt" style:font-style-asian="italic" style:font-name-complex="FreeSans2" style:font-family-complex="FreeSans" style:font-family-generic-complex="swiss" style:font-size-complex="12pt" style:font-style-complex="italic"/></style:style><style:style style:name="List" style:family="paragraph" style:parent-style-name="Text_20_body" style:class="list"><style:text-properties style:font-size-asian="12pt" style:font-name-complex="FreeSans2" style:font-family-complex="FreeSans" style:font-family-generic-complex="swiss"/></style:style><style:style style:name="Text_20_body" style:display-name="Text body" style:family="paragraph" style:parent-style-name="Standard" style:class="text"><style:paragraph-properties fo:margin-top="0cm" fo:margin-bottom="0.25cm" loext:contextual-spacing="false" fo:line-height="120%"/></style:style><style:style style:name="Heading" style:family="paragraph" style:parent-style-name="Standard" style:next-style-name="Text_20_body" style:class="text"><style:paragraph-properties fo:margin-top="0.423cm" fo:margin-bottom="0.499cm" loext:contextual-spacing="false" fo:keep-with-next="always"/><style:text-properties style:font-name="Albany" fo:font-family="Albany" style:font-family-generic="swiss" style:font-pitch="variable" fo:font-size="14pt" style:font-size-asian="14pt" style:font-size-complex="14pt"/></style:style><style:style style:name="Heading_20_2" style:display-name="Heading 2" style:family="paragraph" style:parent-style-name="Heading" style:next-style-name="Text_20_body" style:default-outline-level="2" style:list-style-name="" style:class="text"><style:paragraph-properties fo:margin-top="0.353cm" fo:margin-bottom="0.212cm" loext:contextual-spacing="false"/><style:text-properties style:font-name="Liberation Serif" fo:font-family="&apos;Liberation Serif&apos;" style:font-family-generic="roman" style:font-pitch="variable" fo:font-size="18pt" fo:font-weight="bold" style:font-name-asian="Noto Sans CJK SC Regular1" style:font-family-asian="&apos;Noto Sans CJK SC Regular&apos;" style:font-size-asian="18pt" style:font-weight-asian="bold" style:font-name-complex="FreeSans1" style:font-family-complex="FreeSans" style:font-size-complex="18pt" style:font-weight-complex="bold"/></style:style><style:style style:name="Endnote_20_Symbol" style:display-name="Endnote Symbol" style:family="text"/><style:style style:name="Footnote_20_Symbol" style:display-name="Footnote Symbol" style:family="text"/><style:style style:name="Internet_20_link" style:display-name="Internet link" style:family="text"><style:text-properties fo:color="#000080" fo:language="zxx" fo:country="none" style:text-underline-style="solid" style:text-underline-width="auto" style:text-underline-color="font-color" style:language-asian="zxx" style:country-asian="none" style:language-complex="zxx" style:country-complex="none"/></style:style><style:style style:name="Strong_20_Emphasis" style:display-name="Strong Emphasis" style:family="text"><style:text-properties fo:font-weight="bold" style:font-weight-asian="bold" style:font-weight-complex="bold"/></style:style><style:style style:name="Frame" style:family="graphic"><style:graphic-properties text:anchor-type="as-char" svg:y="0cm" style:wrap="none" style:vertical-pos="middle" style:vertical-rel="line"/></style:style><style:style style:name="Graphics" style:family="graphic"><style:graphic-properties text:anchor-type="paragraph" svg:x="0cm" svg:y="0cm" style:wrap="dynamic" style:number-wrapped-paragraphs="no-limit" style:wrap-contour="false" style:vertical-pos="top" style:vertical-rel="paragraph" style:horizontal-pos="center" style:horizontal-rel="paragraph"/></style:style><style:style style:name="OLE" style:family="graphic"><style:graphic-properties text:anchor-type="paragraph" svg:x="0cm" svg:y="0cm" style:wrap="dynamic" style:number-wrapped-paragraphs="no-limit" style:wrap-contour="false" style:vertical-pos="top" style:vertical-rel="paragraph" style:horizontal-pos="center" style:horizontal-rel="paragraph"/></style:style><text:outline-style style:name="Outline"><text:outline-level-style text:level="1" style:num-format=""><style:list-level-properties/></text:outline-level-style><text:outline-level-style text:level="2" style:num-format=""><style:list-level-properties/></text:outline-level-style><text:outline-level-style text:level="3" style:num-format=""><style:list-level-properties/></text:outline-level-style><text:outline-level-style text:level="4" style:num-format=""><style:list-level-properties/></text:outline-level-style><text:outline-level-style text:level="5" style:num-format=""><style:list-level-properties/></text:outline-level-style><text:outline-level-style text:level="6" style:num-format=""><style:list-level-properties/></text:outline-level-style><text:outline-level-style text:level="7" style:num-format=""><style:list-level-properties/></text:outline-level-style><text:outline-level-style text:level="8" style:num-format=""><style:list-level-properties/></text:outline-level-style><text:outline-level-style text:level="9" style:num-format=""><style:list-level-properties/></text:outline-level-style><text:outline-level-style text:level="10" style:num-format=""><style:list-level-properties/></text:outline-level-style></text:outline-style><text:notes-configuration text:note-class="footnote" style:num-format="1" text:start-value="0" text:footnotes-position="page" text:start-numbering-at="document"/><text:notes-configuration text:note-class="endnote" style:num-format="i" text:start-value="0"/><text:linenumbering-configuration text:number-lines="false" text:offset="0.499cm" style:num-format="1" text:number-position="left" text:increment="5"/></office:styles><office:automatic-styles><style:page-layout style:name="Mpm1"><style:page-layout-properties fo:page-width="21.001cm" fo:page-height="29.7cm" style:num-format="1" style:print-orientation="portrait" fo:margin-top="2cm" fo:margin-bottom="2cm" fo:margin-left="2cm" fo:margin-right="2cm" style:writing-mode="lr-tb" style:footnote-max-height="0cm"><style:footnote-sep style:width="0.018cm" style:distance-before-sep="0.101cm" style:distance-after-sep="0.101cm" style:line-style="none" style:adjustment="left" style:rel-width="25%" style:color="#000000"/></style:page-layout-properties><style:header-style/><style:footer-style/></style:page-layout><style:page-layout style:name="Mpm2"><style:page-layout-properties fo:page-width="21.001cm" fo:page-height="29.7cm" style:num-format="1" style:print-orientation="portrait" fo:margin-top="2cm" fo:margin-bottom="2cm" fo:margin-left="2cm" fo:margin-right="2cm" style:writing-mode="lr-tb" style:footnote-max-height="0cm"><style:footnote-sep style:line-style="solid" style:adjustment="left" style:rel-width="25%" style:color="#000000"/></style:page-layout-properties><style:header-style/><style:footer-style/></style:page-layout><style:page-layout style:name="Mpm3"><style:page-layout-properties fo:page-width="21.001cm" fo:page-height="29.7cm" style:num-format="1" style:print-orientation="portrait" fo:margin-top="2cm" fo:margin-bottom="2cm" fo:margin-left="2cm" fo:margin-right="2cm" fo:background-color="transparent" style:writing-mode="lr-tb" draw:fill="none" draw:fill-color="#729fcf" style:footnote-max-height="0cm"><style:footnote-sep style:width="0.018cm" style:distance-before-sep="0.101cm" style:distance-after-sep="0.101cm" style:line-style="none" style:adjustment="left" style:rel-width="25%" style:color="#000000"/></style:page-layout-properties><style:header-style/><style:footer-style/></style:page-layout></office:automatic-styles><office:master-styles><style:master-page style:name="Standard" style:page-layout-name="Mpm1"/><style:master-page style:name="Endnote" style:page-layout-name="Mpm2"/><style:master-page style:name="HTML" style:page-layout-name="Mpm3"/></office:master-styles></office:document-styles>