<?xml version="1.0" encoding="UTF-8"?>
<office:document-content xmlns:office="urn:oasis:names:tc:opendocument:xmlns:office:1.0" xmlns:style="urn:oasis:names:tc:opendocument:xmlns:style:1.0" xmlns:text="urn:oasis:names:tc:opendocument:xmlns:text:1.0" xmlns:table="urn:oasis:names:tc:opendocument:xmlns:table:1.0" xmlns:draw="urn:oasis:names:tc:opendocument:xmlns:drawing:1.0" xmlns:fo="urn:oasis:names:tc:opendocument:xmlns:xsl-fo-compatible:1.0" xmlns:xlink="http://www.w3.org/1999/xlink" xmlns:dc="http://purl.org/dc/elements/1.1/" xmlns:meta="urn:oasis:names:tc:opendocument:xmlns:meta:1.0" xmlns:number="urn:oasis:names:tc:opendocument:xmlns:datastyle:1.0" xmlns:svg="urn:oasis:names:tc:opendocument:xmlns:svg-compatible:1.0" xmlns:chart="urn:oasis:names:tc:opendocument:xmlns:chart:1.0" xmlns:dr3d="urn:oasis:names:tc:opendocument:xmlns:dr3d:1.0" xmlns:math="http://www.w3.org/1998/Math/MathML" xmlns:form="urn:oasis:names:tc:opendocument:xmlns:form:1.0" xmlns:script="urn:oasis:names:tc:opendocument:xmlns:script:1.0" xmlns:ooo="http://openoffice.org/2004/office" xmlns:ooow="http://openoffice.org/2004/writer" xmlns:oooc="http://openoffice.org/2004/calc" xmlns:dom="http://www.w3.org/2001/xml-events" xmlns:xforms="http://www.w3.org/2002/xforms" xmlns:xsd="http://www.w3.org/2001/XMLSchema" xmlns:xsi="http://www.w3.org/2001/XMLSchema-instance" xmlns:rpt="http://openoffice.org/2005/report" xmlns:of="urn:oasis:names:tc:opendocument:xmlns:of:1.2" xmlns:xhtml="http://www.w3.org/1999/xhtml" xmlns:grddl="http://www.w3.org/2003/g/data-view#" xmlns:officeooo="http://openoffice.org/2009/office" xmlns:tableooo="http://openoffice.org/2009/table" xmlns:drawooo="http://openoffice.org/2010/draw" xmlns:calcext="urn:org:documentfoundation:names:experimental:calc:xmlns:calcext:1.0" xmlns:loext="urn:org:documentfoundation:names:experimental:office:xmlns:loext:1.0" xmlns:field="urn:openoffice:names:experimental:ooo-ms-interop:xmlns:field:1.0" xmlns:formx="urn:openoffice:names:experimental:ooxml-odf-interop:xmlns:form:1.0" xmlns:css3t="http://www.w3.org/TR/css3-text/" office:version="1.2"><office:scripts/><office:font-face-decls><style:font-face style:name="FreeSans1" svg:font-family="FreeSans"/><style:font-face style:name="Liberation Sans" svg:font-family="&apos;Liberation Sans&apos;, sans-serif"/><style:font-face style:name="Noto Sans CJK SC Regular1" svg:font-family="&apos;Noto Sans CJK SC Regular&apos;"/><style:font-face style:name="FreeSans2" svg:font-family="FreeSans" style:font-family-generic="swiss"/><style:font-face style:name="Liberation Serif" svg:font-family="&apos;Liberation Serif&apos;" style:font-family-generic="roman" style:font-pitch="variable"/><style:font-face style:name="Thorndale" svg:font-family="Thorndale" style:font-family-generic="roman" style:font-pitch="variable"/><style:font-face style:name="Albany" svg:font-family="Albany" style:font-family-generic="swiss" style:font-pitch="variable"/><style:font-face style:name="FreeSans" svg:font-family="FreeSans" style:font-family-generic="system" style:font-pitch="variable"/><style:font-face style:name="Noto Sans CJK SC Regular" svg:font-family="&apos;Noto Sans CJK SC Regular&apos;" style:font-family-generic="system" style:font-pitch="variable"/></office:font-face-decls><office:automatic-styles><style:style style:name="P1" style:family="paragraph" style:parent-style-name="Text_20_body" style:master-page-name="HTML"><style:paragraph-properties fo:margin-top="0cm" fo:margin-bottom="0cm" loext:contextual-spacing="false" fo:line-height="150%" fo:text-align="start" style:justify-single-word="false" style:page-number="auto"/></style:style><style:style style:name="P2" style:family="paragraph" style:parent-style-name="Text_20_body"><style:paragraph-properties fo:margin-top="0cm" fo:margin-bottom="0cm" loext:contextual-spacing="false" fo:line-height="150%" fo:text-align="justify" style:justify-single-word="false"/></style:style><style:style style:name="P3" style:family="paragraph" style:parent-style-name="Text_20_body"><style:paragraph-properties fo:margin-top="0cm" fo:margin-bottom="0cm" loext:contextual-spacing="false" fo:line-height="150%" fo:text-align="justify" style:justify-single-word="false"/><style:text-properties style:font-name="Liberation Sans" fo:font-size="12pt"/></style:style><style:style style:name="P4" style:family="paragraph" style:parent-style-name="Text_20_body"><style:paragraph-properties fo:margin-top="0cm" fo:margin-bottom="0cm" loext:contextual-spacing="false" fo:line-height="150%" fo:text-align="start" style:justify-single-word="false" fo:break-before="page"/></style:style><style:style style:name="P5" style:family="paragraph" style:parent-style-name="Heading_20_2"><style:paragraph-properties fo:line-height="150%"/></style:style><style:style style:name="P6" style:family="paragraph" style:parent-style-name="Heading_20_2"><style:paragraph-properties fo:line-height="150%"/><style:text-properties style:font-name="Liberation Sans" fo:font-size="12pt"/></style:style><style:style style:name="P7" style:family="paragraph" style:parent-style-name="Heading_20_2"><style:paragraph-properties fo:line-height="150%" fo:break-before="page"/><style:text-properties style:font-name="Liberation Sans" fo:font-size="12pt"/></style:style><style:style style:name="T1" style:family="text"><style:text-properties style:font-name="Liberation Sans" fo:font-size="12pt"/></style:style><style:style style:name="T2" style:family="text"><style:text-properties style:font-name="Liberation Sans" fo:font-size="12pt" fo:font-weight="bold"/></style:style><style:style style:name="T3" style:family="text"><style:text-properties style:font-name="Liberation Sans" fo:font-size="12pt" fo:font-weight="normal"/></style:style><style:style style:name="T4" style:family="text"><style:text-properties fo:font-variant="normal" fo:text-transform="none"/></style:style><style:style style:name="T5" style:family="text"><style:text-properties fo:font-variant="normal" fo:text-transform="none" style:font-name="Liberation Sans" fo:font-size="12pt" fo:font-style="normal" fo:font-weight="normal"/></style:style><style:style style:name="T6" style:family="text"><style:text-properties fo:color="#000000"/></style:style><style:style style:name="T7" style:family="text"><style:text-properties fo:color="#000000" style:font-name="Liberation Sans" fo:font-size="12pt" fo:font-weight="normal"/></style:style><style:style style:name="T8" style:family="text"><style:text-properties fo:color="#000099" style:text-line-through-style="none" style:text-line-through-type="none" style:font-name="Liberation Sans" fo:font-size="12pt" style:text-underline-style="none" fo:font-weight="bold" style:text-blinking="false"/></style:style><style:style style:name="fr1" style:family="graphic" style:parent-style-name="Graphics"><style:graphic-properties style:wrap="right" style:number-wrapped-paragraphs="no-limit" style:wrap-contour="false" style:vertical-pos="top" style:vertical-rel="paragraph-content" style:horizontal-pos="left" style:horizontal-rel="paragraph" style:mirror="none" fo:clip="rect(0cm, 0cm, 0cm, 0cm)" draw:luminance="0%" draw:contrast="0%" draw:red="0%" draw:green="0%" draw:blue="0%" draw:gamma="100%" draw:color-inversion="false" draw:image-opacity="100%" draw:color-mode="standard"/></style:style><style:style style:name="Sect1" style:family="section"><style:section-properties style:writing-mode="lr-tb" style:editable="false"><style:columns fo:column-count="1" fo:column-gap="0cm"/></style:section-properties></style:style></office:automatic-styles><office:body><office:text text:use-soft-page-breaks="true"><text:sequence-decls><text:sequence-decl text:display-outline-level="0" text:name="Illustration"/><text:sequence-decl text:display-outline-level="0" text:name="Table"/><text:sequence-decl text:display-outline-level="0" text:name="Text"/><text:sequence-decl text:display-outline-level="0" text:name="Drawing"/></text:sequence-decls><text:section text:style-name="Sect1" text:name="texto"><text:p text:style-name="P1"><draw:frame draw:style-name="fr1" draw:name="Figura1" text:anchor-type="paragraph" svg:width="17.013cm" svg:height="24.897cm" draw:z-index="0"><draw:image xlink:href="Pictures/1000020100000A5D00000F2F7832C0257C166954.png" xlink:type="simple" xlink:show="embed" xlink:actuate="onLoad"/></draw:frame><office:annotation><dc:date>2018-07-29T09:36:42.939640612</dc:date><text:p>HTML: &lt;meta name=&quot;created&quot; content=&quot;00:00:00&quot;&gt;</text:p></office:annotation><office:annotation><dc:date>2018-07-29T09:36:42.939669788</dc:date><text:p>HTML: &lt;meta name=&quot;changed&quot; content=&quot;2018-07-29T09:16:16.555120354&quot;&gt;</text:p></office:annotation><office:annotation><dc:date>2018-07-29T09:36:42.939690886</dc:date><text:p>HTML: &lt;meta name=&quot;created&quot; content=&quot;00:00:00&quot;&gt;</text:p></office:annotation><office:annotation><dc:date>2018-07-29T09:36:42.939712693</dc:date><text:p>HTML: &lt;meta name=&quot;changed&quot; content=&quot;2018-07-29T07:54:11.753220902&quot;&gt;</text:p></office:annotation><office:annotation><dc:date>2018-07-29T09:36:42.939732746</dc:date><text:p>HTML: &lt;meta name=&quot;created&quot; content=&quot;00:00:00&quot;&gt;</text:p></office:annotation><office:annotation><dc:date>2018-07-29T09:36:42.939754768</dc:date><text:p>HTML: &lt;meta name=&quot;changed&quot; content=&quot;2018-07-24T06:48:42.947917281&quot;&gt;</text:p></office:annotation><office:annotation><dc:date>2018-07-29T09:36:42.939774167</dc:date><text:p>HTML: &lt;meta name=&quot;created&quot; content=&quot;00:00:00&quot;&gt;</text:p></office:annotation><office:annotation><dc:date>2018-07-29T09:36:42.939795265</dc:date><text:p>HTML: &lt;meta name=&quot;changed&quot; content=&quot;2018-07-23T18:35:21.773531665&quot;&gt;</text:p></office:annotation><office:annotation><dc:date>2018-07-29T09:36:42.939814992</dc:date><text:p>HTML: &lt;meta name=&quot;created&quot; content=&quot;00:00:00&quot;&gt;</text:p></office:annotation><office:annotation><dc:date>2018-07-29T09:36:42.939836218</dc:date><text:p>HTML: &lt;meta name=&quot;changed&quot; content=&quot;2018-07-23T18:32:09.924958128&quot;&gt;</text:p></office:annotation></text:p><text:p text:style-name="P4"><text:span text:style-name="Strong_20_Emphasis"><text:span text:style-name="T5"><office:annotation><dc:date>2018-07-29T09:36:44.220304267</dc:date><text:p>HTML: &lt;meta name=&quot;created&quot; content=&quot;00:00:00&quot;&gt;</text:p></office:annotation></text:span></text:span><text:span text:style-name="Strong_20_Emphasis"><text:span text:style-name="T5"><office:annotation><dc:date>2018-07-29T09:36:44.220317545</dc:date><text:p>HTML: &lt;meta name=&quot;changed&quot; content=&quot;2018-07-23T17:30:19.932814607&quot;&gt;</text:p></office:annotation></text:span></text:span><text:span text:style-name="Strong_20_Emphasis"><text:span text:style-name="T5"><office:annotation><dc:date>2018-07-29T09:36:44.220327706</dc:date><text:p>HTML: &lt;meta name=&quot;created&quot; content=&quot;00:00:00&quot;&gt;</text:p></office:annotation></text:span></text:span><text:span text:style-name="Strong_20_Emphasis"><text:span text:style-name="T5"><office:annotation><dc:date>2018-07-29T09:36:44.220337930</dc:date><text:p>HTML: &lt;meta name=&quot;changed&quot; content=&quot;2018-07-01T22:35:31.627133609&quot;&gt;</text:p></office:annotation></text:span></text:span><text:span text:style-name="Strong_20_Emphasis"><text:span text:style-name="T5"><office:annotation><dc:date>2018-07-29T09:36:44.220347120</dc:date><text:p>HTML: &lt;meta name=&quot;created&quot; content=&quot;00:00:00&quot;&gt;</text:p></office:annotation></text:span></text:span><text:span text:style-name="Strong_20_Emphasis"><text:span text:style-name="T5"><office:annotation><dc:date>2018-07-29T09:36:44.220356723</dc:date><text:p>HTML: &lt;meta name=&quot;changed&quot; content=&quot;2018-07-01T22:13:16.001692095&quot;&gt;</text:p></office:annotation></text:span></text:span><text:span text:style-name="Strong_20_Emphasis"><text:span text:style-name="T5"><office:annotation><dc:date>2018-07-29T09:36:44.220365688</dc:date><text:p>HTML: &lt;meta name=&quot;created&quot; content=&quot;00:00:00&quot;&gt;</text:p></office:annotation></text:span></text:span><text:span text:style-name="Strong_20_Emphasis"><text:span text:style-name="T5"><office:annotation><dc:date>2018-07-29T09:36:44.220374262</dc:date><text:p>HTML: &lt;meta name=&quot;changed&quot; content=&quot;00:00:00&quot;&gt;</text:p></office:annotation></text:span></text:span><text:span text:style-name="Strong_20_Emphasis"><text:span text:style-name="T5"><office:annotation><dc:date>2018-07-29T09:36:44.220382941</dc:date><text:p>HTML: &lt;meta name=&quot;created&quot; content=&quot;00:00:00&quot;&gt;</text:p></office:annotation></text:span></text:span><text:span text:style-name="Strong_20_Emphasis"><text:span text:style-name="T5"><office:annotation><dc:date>2018-07-29T09:36:44.220392790</dc:date><text:p>HTML: &lt;meta name=&quot;changed&quot; content=&quot;2018-06-29T22:40:27.905434121&quot;&gt;</text:p></office:annotation></text:span></text:span><text:span text:style-name="Strong_20_Emphasis"><text:span text:style-name="T5"><office:annotation><dc:date>2018-07-29T09:36:44.220401367</dc:date><text:p>HTML: &lt;meta name=&quot;created&quot; content=&quot;00:00:00&quot;&gt;</text:p></office:annotation></text:span></text:span><text:span text:style-name="Strong_20_Emphasis"><text:span text:style-name="T5"><office:annotation><dc:date>2018-07-29T09:36:44.220410843</dc:date><text:p>HTML: &lt;meta name=&quot;changed&quot; content=&quot;2018-06-29T22:19:54.818236607&quot;&gt;</text:p></office:annotation></text:span></text:span><text:span text:style-name="Strong_20_Emphasis"><text:span text:style-name="T5"><office:annotation><dc:date>2018-07-29T09:36:44.220419302</dc:date><text:p>HTML: &lt;meta name=&quot;created&quot; content=&quot;00:00:00&quot;&gt;</text:p></office:annotation></text:span></text:span><text:span text:style-name="Strong_20_Emphasis"><text:span text:style-name="T5"><office:annotation><dc:date>2018-07-29T09:36:44.220428851</dc:date><text:p>HTML: &lt;meta name=&quot;changed&quot; content=&quot;2018-06-29T16:48:09.289221502&quot;&gt;</text:p></office:annotation></text:span></text:span><text:span text:style-name="Strong_20_Emphasis"><text:span text:style-name="T5"><office:annotation><dc:date>2018-07-29T09:36:44.220437356</dc:date><text:p>HTML: &lt;meta name=&quot;created&quot; content=&quot;00:00:00&quot;&gt;</text:p></office:annotation></text:span></text:span><text:span text:style-name="Strong_20_Emphasis"><text:span text:style-name="T5"><office:annotation><dc:date>2018-07-29T09:36:44.220447033</dc:date><text:p>HTML: &lt;meta name=&quot;changed&quot; content=&quot;2018-06-28T13:04:28.492733451&quot;&gt;</text:p></office:annotation></text:span></text:span><text:span text:style-name="Strong_20_Emphasis"><text:span text:style-name="T5"><office:annotation><dc:date>2018-07-29T09:36:44.220455422</dc:date><text:p>HTML: &lt;meta name=&quot;created&quot; content=&quot;00:00:00&quot;&gt;</text:p></office:annotation></text:span></text:span><text:span text:style-name="Strong_20_Emphasis"><text:span text:style-name="T5"><office:annotation><dc:date>2018-07-29T09:36:44.220465089</dc:date><text:p>HTML: &lt;meta name=&quot;changed&quot; content=&quot;2018-06-26T16:14:44.639882738&quot;&gt;</text:p></office:annotation></text:span></text:span><text:span text:style-name="Strong_20_Emphasis"><text:span text:style-name="T5"><office:annotation><dc:date>2018-07-29T09:36:44.220473599</dc:date><text:p>HTML: &lt;meta name=&quot;created&quot; content=&quot;00:00:00&quot;&gt;</text:p></office:annotation></text:span></text:span><text:span text:style-name="Strong_20_Emphasis"><text:span text:style-name="T5"><office:annotation><dc:date>2018-07-29T09:36:44.220483291</dc:date><text:p>HTML: &lt;meta name=&quot;changed&quot; content=&quot;2018-06-26T00:07:28.897913089&quot;&gt;</text:p></office:annotation></text:span></text:span><text:span text:style-name="Strong_20_Emphasis"><text:span text:style-name="T5"><office:annotation><dc:date>2018-07-29T09:36:44.220491915</dc:date><text:p>HTML: &lt;meta name=&quot;created&quot; content=&quot;00:00:00&quot;&gt;</text:p></office:annotation></text:span></text:span><text:span text:style-name="Strong_20_Emphasis"><text:span text:style-name="T5"><office:annotation><dc:date>2018-07-29T09:36:44.220501513</dc:date><text:p>HTML: &lt;meta name=&quot;changed&quot; content=&quot;2018-06-25T20:14:42.039332923&quot;&gt;</text:p></office:annotation></text:span></text:span><text:span text:style-name="Strong_20_Emphasis"><text:span text:style-name="T5"><office:annotation><dc:date>2018-07-29T09:36:44.220510286</dc:date><text:p>HTML: &lt;meta name=&quot;created&quot; content=&quot;00:00:00&quot;&gt;</text:p></office:annotation></text:span></text:span><text:span text:style-name="Strong_20_Emphasis"><text:span text:style-name="T5"><office:annotation><dc:date>2018-07-29T09:36:44.220519577</dc:date><text:p>HTML: &lt;meta name=&quot;changed&quot; content=&quot;2018-06-24T22:32:07.411315002&quot;&gt;</text:p></office:annotation></text:span></text:span><text:span text:style-name="Strong_20_Emphasis"><text:span text:style-name="T5"><office:annotation><dc:date>2018-07-29T09:36:44.220528209</dc:date><text:p>HTML: &lt;meta name=&quot;created&quot; content=&quot;00:00:00&quot;&gt;</text:p></office:annotation></text:span></text:span><text:span text:style-name="Strong_20_Emphasis"><text:span text:style-name="T5"><office:annotation><dc:date>2018-07-29T09:36:44.220537946</dc:date><text:p>HTML: &lt;meta name=&quot;changed&quot; content=&quot;2018-06-24T15:42:01.493043692&quot;&gt;</text:p></office:annotation></text:span></text:span><text:span text:style-name="Strong_20_Emphasis"><text:span text:style-name="T5"><office:annotation><dc:date>2018-07-29T09:36:44.220546824</dc:date><text:p>HTML: &lt;meta name=&quot;created&quot; content=&quot;00:00:00&quot;&gt;</text:p></office:annotation></text:span></text:span><text:span text:style-name="Strong_20_Emphasis"><text:span text:style-name="T5"><office:annotation><dc:date>2018-07-29T09:36:44.220557020</dc:date><text:p>HTML: &lt;meta name=&quot;changed&quot; content=&quot;2018-06-24T09:30:05.416727667&quot;&gt;</text:p></office:annotation></text:span></text:span><text:span text:style-name="Strong_20_Emphasis"><text:span text:style-name="T5"><office:annotation><dc:date>2018-07-29T09:36:44.220565667</dc:date><text:p>HTML: &lt;meta name=&quot;created&quot; content=&quot;00:00:00&quot;&gt;</text:p></office:annotation></text:span></text:span><text:span text:style-name="Strong_20_Emphasis"><text:span text:style-name="T5"><office:annotation><dc:date>2018-07-29T09:36:44.220575222</dc:date><text:p>HTML: &lt;meta name=&quot;changed&quot; content=&quot;2018-06-23T16:36:03.100363804&quot;&gt;</text:p></office:annotation></text:span></text:span><text:span text:style-name="Strong_20_Emphasis"><text:span text:style-name="T5"><office:annotation><dc:date>2018-07-29T09:36:44.220583835</dc:date><text:p>HTML: &lt;meta name=&quot;created&quot; content=&quot;00:00:00&quot;&gt;</text:p></office:annotation></text:span></text:span><text:span text:style-name="Strong_20_Emphasis"><text:span text:style-name="T5"><office:annotation><dc:date>2018-07-29T09:36:44.220593326</dc:date><text:p>HTML: &lt;meta name=&quot;changed&quot; content=&quot;2018-06-23T11:36:03.222001170&quot;&gt;</text:p></office:annotation></text:span></text:span><text:span text:style-name="Strong_20_Emphasis"><text:span text:style-name="T5"><office:annotation><dc:date>2018-07-29T09:36:44.220602738</dc:date><text:p>HTML: &lt;meta name=&quot;created&quot; content=&quot;00:00:00&quot;&gt;</text:p></office:annotation></text:span></text:span><text:span text:style-name="Strong_20_Emphasis"><text:span text:style-name="T5"><office:annotation><dc:date>2018-07-29T09:36:44.220612259</dc:date><text:p>HTML: &lt;meta name=&quot;changed&quot; content=&quot;2018-06-21T23:23:09.057807835&quot;&gt;</text:p></office:annotation></text:span></text:span><text:span text:style-name="Strong_20_Emphasis"><text:span text:style-name="T5"><office:annotation><dc:date>2018-07-29T09:36:44.220620773</dc:date><text:p>HTML: &lt;meta name=&quot;created&quot; content=&quot;00:00:00&quot;&gt;</text:p></office:annotation></text:span></text:span><text:span text:style-name="Strong_20_Emphasis"><text:span text:style-name="T5"><office:annotation><dc:date>2018-07-29T09:36:44.220630222</dc:date><text:p>HTML: &lt;meta name=&quot;changed&quot; content=&quot;2018-06-21T17:55:17.865393136&quot;&gt;</text:p></office:annotation></text:span></text:span><text:span text:style-name="Strong_20_Emphasis"><text:span text:style-name="T5"><office:annotation><dc:date>2018-07-29T09:36:44.220638835</dc:date><text:p>HTML: &lt;meta name=&quot;created&quot; content=&quot;00:00:00&quot;&gt;</text:p></office:annotation></text:span></text:span><text:span text:style-name="Strong_20_Emphasis"><text:span text:style-name="T5"><office:annotation><dc:date>2018-07-29T09:36:44.220648474</dc:date><text:p>HTML: &lt;meta name=&quot;changed&quot; content=&quot;2018-06-21T12:21:22.763521742&quot;&gt;</text:p></office:annotation></text:span></text:span><text:span text:style-name="Strong_20_Emphasis"><text:span text:style-name="T5"><office:annotation><dc:date>2018-07-29T09:36:44.220656919</dc:date><text:p>HTML: &lt;meta name=&quot;created&quot; content=&quot;00:00:00&quot;&gt;</text:p></office:annotation></text:span></text:span><text:span text:style-name="Strong_20_Emphasis"><text:span text:style-name="T5"><office:annotation><dc:date>2018-07-29T09:36:44.220666256</dc:date><text:p>HTML: &lt;meta name=&quot;changed&quot; content=&quot;2018-06-20T18:34:19.830157535&quot;&gt;</text:p></office:annotation></text:span></text:span><text:span text:style-name="Strong_20_Emphasis"><text:span text:style-name="T5"><office:annotation><dc:date>2018-07-29T09:36:44.220674770</dc:date><text:p>HTML: &lt;meta name=&quot;created&quot; content=&quot;00:00:00&quot;&gt;</text:p></office:annotation></text:span></text:span><text:span text:style-name="Strong_20_Emphasis"><text:span text:style-name="T5"><office:annotation><dc:date>2018-07-29T09:36:44.220684211</dc:date><text:p>HTML: &lt;meta name=&quot;changed&quot; content=&quot;2018-06-19T12:54:18.844691454&quot;&gt;</text:p></office:annotation></text:span></text:span><text:span text:style-name="Strong_20_Emphasis"><text:span text:style-name="T5"><office:annotation><dc:date>2018-07-29T09:36:44.220692613</dc:date><text:p>HTML: &lt;meta name=&quot;created&quot; content=&quot;00:00:00&quot;&gt;</text:p></office:annotation></text:span></text:span><text:span text:style-name="Strong_20_Emphasis"><text:span text:style-name="T5"><office:annotation><dc:date>2018-07-29T09:36:44.220702076</dc:date><text:p>HTML: &lt;meta name=&quot;changed&quot; content=&quot;2018-06-18T23:20:12.738581285&quot;&gt;</text:p></office:annotation></text:span></text:span><text:span text:style-name="Strong_20_Emphasis"><text:span text:style-name="T5"><office:annotation><dc:date>2018-07-29T09:36:44.220710444</dc:date><text:p>HTML: &lt;meta name=&quot;created&quot; content=&quot;00:00:00&quot;&gt;</text:p></office:annotation></text:span></text:span><text:span text:style-name="Strong_20_Emphasis"><text:span text:style-name="T5"><office:annotation><dc:date>2018-07-29T09:36:44.220719931</dc:date><text:p>HTML: &lt;meta name=&quot;changed&quot; content=&quot;2018-06-18T20:39:37.890329984&quot;&gt;</text:p></office:annotation></text:span></text:span><text:span text:style-name="Strong_20_Emphasis"><text:span text:style-name="T5"><office:annotation><dc:date>2018-07-29T09:36:44.220728366</dc:date><text:p>HTML: &lt;meta name=&quot;created&quot; content=&quot;00:00:00&quot;&gt;</text:p></office:annotation></text:span></text:span><text:span text:style-name="Strong_20_Emphasis"><text:span text:style-name="T5"><office:annotation><dc:date>2018-07-29T09:36:44.220737866</dc:date><text:p>HTML: &lt;meta name=&quot;changed&quot; content=&quot;2018-06-18T12:45:23.879199387&quot;&gt;</text:p></office:annotation></text:span></text:span><text:span text:style-name="Strong_20_Emphasis"><text:span text:style-name="T5"><office:annotation><dc:date>2018-07-29T09:36:44.220746446</dc:date><text:p>HTML: &lt;meta name=&quot;created&quot; content=&quot;00:00:00&quot;&gt;</text:p></office:annotation></text:span></text:span><text:span text:style-name="Strong_20_Emphasis"><text:span text:style-name="T5"><office:annotation><dc:date>2018-07-29T09:36:44.220755999</dc:date><text:p>HTML: &lt;meta name=&quot;changed&quot; content=&quot;2018-06-17T20:02:02.143589569&quot;&gt;</text:p></office:annotation></text:span></text:span><text:span text:style-name="Strong_20_Emphasis"><text:span text:style-name="T5"><office:annotation><dc:date>2018-07-29T09:36:44.220764441</dc:date><text:p>HTML: &lt;meta name=&quot;created&quot; content=&quot;00:00:00&quot;&gt;</text:p></office:annotation></text:span></text:span><text:span text:style-name="Strong_20_Emphasis"><text:span text:style-name="T5"><office:annotation><dc:date>2018-07-29T09:36:44.220773916</dc:date><text:p>HTML: &lt;meta name=&quot;changed&quot; content=&quot;2018-06-17T19:45:54.789583280&quot;&gt;</text:p></office:annotation></text:span></text:span><text:span text:style-name="Strong_20_Emphasis"><text:span text:style-name="T5"><office:annotation><dc:date>2018-07-29T09:36:44.220782370</dc:date><text:p>HTML: &lt;meta name=&quot;created&quot; content=&quot;00:00:00&quot;&gt;</text:p></office:annotation></text:span></text:span><text:span text:style-name="Strong_20_Emphasis"><text:span text:style-name="T5"><office:annotation><dc:date>2018-07-29T09:36:44.220791846</dc:date><text:p>HTML: &lt;meta name=&quot;changed&quot; content=&quot;2018-06-16T15:19:53.989201345&quot;&gt;</text:p></office:annotation></text:span></text:span><text:span text:style-name="Strong_20_Emphasis"><text:span text:style-name="T5"><office:annotation><dc:date>2018-07-29T09:36:44.220800345</dc:date><text:p>HTML: &lt;meta name=&quot;created&quot; content=&quot;00:00:00&quot;&gt;</text:p></office:annotation></text:span></text:span><text:span text:style-name="Strong_20_Emphasis"><text:span text:style-name="T5"><office:annotation><dc:date>2018-07-29T09:36:44.220809749</dc:date><text:p>HTML: &lt;meta name=&quot;changed&quot; content=&quot;2018-06-16T13:50:44.432862129&quot;&gt;</text:p></office:annotation></text:span></text:span><text:span text:style-name="Strong_20_Emphasis"><text:span text:style-name="T5"><office:annotation><dc:date>2018-07-29T09:36:44.220818218</dc:date><text:p>HTML: &lt;meta name=&quot;created&quot; content=&quot;00:00:00&quot;&gt;</text:p></office:annotation></text:span></text:span><text:span text:style-name="Strong_20_Emphasis"><text:span text:style-name="T5"><office:annotation><dc:date>2018-07-29T09:36:44.220827724</dc:date><text:p>HTML: &lt;meta name=&quot;changed&quot; content=&quot;2018-06-16T10:49:58.030689160&quot;&gt;</text:p></office:annotation></text:span></text:span><text:span text:style-name="Strong_20_Emphasis"><text:span text:style-name="T5"><office:annotation><dc:date>2018-07-29T09:36:44.220836833</dc:date><text:p>HTML: &lt;meta name=&quot;created&quot; content=&quot;00:00:00&quot;&gt;</text:p></office:annotation></text:span></text:span><text:span text:style-name="Strong_20_Emphasis"><text:span text:style-name="T5"><office:annotation><dc:date>2018-07-29T09:36:44.220846398</dc:date><text:p>HTML: &lt;meta name=&quot;changed&quot; content=&quot;2018-06-15T13:05:31.693854059&quot;&gt;</text:p></office:annotation></text:span></text:span><text:span text:style-name="Strong_20_Emphasis"><text:span text:style-name="T5"><office:annotation><dc:date>2018-07-29T09:36:44.220855898</dc:date><text:p>HTML: &lt;meta name=&quot;changed&quot; content=&quot;2018-06-15T16:46:54.538249678&quot;&gt;</text:p></office:annotation></text:span></text:span><text:span text:style-name="Strong_20_Emphasis"><text:span text:style-name="T5"><office:annotation><dc:date>2018-07-29T09:36:44.220864327</dc:date><text:p>HTML: &lt;meta name=&quot;created&quot; content=&quot;00:00:00&quot;&gt;</text:p></office:annotation></text:span></text:span><text:span text:style-name="Strong_20_Emphasis"><text:span text:style-name="T5"><office:annotation><dc:date>2018-07-29T09:36:44.220874062</dc:date><text:p>HTML: &lt;meta name=&quot;changed&quot; content=&quot;2018-06-14T22:55:38.007259856&quot;&gt;</text:p></office:annotation></text:span></text:span><text:span text:style-name="Strong_20_Emphasis"><text:span text:style-name="T5"><office:annotation><dc:date>2018-07-29T09:36:44.220882495</dc:date><text:p>HTML: &lt;meta name=&quot;created&quot; content=&quot;00:00:00&quot;&gt;</text:p></office:annotation></text:span></text:span><text:span text:style-name="Strong_20_Emphasis"><text:span text:style-name="T5"><office:annotation><dc:date>2018-07-29T09:36:44.220892275</dc:date><text:p>HTML: &lt;meta name=&quot;changed&quot; content=&quot;2018-06-14T20:52:51.033526204&quot;&gt;</text:p></office:annotation></text:span></text:span><text:span text:style-name="Strong_20_Emphasis"><text:span text:style-name="T5"><office:annotation><dc:date>2018-07-29T09:36:44.220900980</dc:date><text:p>HTML: &lt;meta name=&quot;created&quot; content=&quot;00:00:00&quot;&gt;</text:p></office:annotation></text:span></text:span><text:span text:style-name="Strong_20_Emphasis"><text:span text:style-name="T5"><office:annotation><dc:date>2018-07-29T09:36:44.220910467</dc:date><text:p>HTML: &lt;meta name=&quot;changed&quot; content=&quot;2018-06-14T17:27:12.577284577&quot;&gt;</text:p></office:annotation></text:span></text:span><text:span text:style-name="Strong_20_Emphasis"><text:span text:style-name="T5"><office:annotation><dc:date>2018-07-29T09:36:44.220919445</dc:date><text:p>HTML: &lt;meta name=&quot;created&quot; content=&quot;00:00:00&quot;&gt;</text:p></office:annotation></text:span></text:span><text:span text:style-name="Strong_20_Emphasis"><text:span text:style-name="T5"><office:annotation><dc:date>2018-07-29T09:36:44.220929109</dc:date><text:p>HTML: &lt;meta name=&quot;changed&quot; content=&quot;2018-06-14T12:58:12.332824081&quot;&gt;</text:p></office:annotation></text:span></text:span><text:span text:style-name="Strong_20_Emphasis"><text:span text:style-name="T5"><office:annotation><dc:date>2018-07-29T09:36:44.220938435</dc:date><text:p>HTML: &lt;meta name=&quot;created&quot; content=&quot;00:00:00&quot;&gt;</text:p></office:annotation></text:span></text:span><text:span text:style-name="Strong_20_Emphasis"><text:span text:style-name="T5"><office:annotation><dc:date>2018-07-29T09:36:44.220947897</dc:date><text:p>HTML: &lt;meta name=&quot;changed&quot; content=&quot;2018-06-14T07:07:38.845049501&quot;&gt;</text:p></office:annotation></text:span></text:span><text:span text:style-name="Strong_20_Emphasis"><text:span text:style-name="T5"><office:annotation><dc:date>2018-07-29T09:36:44.220956499</dc:date><text:p>HTML: &lt;meta name=&quot;created&quot; content=&quot;00:00:00&quot;&gt;</text:p></office:annotation></text:span></text:span><text:span text:style-name="Strong_20_Emphasis"><text:span text:style-name="T5"><office:annotation><dc:date>2018-07-29T09:36:44.220965937</dc:date><text:p>HTML: &lt;meta name=&quot;changed&quot; content=&quot;2018-06-13T22:59:08.975991996&quot;&gt;</text:p></office:annotation></text:span></text:span><text:span text:style-name="Strong_20_Emphasis"><text:span text:style-name="T5"><office:annotation><dc:date>2018-07-29T09:36:44.220974467</dc:date><text:p>HTML: &lt;meta name=&quot;created&quot; content=&quot;00:00:00&quot;&gt;</text:p></office:annotation></text:span></text:span><text:span text:style-name="Strong_20_Emphasis"><text:span text:style-name="T5"><office:annotation><dc:date>2018-07-29T09:36:44.220984221</dc:date><text:p>HTML: &lt;meta name=&quot;changed&quot; content=&quot;2018-06-13T20:26:03.305702553&quot;&gt;</text:p></office:annotation></text:span></text:span><text:span text:style-name="Strong_20_Emphasis"><text:span text:style-name="T5"><office:annotation><dc:date>2018-07-29T09:36:44.220992732</dc:date><text:p>HTML: &lt;meta name=&quot;created&quot; content=&quot;00:00:00&quot;&gt;</text:p></office:annotation></text:span></text:span><text:span text:style-name="Strong_20_Emphasis"><text:span text:style-name="T5"><office:annotation><dc:date>2018-07-29T09:36:44.221002426</dc:date><text:p>HTML: &lt;meta name=&quot;changed&quot; content=&quot;2018-06-12T12:28:00.714637591&quot;&gt;</text:p></office:annotation></text:span></text:span><text:span text:style-name="Strong_20_Emphasis"><text:span text:style-name="T5"><office:annotation><dc:date>2018-07-29T09:36:44.221010984</dc:date><text:p>HTML: &lt;meta name=&quot;created&quot; content=&quot;00:00:00&quot;&gt;</text:p></office:annotation></text:span></text:span><text:span text:style-name="Strong_20_Emphasis"><text:span text:style-name="T5"><office:annotation><dc:date>2018-07-29T09:36:44.221020609</dc:date><text:p>HTML: &lt;meta name=&quot;changed&quot; content=&quot;2018-06-11T22:59:09.625284365&quot;&gt;</text:p></office:annotation></text:span></text:span><text:span text:style-name="Strong_20_Emphasis"><text:span text:style-name="T5"><office:annotation><dc:date>2018-07-29T09:36:44.221029979</dc:date><text:p>HTML: &lt;meta name=&quot;created&quot; content=&quot;2018-06-11T22:51:04.642681485&quot;&gt;</text:p></office:annotation></text:span></text:span><text:span text:style-name="Strong_20_Emphasis"><text:span text:style-name="T5"><office:annotation><dc:date>2018-07-29T09:36:44.221039768</dc:date><text:p>HTML: &lt;meta name=&quot;changed&quot; content=&quot;2018-06-11T22:52:11.240135258&quot;&gt;</text:p></office:annotation></text:span></text:span><text:span text:style-name="Strong_20_Emphasis"><text:span text:style-name="T5">Título: </text:span></text:span><text:span text:style-name="Strong_20_Emphasis"><text:span text:style-name="T5"><office:annotation><dc:date>2018-07-29T09:36:44.221111530</dc:date><text:p>HTML: &lt;meta name=&quot;created&quot; content=&quot;00:00:00&quot;&gt;</text:p></office:annotation></text:span></text:span><text:span text:style-name="Strong_20_Emphasis"><text:span text:style-name="T5"><office:annotation><dc:date>2018-07-29T09:36:44.221122370</dc:date><text:p>HTML: &lt;meta name=&quot;changed&quot; content=&quot;2018-06-14T22:55:38.007259856&quot;&gt;</text:p></office:annotation></text:span></text:span><text:span text:style-name="Strong_20_Emphasis"><text:span text:style-name="T5"><office:annotation><dc:date>2018-07-29T09:36:44.221131149</dc:date><text:p>HTML: &lt;meta name=&quot;created&quot; content=&quot;00:00:00&quot;&gt;</text:p></office:annotation></text:span></text:span><text:span text:style-name="Strong_20_Emphasis"><text:span text:style-name="T5"><office:annotation><dc:date>2018-07-29T09:36:44.221141279</dc:date><text:p>HTML: &lt;meta name=&quot;changed&quot; content=&quot;2018-06-14T20:52:51.033526204&quot;&gt;</text:p></office:annotation></text:span></text:span><text:span text:style-name="Strong_20_Emphasis"><text:span text:style-name="T5"><office:annotation><dc:date>2018-07-29T09:36:44.221150426</dc:date><text:p>HTML: &lt;meta name=&quot;created&quot; content=&quot;00:00:00&quot;&gt;</text:p></office:annotation></text:span></text:span><text:span text:style-name="Strong_20_Emphasis"><text:span text:style-name="T5"><office:annotation><dc:date>2018-07-29T09:36:44.221159960</dc:date><text:p>HTML: &lt;meta name=&quot;changed&quot; content=&quot;2018-06-14T17:27:12.577284577&quot;&gt;</text:p></office:annotation></text:span></text:span><text:span text:style-name="Strong_20_Emphasis"><text:span text:style-name="T5"><office:annotation><dc:date>2018-07-29T09:36:44.221168874</dc:date><text:p>HTML: &lt;meta name=&quot;created&quot; content=&quot;00:00:00&quot;&gt;</text:p></office:annotation></text:span></text:span><text:span text:style-name="Strong_20_Emphasis"><text:span text:style-name="T5"><office:annotation><dc:date>2018-07-29T09:36:44.221178257</dc:date><text:p>HTML: &lt;meta name=&quot;changed&quot; content=&quot;2018-06-14T12:58:12.332824081&quot;&gt;</text:p></office:annotation></text:span></text:span><text:span text:style-name="Strong_20_Emphasis"><text:span text:style-name="T5"><office:annotation><dc:date>2018-07-29T09:36:44.221187144</dc:date><text:p>HTML: &lt;meta name=&quot;created&quot; content=&quot;00:00:00&quot;&gt;</text:p></office:annotation></text:span></text:span><text:span text:style-name="Strong_20_Emphasis"><text:span text:style-name="T5"><office:annotation><dc:date>2018-07-29T09:36:44.221196572</dc:date><text:p>HTML: &lt;meta name=&quot;changed&quot; content=&quot;2018-06-14T07:07:38.845049501&quot;&gt;</text:p></office:annotation></text:span></text:span><text:span text:style-name="Strong_20_Emphasis"><text:span text:style-name="T5"><office:annotation><dc:date>2018-07-29T09:36:44.221205621</dc:date><text:p>HTML: &lt;meta name=&quot;created&quot; content=&quot;00:00:00&quot;&gt;</text:p></office:annotation></text:span></text:span><text:span text:style-name="Strong_20_Emphasis"><text:span text:style-name="T5"><office:annotation><dc:date>2018-07-29T09:36:44.221215060</dc:date><text:p>HTML: &lt;meta name=&quot;changed&quot; content=&quot;2018-06-13T22:59:08.975991996&quot;&gt;</text:p></office:annotation></text:span></text:span><text:span text:style-name="Strong_20_Emphasis"><text:span text:style-name="T5"><office:annotation><dc:date>2018-07-29T09:36:44.221223642</dc:date><text:p>HTML: &lt;meta name=&quot;created&quot; content=&quot;00:00:00&quot;&gt;</text:p></office:annotation></text:span></text:span><text:span text:style-name="Strong_20_Emphasis"><text:span text:style-name="T5"><office:annotation><dc:date>2018-07-29T09:36:44.221233250</dc:date><text:p>HTML: &lt;meta name=&quot;changed&quot; content=&quot;2018-06-13T20:26:03.305702553&quot;&gt;</text:p></office:annotation></text:span></text:span><text:span text:style-name="Strong_20_Emphasis"><text:span text:style-name="T5"><office:annotation><dc:date>2018-07-29T09:36:44.221241871</dc:date><text:p>HTML: &lt;meta name=&quot;created&quot; content=&quot;00:00:00&quot;&gt;</text:p></office:annotation></text:span></text:span><text:span text:style-name="Strong_20_Emphasis"><text:span text:style-name="T5"><office:annotation><dc:date>2018-07-29T09:36:44.221251465</dc:date><text:p>HTML: &lt;meta name=&quot;changed&quot; content=&quot;2018-06-12T12:28:00.714637591&quot;&gt;</text:p></office:annotation></text:span></text:span><text:span text:style-name="Strong_20_Emphasis"><text:span text:style-name="T5"><office:annotation><dc:date>2018-07-29T09:36:44.221260247</dc:date><text:p>HTML: &lt;meta name=&quot;created&quot; content=&quot;00:00:00&quot;&gt;</text:p></office:annotation></text:span></text:span><text:span text:style-name="Strong_20_Emphasis"><text:span text:style-name="T5"><office:annotation><dc:date>2018-07-29T09:36:44.221269749</dc:date><text:p>HTML: &lt;meta name=&quot;changed&quot; content=&quot;2018-06-11T22:59:09.625284365&quot;&gt;</text:p></office:annotation></text:span></text:span><text:span text:style-name="Strong_20_Emphasis"><text:span text:style-name="T5"><office:annotation><dc:date>2018-07-29T09:36:44.221279200</dc:date><text:p>HTML: &lt;meta name=&quot;created&quot; content=&quot;2018-06-11T22:51:04.642681485&quot;&gt;</text:p></office:annotation></text:span></text:span><text:span text:style-name="Strong_20_Emphasis"><text:span text:style-name="T5"><office:annotation><dc:date>2018-07-29T09:36:44.221288621</dc:date><text:p>HTML: &lt;meta name=&quot;changed&quot; content=&quot;2018-06-11T22:52:11.240135258&quot;&gt;</text:p></office:annotation></text:span></text:span><text:span text:style-name="Strong_20_Emphasis"><text:span text:style-name="T5">CHAPTER A DAY (1 JOÃO)<text:line-break/>Autor: NORMAN</text:span></text:span><text:span text:style-name="Strong_20_Emphasis"><text:span text:style-name="T4"> </text:span></text:span><text:span text:style-name="Strong_20_Emphasis"><text:span text:style-name="T5">BERRY </text:span></text:span><text:span text:style-name="Strong_20_Emphasis"><text:span text:style-name="T2"><text:line-break/><text:line-break/></text:span></text:span><text:span text:style-name="Strong_20_Emphasis"><text:span text:style-name="T7">Literaturas em formato</text:span></text:span><text:span text:style-name="Strong_20_Emphasis"><text:span text:style-name="T6"> </text:span></text:span><text:span text:style-name="Strong_20_Emphasis"><text:span text:style-name="T7">digital:<text:line-break/></text:span></text:span><text:a xlink:type="simple" xlink:href="http://www.acervodigitalcristao.com.br/" text:style-name="Internet_20_link" text:visited-style-name="Visited_20_Internet_20_Link"><text:span text:style-name="Strong_20_Emphasis"><text:span text:style-name="T2">www.acervodigitalcristao.com.br</text:span></text:span></text:a><text:span text:style-name="Strong_20_Emphasis"><text:span text:style-name="T8"><text:line-break/><text:line-break/></text:span></text:span><text:span text:style-name="Strong_20_Emphasis"><text:span text:style-name="T3">Literaturas em formato</text:span></text:span><text:span text:style-name="Strong_20_Emphasis"> </text:span><text:span text:style-name="Strong_20_Emphasis"><text:span text:style-name="T3">Impresso:<text:line-break/></text:span></text:span><text:a xlink:type="simple" xlink:href="http://www.verdadesvivas.com.br/" text:style-name="Internet_20_link" text:visited-style-name="Visited_20_Internet_20_Link"><text:span text:style-name="Strong_20_Emphasis"><text:span text:style-name="T2">www.verdadesvivas.com.br</text:span></text:span></text:a><text:span text:style-name="Strong_20_Emphasis"><text:span text:style-name="T8"><text:line-break/><text:line-break/></text:span></text:span><text:span text:style-name="Strong_20_Emphasis"><text:span text:style-name="T3">Evangelho em 03 Minutos:</text:span></text:span><text:span text:style-name="Strong_20_Emphasis"> </text:span><text:span text:style-name="Strong_20_Emphasis"><text:span text:style-name="T2"><text:line-break/></text:span></text:span><text:a xlink:type="simple" xlink:href="http://www.3minutos.net/" text:style-name="Internet_20_link" text:visited-style-name="Visited_20_Internet_20_Link"><text:span text:style-name="Strong_20_Emphasis"><text:span text:style-name="T2">www.3minutos.net</text:span></text:span></text:a><text:span text:style-name="Strong_20_Emphasis"><text:span text:style-name="T8"><text:line-break/><text:line-break/></text:span></text:span><text:span text:style-name="Strong_20_Emphasis"><text:span text:style-name="T3">O que respondi:<text:line-break/></text:span></text:span><text:a xlink:type="simple" xlink:href="http://www.respondi.com.br/" text:style-name="Internet_20_link" text:visited-style-name="Visited_20_Internet_20_Link"><text:span text:style-name="Strong_20_Emphasis"><text:span text:style-name="T2">www.respondi.com.br</text:span></text:span></text:a></text:p><text:section text:style-name="Sect1" text:name="Sumário1"><text:p text:style-name="Text_20_body"><text:soft-page-break/></text:p></text:section><text:h text:style-name="P5" text:outline-level="2"/><text:h text:style-name="P7" text:outline-level="2"><text:bookmark text:name="__RefHeading___Toc2187_1052241590"/><text:soft-page-break/>#493</text:h><text:p text:style-name="P2"/><text:p text:style-name="P3">Satanás irá estragar aquilo que não puder impedir. </text:p><text:p text:style-name="P2"/><text:h text:style-name="P5" text:outline-level="2"><text:bookmark text:name="__RefHeading___Toc2189_1052241590"/><text:a xlink:type="simple" xlink:href="http://mysword.info/b?r=1Jo_1" text:style-name="Internet_20_link" text:visited-style-name="Visited_20_Internet_20_Link"><text:span text:style-name="T1">1 JOÃO 1</text:span></text:a></text:h><text:p text:style-name="P2"/><text:p text:style-name="P2"><text:span text:style-name="T1">Em 1 e 2 Samuel ouvimos acerca de Deus escolhendo um rei para Seu povo Israel, e vimos a mão de Deus trabalhando por detrás dos eventos. O Rei Davi é uma figura do bendito Homem que Deus tinha em mente... nosso Senhor Jesus. Mil anos se passaram entre 2 Samuel e 1 João, e agora estamos lendo acerca do Senhor Jesus, tendo vindo a este mundo. Ele deu a cada crente aquilo que Ele próprio é... &quot;vida eterna&quot;. É a vida que estava com o Pai desde a eternidade passada, e que está no Filho de Deus. É nesta vida que os crentes desfrutam de comunhão com Deus Pai e com Deus Filho. Assim podemos aprender que cada crente no Senhor Jesus é um dos filhos na família de Deus. Nascemos nessa família quando cremos no Senhor Jesus. Temos vida eterna... Jesus é vida eterna. Ele não poderia pecar, nem pode um crente nessa nova vida que recebemos dEle. Leia o cap. </text:span><text:a xlink:type="simple" xlink:href="http://mysword.info/b?r=1Jo_3:9" text:style-name="Internet_20_link" text:visited-style-name="Visited_20_Internet_20_Link"><text:span text:style-name="T1">3:9</text:span></text:a><text:span text:style-name="T1">. Creia nisto e você irá desfrutar disto... viva isto e você será um Cristão saudável espiritualmente.</text:span></text:p><text:p text:style-name="P2"/><text:p text:style-name="P2"><text:a xlink:type="simple" xlink:href="http://mysword.info/b?r=1Jo_1:1-3" text:style-name="Internet_20_link" text:visited-style-name="Visited_20_Internet_20_Link"><text:span text:style-name="T1">1 Jo 1:1-3</text:span></text:a><text:span text:style-name="T1"> João escreveu sua epístola bem depois dos outros escritores. Os modernistas daqueles dias estavam dizendo que o Cristianismo era muito bom como um fundamento, mas que estava ficando velho, e novas ideias eram necessárias. Ouvimos o mesmo hoje. Assim João está mostrando que a PESSOA DE NOSSO SENHOR, a verdadeira manifestação da própria vida divina, lança por terra todos esses pensamentos.</text:span></text:p><text:p text:style-name="P2"/><text:p text:style-name="P2"><text:a xlink:type="simple" xlink:href="http://mysword.info/b?r=1Jo_1:4" text:style-name="Internet_20_link" text:visited-style-name="Visited_20_Internet_20_Link"><text:span text:style-name="T1">1 Jo 1:4</text:span></text:a><text:span text:style-name="T1"> Poucos de nós crentes conhecem a plenitude de gozo. Todavia é para nós todos. O gozo completo é mencionado pelo menos quatro vezes nas Escrituras. (1) Gozo completo pela obediência - João </text:span><text:a xlink:type="simple" xlink:href="http://mysword.info/b?r=Joh_15:9-11" text:style-name="Internet_20_link" text:visited-style-name="Visited_20_Internet_20_Link"><text:span text:style-name="T1">15:9-11</text:span></text:a><text:span text:style-name="T1">. (2) Gozo completo pela oração - João </text:span><text:a xlink:type="simple" xlink:href="http://mysword.info/b?r=Joh_16:24" text:style-name="Internet_20_link" text:visited-style-name="Visited_20_Internet_20_Link"><text:span text:style-name="T1">16:24</text:span></text:a><text:span text:style-name="T1">. (3) Gozo completo pela comunhão - João </text:span><text:a xlink:type="simple" xlink:href="http://mysword.info/b?r=Joh_17:13" text:style-name="Internet_20_link" text:visited-style-name="Visited_20_Internet_20_Link"><text:span text:style-name="T1">17:13</text:span></text:a><text:span text:style-name="T1"> e (4) nosso versículo. O Espírito Santo é a fonte dos pensamentos do crente em sua vida em Cristo, e Ele não pode dar pensamentos diferentes daqueles do Pai e do Filho. Deus nos tem dado a plena habilidade de desfrutar desta vida, mas precisamos entender que é só quando vivemos esta vida diariamente que somos felizes nEle.</text:span></text:p><text:p text:style-name="P2"/><text:p text:style-name="P2"><text:a xlink:type="simple" xlink:href="http://mysword.info/b?r=1Jo_1:6-7" text:style-name="Internet_20_link" text:visited-style-name="Visited_20_Internet_20_Link"><text:span text:style-name="T1">1 Jo 1:6-7</text:span></text:a><text:span text:style-name="T1"> Todo incrédulo anda em trevas, e todo crente anda na luz, pelo menos no que se refere à sua posição. Mas, com toda a certeza, um crente pode voltar suas costas para a luz, se for desobediente à Palavra de Deus. Todavia, a luz continuará brilhando sobre ele. Deus quer que todos os crentes sejam um em comunhão, mas nossa vida de obediência é o que produz esta comunhão.</text:span></text:p><text:p text:style-name="P2"/><text:p text:style-name="P2"><text:a xlink:type="simple" xlink:href="http://mysword.info/b?r=1Jo_1:8" text:style-name="Internet_20_link" text:visited-style-name="Visited_20_Internet_20_Link"><text:span text:style-name="T1">1 Jo 1:8</text:span></text:a><text:span text:style-name="T1"> um crente está enganado se disser isto.</text:span></text:p><text:p text:style-name="P2"/><text:p text:style-name="P2"><text:a xlink:type="simple" xlink:href="http://mysword.info/b?r=1Jo_1:9" text:style-name="Internet_20_link" text:visited-style-name="Visited_20_Internet_20_Link"><text:span text:style-name="T1">1 Jo 1:9</text:span></text:a><text:span text:style-name="T1"> O orgulho de nossa vontade é quebrado quando confessamos um pecado a Deus. (Poderíamos pedir perdão sem a consciência ter sido tocada; isto traria descuido e frieza à nossa vida).</text:span></text:p><text:p text:style-name="P2"/><text:p text:style-name="P2"><text:a xlink:type="simple" xlink:href="http://mysword.info/b?r=1Jo_1:10" text:style-name="Internet_20_link" text:visited-style-name="Visited_20_Internet_20_Link"><text:span text:style-name="T1">1 Jo 1:10</text:span></text:a><text:span text:style-name="T1"> Um incrédulo pode dizer isto, mas um crente não.</text:span></text:p><text:p text:style-name="P2"/><text:h text:style-name="P6" text:outline-level="2"><text:bookmark text:name="__RefHeading___Toc2191_1052241590"/>#494</text:h><text:p text:style-name="P2"/><text:p text:style-name="P3">O diabo nunca seria capaz de realizar qualquer plano na Cristandade se não pudesse arranjar pessoas para se unirem às más que há nela.</text:p><text:p text:style-name="P2"/><text:h text:style-name="P5" text:outline-level="2"><text:bookmark text:name="__RefHeading___Toc2193_1052241590"/><text:a xlink:type="simple" xlink:href="http://mysword.info/b?r=1Jo_2:1-14" text:style-name="Internet_20_link" text:visited-style-name="Visited_20_Internet_20_Link"><text:span text:style-name="T1">1 JOÃO 2, Vers. 1-14</text:span></text:a></text:h><text:p text:style-name="P2"/><text:p text:style-name="P3">Temos um Advogado (alguém que intercede por outro, como um advogado faz). O Senhor Jesus cuida de nosso caso diante do Pai. Nossa parte é confessar o pecado a nosso Pai. Por causa do Seu Filho Ele nos perdoa, pois Jesus morreu uma vez por aqueles pecados. Pecados não confessados em nós trazem infelicidade.</text:p><text:p text:style-name="P2"/><text:p text:style-name="P2"><text:a xlink:type="simple" xlink:href="http://mysword.info/b?r=1Jo_2:1" text:style-name="Internet_20_link" text:visited-style-name="Visited_20_Internet_20_Link"><text:span text:style-name="T1">1 Jo 2:1</text:span></text:a><text:span text:style-name="T1"> As coisas anteriores foram escritas para que não pecássemos. Mas se pecarmos, Deus tem o remédio... Cristo, o Advogado.</text:span></text:p><text:p text:style-name="P2"/><text:p text:style-name="P2"><text:a xlink:type="simple" xlink:href="http://mysword.info/b?r=1Jo_2:3-6" text:style-name="Internet_20_link" text:visited-style-name="Visited_20_Internet_20_Link"><text:span text:style-name="T1">1 Jo 2:3-6</text:span></text:a><text:span text:style-name="T1"> A nova natureza de um crente é uma natureza obediente.</text:span></text:p><text:p text:style-name="P2"/><text:p text:style-name="P2"><text:a xlink:type="simple" xlink:href="http://mysword.info/b?r=1Jo_2:7-8" text:style-name="Internet_20_link" text:visited-style-name="Visited_20_Internet_20_Link"><text:span text:style-name="T1">1 Jo 2:7-8</text:span></text:a><text:span text:style-name="T1"> Isto prova que não está se referindo aos dez mandamentos, mas à Palavra de Deus.</text:span></text:p><text:p text:style-name="P2"/><text:p text:style-name="P2"><text:a xlink:type="simple" xlink:href="http://mysword.info/b?r=1Jo_2:9-11" text:style-name="Internet_20_link" text:visited-style-name="Visited_20_Internet_20_Link"><text:span text:style-name="T1">1 Jo 2:9-11</text:span></text:a><text:span text:style-name="T1"> Cegueira e escuridão são, ambas elas, características dos que não estão salvos.</text:span></text:p><text:p text:style-name="P2"/><text:p text:style-name="P2"><text:a xlink:type="simple" xlink:href="http://mysword.info/b?r=1Jo_2:12" text:style-name="Internet_20_link" text:visited-style-name="Visited_20_Internet_20_Link"><text:span text:style-name="T1">1 Jo 2:12</text:span></text:a><text:span text:style-name="T1"> Isto mexe com você? (nestas Epístolas, &quot;filhinhos&quot; são os crentes de qualquer idade que talvez não tenham conhecido o Senhor por muito tempo).</text:span></text:p><text:p text:style-name="P2"/><text:p text:style-name="P2"><text:a xlink:type="simple" xlink:href="http://mysword.info/b?r=1Jo_2:12-14" text:style-name="Internet_20_link" text:visited-style-name="Visited_20_Internet_20_Link"><text:span text:style-name="T1">1 Jo 2:12-14</text:span></text:a><text:span text:style-name="T1"> Três etapas do crescimento em um crente - filhinhos - jovens - e pais. Deus não quer que permanecemos como criancinhas.</text:span></text:p><text:p text:style-name="P2"/><text:h text:style-name="P6" text:outline-level="2"><text:bookmark text:name="__RefHeading___Toc2195_1052241590"/>#495</text:h><text:p text:style-name="P2"/><text:p text:style-name="P3">Quando Satanás consegue levar alguém a pecar (em uma assembléia), pode-se observar que ele também ataca a assembléia tentando dividi-la.</text:p><text:p text:style-name="P2"/><text:h text:style-name="P5" text:outline-level="2"><text:bookmark text:name="__RefHeading___Toc2197_1052241590"/><text:a xlink:type="simple" xlink:href="http://mysword.info/b?r=1Jo_2:15-29" text:style-name="Internet_20_link" text:visited-style-name="Visited_20_Internet_20_Link"><text:span text:style-name="T1">1 JOÃO 2, Vers. 15-29</text:span></text:a></text:h><text:p text:style-name="P2"/><text:p text:style-name="P2"><text:a xlink:type="simple" xlink:href="http://mysword.info/b?r=1Jo_2:15-17" text:style-name="Internet_20_link" text:visited-style-name="Visited_20_Internet_20_Link"><text:span text:style-name="T1">1 Jo 2:15-17</text:span></text:a><text:span text:style-name="T1"> &quot;O mundo&quot; refere-se ao espírito deste mundo, não o mundo físico. Nesta epístola João está escrevendo a nós, crentes, como pertencendo à família de Deus. Todo crente em Cristo faz parte dela. Estas palavras referem-se ao modo como nos comportamos.</text:span></text:p><text:p text:style-name="P2"/><text:p text:style-name="P2"><text:a xlink:type="simple" xlink:href="http://mysword.info/b?r=1Jo_2:18-19" text:style-name="Internet_20_link" text:visited-style-name="Visited_20_Internet_20_Link"><text:span text:style-name="T1">1 Jo 2:18-19</text:span></text:a><text:span text:style-name="T1"> Escutamos cada vez mais acerca de pessoas que afirmam ser &quot;o Cristo&quot;... Fique o mais longe possível delas. Sabemos que estamos nos &quot;últimos tempos&quot;.</text:span></text:p><text:p text:style-name="P2"/><text:p text:style-name="P2"><text:a xlink:type="simple" xlink:href="http://mysword.info/b?r=1Jo_2:20" text:style-name="Internet_20_link" text:visited-style-name="Visited_20_Internet_20_Link"><text:span text:style-name="T1">1 Jo 2:20</text:span></text:a><text:span text:style-name="T1"> Todo crente que dá ouvidos à Palavra de Deus e se sujeita a ela escuta exatamente o mesmo que os outros que também se sujeitam. Isto é o que traz a unidade entre o povo do Senhor.</text:span></text:p><text:p text:style-name="P2"/><text:p text:style-name="P2"><text:a xlink:type="simple" xlink:href="http://mysword.info/b?r=1Jo_2:22-23" text:style-name="Internet_20_link" text:visited-style-name="Visited_20_Internet_20_Link"><text:span text:style-name="T1">1 Jo 2:22-23</text:span></text:a><text:span text:style-name="T1"> Duas imagens reconfortantes do Senhor Jesus... como o Cristo e como o Filho de Deus. Quando as pessoas negam isso, elas mentem. É muito importante crer nisto.</text:span></text:p><text:p text:style-name="P2"/><text:p text:style-name="P2"><text:a xlink:type="simple" xlink:href="http://mysword.info/b?r=1Jo_2:28" text:style-name="Internet_20_link" text:visited-style-name="Visited_20_Internet_20_Link"><text:span text:style-name="T1">1 Jo 2:28</text:span></text:a><text:span text:style-name="T1"> Enquanto você lê esta Epístola, pode ver que quase tudo que é mencionado está baseado no que o Senhor Jesus disse em Sua última noite na Terra; Evangelho de João, </text:span><text:a xlink:type="simple" xlink:href="http://mysword.info/b?r=Joh_13" text:style-name="Internet_20_link" text:visited-style-name="Visited_20_Internet_20_Link"><text:span text:style-name="T1">capítulos 13</text:span></text:a><text:span text:style-name="T1">, 14, 15 e 16. Leia este versículo e depois leia João </text:span><text:a xlink:type="simple" xlink:href="http://mysword.info/b?r=Joh_14:3" text:style-name="Internet_20_link" text:visited-style-name="Visited_20_Internet_20_Link"><text:span text:style-name="T1">14:3</text:span></text:a><text:span text:style-name="T1">. Esta promessa lança fora toda ansiedade e perturbação em nossa vida.</text:span></text:p><text:p text:style-name="P2"/><text:h text:style-name="P6" text:outline-level="2"><text:bookmark text:name="__RefHeading___Toc2199_1052241590"/>#496</text:h><text:p text:style-name="P2"/><text:p text:style-name="P3">Tudo aquilo que Cristo deseja... Satanás sai a destruir.</text:p><text:p text:style-name="P2"/><text:h text:style-name="P5" text:outline-level="2"><text:bookmark text:name="__RefHeading___Toc2201_1052241590"/><text:a xlink:type="simple" xlink:href="http://mysword.info/b?r=1Jo_3" text:style-name="Internet_20_link" text:visited-style-name="Visited_20_Internet_20_Link"><text:span text:style-name="T1">1 JOÃO 3</text:span></text:a></text:h><text:p text:style-name="P2"/><text:p text:style-name="P2"><text:a xlink:type="simple" xlink:href="http://mysword.info/b?r=1Jo_3:1-2" text:style-name="Internet_20_link" text:visited-style-name="Visited_20_Internet_20_Link"><text:span text:style-name="T1">1 Jo 3:1-2</text:span></text:a><text:span text:style-name="T1"> Somos AGORA filhos de Deus. A próxima coisa a aprender é que viveremos como o Senhor Jesus quando Ele vier em glória. Toda a beleza, toda a excelência de Seu caráter serão reproduzidos em cada um de nós. Mas leia 2 Co </text:span><text:a xlink:type="simple" xlink:href="http://mysword.info/b?r=2Co_3:18" text:style-name="Internet_20_link" text:visited-style-name="Visited_20_Internet_20_Link"><text:span text:style-name="T1">3:18</text:span></text:a><text:span text:style-name="T1"> e aprenda que quanto mais nos parecermos com Ele ainda agora, mais como Ele nos tornamos!</text:span></text:p><text:p text:style-name="P2"/><text:p text:style-name="P2"><text:a xlink:type="simple" xlink:href="http://mysword.info/b?r=1Jo_3:5,6,9,10" text:style-name="Internet_20_link" text:visited-style-name="Visited_20_Internet_20_Link"><text:span text:style-name="T1">1 Jo 3:5, 6, 9, 10</text:span></text:a><text:span text:style-name="T1"> A terceira grande coisa a ser aprendida... O crente que verdadeiramente é do Senhor, não segue na prática do pecado, (não segue fazendo coisas que sabe serem contrárias à vontade de Deus). Ele tem duas naturezas, que se odeiam mutuamente. Sua nova natureza não pode pecar. Ele pode dizer, &quot;a nova natureza em mim&quot;. (Então não alimentará a velha natureza, pois sabe que Deus a vê como morta - Rom </text:span><text:a xlink:type="simple" xlink:href="http://mysword.info/b?r=Rom_6:6" text:style-name="Internet_20_link" text:visited-style-name="Visited_20_Internet_20_Link"><text:span text:style-name="T1">6:6</text:span></text:a><text:span text:style-name="T1">).</text:span></text:p><text:p text:style-name="P2"/><text:p text:style-name="P2"><text:a xlink:type="simple" xlink:href="http://mysword.info/b?r=1Jo_3:14,15,17" text:style-name="Internet_20_link" text:visited-style-name="Visited_20_Internet_20_Link"><text:span text:style-name="T1">1 Jo 3:14, 15, 17</text:span></text:a><text:span text:style-name="T1"> Passamos da morte para a vida! Muitos crentes verdadeiros não sabem disso. Outra coisa... amamos os outros crentes. Se o amor tomou o lugar do ódio e do egoísmo em meu coração, então sei que passei da morte para a vida. Leia Jo </text:span><text:a xlink:type="simple" xlink:href="http://mysword.info/b?r=Joh_13:34-35" text:style-name="Internet_20_link" text:visited-style-name="Visited_20_Internet_20_Link"><text:span text:style-name="T1">13:34-35</text:span></text:a><text:span text:style-name="T1">. O teste de amor é este... se tenho condições para ajudar outros, eu ajudo.</text:span></text:p><text:p text:style-name="P2"/><text:p text:style-name="P2"><text:a xlink:type="simple" xlink:href="http://mysword.info/b?r=1Jo_3:19-21" text:style-name="Internet_20_link" text:visited-style-name="Visited_20_Internet_20_Link"><text:span text:style-name="T1">1 Jo 3:19-21</text:span></text:a><text:span text:style-name="T1"> O crente tem confiança em Deus. Aquele que não tem uma má consciência na presença de Deus, pode olhar para cima e falar com Deus em oração com alegria, como fala a um Amigo com quem está de bem. Mas se há pecados em nossa consciência, então não podemos pedir com confiança. Devemos confessá-los para sermos perdoados.</text:span></text:p><text:p text:style-name="P2"/><text:p text:style-name="P2"><text:a xlink:type="simple" xlink:href="http://mysword.info/b?r=1Jo_3:22" text:style-name="Internet_20_link" text:visited-style-name="Visited_20_Internet_20_Link"><text:span text:style-name="T1">1 Jo 3:22</text:span></text:a><text:span text:style-name="T1"> O crente tem poder para receber de Deus, pela oração, o que pedir. Mas precisamos ler o versículo todo! Se é para Deus nos ouvir, devemos antes ouvi-Lo! Repare as duas coisas diferentes. Há muitas coisas, que Deus não tratou explicitamente em Seu livro, que Ele gostaria que fizéssemos. Um pai gosta quando seus filhos fazem coisas que sabem que irão agradá-lo.</text:span></text:p><text:p text:style-name="P2"/><text:p text:style-name="P2"><text:a xlink:type="simple" xlink:href="http://mysword.info/b?r=1Jo_3:24" text:style-name="Internet_20_link" text:visited-style-name="Visited_20_Internet_20_Link"><text:span text:style-name="T1">1 Jo 3:24</text:span></text:a><text:span text:style-name="T1"> Temos o Espírito Santo em nós. Efésios </text:span><text:a xlink:type="simple" xlink:href="http://mysword.info/b?r=Eph_1:13" text:style-name="Internet_20_link" text:visited-style-name="Visited_20_Internet_20_Link"><text:span text:style-name="T1">1:13</text:span></text:a><text:span text:style-name="T1">; quão ricos somos!</text:span></text:p><text:p text:style-name="P2"/><text:h text:style-name="P6" text:outline-level="2"><text:bookmark text:name="__RefHeading___Toc2203_1052241590"/>#497</text:h><text:p text:style-name="P2"/><text:p text:style-name="P3">Deus nunca permite que Satanás vá além de atacar nossa carne; Deus permite que Satanás atribule nossa mente, e faça a carne sofrer exteriormente, a fim de que o homem interior possa ser guardado do mal. 2 Pd 4:1. Isto é sempre verdadeiro se a mão do Senhor estiver sobre uma pessoa até que ela reconheça o mal diante de Deus; e então vem o perdão da iniquidade.</text:p><text:p text:style-name="P2"/><text:h text:style-name="P5" text:outline-level="2"><text:bookmark text:name="__RefHeading___Toc2205_1052241590"/><text:a xlink:type="simple" xlink:href="http://mysword.info/b?r=1Jo_4:1-10" text:style-name="Internet_20_link" text:visited-style-name="Visited_20_Internet_20_Link"><text:span text:style-name="T1">1 JOÃO 4, Vers. 1-10</text:span></text:a></text:h><text:p text:style-name="P2"/><text:p text:style-name="P2"><text:a xlink:type="simple" xlink:href="http://mysword.info/b?r=1Jo_4:1-6" text:style-name="Internet_20_link" text:visited-style-name="Visited_20_Internet_20_Link"><text:span text:style-name="T1">1 Jo 4:1-6</text:span></text:a><text:span text:style-name="T1"> Hoje em dia estamos ouvindo muito sobre o &quot;mundo espírita&quot;. As pessoas correm atrás de palestrantes que dizem ter poderes sobrenaturais. Uma pessoa controlada por espíritos pode estar sendo controlada por Satanás. Nunca se esqueça de que há espírito mentirosos, assim como há pessoas mentirosas. Estes versículos nos dizem para provarmos os espíritos. Os falsos profetas são controlados por falsos espíritos. Eles são reais, e provém do próprio Satanás. Como devemos testá-los? Deste modo... eles confessam que Jesus é Divino? Deus nos disse que os demônios podem controlar pessoas. O crente é guardado desse poder de sermos controlados, mas podemos ser enganados se não aplicarmos este teste. É por isso que somos avisados tantas vezes neste Livro.</text:span></text:p><text:p text:style-name="P2"/><text:p text:style-name="P2"><text:a xlink:type="simple" xlink:href="http://mysword.info/b?r=1Jo_4:7-10" text:style-name="Internet_20_link" text:visited-style-name="Visited_20_Internet_20_Link"><text:span text:style-name="T1">1 Jo 4:7-10</text:span></text:a><text:span text:style-name="T1"> Este grave aviso é seguido pela certeza do amor de Deus. Veremos sete grandes verdades sobre o amor.</text:span></text:p><text:p text:style-name="P2"/><text:p text:style-name="P2"><text:a xlink:type="simple" xlink:href="http://mysword.info/b?r=1Jo_4:7" text:style-name="Internet_20_link" text:visited-style-name="Visited_20_Internet_20_Link"><text:span text:style-name="T1">1 Jo 4:7</text:span></text:a><text:span text:style-name="T1"> A primeira... o amor vem de Deus. Cada partícula de amor verdadeiro que existe no mundo veio de Deus. O amor verdadeiro se agrada em ajudar os outros. As pessoas falam muito de amor hoje em dia, mas a maior parte disso é egocentrismo. Todo aquele que ama é nascido de Deus. Não confunda afeição natural com o amor de Deus.</text:span></text:p><text:p text:style-name="P2"/><text:p text:style-name="P2"><text:a xlink:type="simple" xlink:href="http://mysword.info/b?r=1Jo_4:8" text:style-name="Internet_20_link" text:visited-style-name="Visited_20_Internet_20_Link"><text:span text:style-name="T1">1 Jo 4:8</text:span></text:a><text:span text:style-name="T1"> O amor é o que Deus é. Veja também </text:span><text:a xlink:type="simple" xlink:href="http://mysword.info/b?r=1Jo_1:5" text:style-name="Internet_20_link" text:visited-style-name="Visited_20_Internet_20_Link"><text:span text:style-name="T1">1:5</text:span></text:a><text:span text:style-name="T1">. Luz e amor estão combinados em Deus. Toda a Bíblia repousa sobre estes dois grandes pilares.</text:span></text:p><text:p text:style-name="P2"/><text:p text:style-name="P2"><text:a xlink:type="simple" xlink:href="http://mysword.info/b?r=1Jo_4:9-10" text:style-name="Internet_20_link" text:visited-style-name="Visited_20_Internet_20_Link"><text:span text:style-name="T1">1 Jo 4:9-10</text:span></text:a><text:span text:style-name="T1"> Jesus Cristo é a suprema manifestação do amor de Deus. Mas isso é só um lado - o outro é que Ele enviou Seu Filho para ser a propiciação para nossos pecados. &quot;Propiciação&quot; significa isto: Deus foi ultrajado e insultado pelo pecado do homem. Mas o Senhor Jesus veio ao mundo e cumpriu uma tal obra ao Se sacrificar por nossos pecados, que Deus ficou completamente satisfeito e pode agora demonstrar misericórdia para conosco, que pecamos de modo tão horrível.</text:span></text:p><text:p text:style-name="P2"/><text:h text:style-name="P6" text:outline-level="2"><text:bookmark text:name="__RefHeading___Toc2207_1052241590"/>#498</text:h><text:p text:style-name="P2"/><text:p text:style-name="P3">Imediatamente após os crentes serem levados para a glória, os homens e mulheres se tornarão muito religiosos, mas extremamente ímpios.</text:p><text:p text:style-name="P2"/><text:h text:style-name="P5" text:outline-level="2"><text:bookmark text:name="__RefHeading___Toc2209_1052241590"/><text:a xlink:type="simple" xlink:href="http://mysword.info/b?r=1Jo_4:11-21" text:style-name="Internet_20_link" text:visited-style-name="Visited_20_Internet_20_Link"><text:span text:style-name="T1">1 JOÃO 4, Vers. 11-21</text:span></text:a></text:h><text:p text:style-name="P2"/><text:p text:style-name="P2"><text:a xlink:type="simple" xlink:href="http://mysword.info/b?r=1Jo_4:11" text:style-name="Internet_20_link" text:visited-style-name="Visited_20_Internet_20_Link"><text:span text:style-name="T1">1 Jo 4:11</text:span></text:a><text:span text:style-name="T1"> Isto parece simples, mas será que é assim conosco?</text:span></text:p><text:p text:style-name="P2"/><text:p text:style-name="P2"><text:a xlink:type="simple" xlink:href="http://mysword.info/b?r=1Jo_4:12-26" text:style-name="Internet_20_link" text:visited-style-name="Visited_20_Internet_20_Link"><text:span text:style-name="T1">1 Jo 4:12-26</text:span></text:a><text:span text:style-name="T1"> Que pensamento poderoso este, de que estamos em Deus e Ele está em nós.</text:span></text:p><text:p text:style-name="P2"/><text:p text:style-name="P2"><text:a xlink:type="simple" xlink:href="http://mysword.info/b?r=1Jo_4:17" text:style-name="Internet_20_link" text:visited-style-name="Visited_20_Internet_20_Link"><text:span text:style-name="T1">1 Jo 4:17</text:span></text:a><text:span text:style-name="T1"> Quando estivermos diante do Senhor no Tribunal de Cristo, nos sentiremos perfeitamente à vontade, pois seremos como Ele é! Já somos como Ele agora! Mas vivenciamos isto em nossa vida?</text:span></text:p><text:p text:style-name="P2"/><text:p text:style-name="P2"><text:a xlink:type="simple" xlink:href="http://mysword.info/b?r=1Jo_4:18" text:style-name="Internet_20_link" text:visited-style-name="Visited_20_Internet_20_Link"><text:span text:style-name="T1">1 Jo 4:18</text:span></text:a><text:span text:style-name="T1"> Aprender mais do Seu amor é ser liberto de todo o medo.</text:span></text:p><text:p text:style-name="P2"/><text:p text:style-name="P2"><text:a xlink:type="simple" xlink:href="http://mysword.info/b?r=1Jo_4:19" text:style-name="Internet_20_link" text:visited-style-name="Visited_20_Internet_20_Link"><text:span text:style-name="T1">1 Jo 4:19</text:span></text:a><text:span text:style-name="T1"> O amor não começa com nós amando a Deus, mas com Ele nos amando.</text:span></text:p><text:p text:style-name="P2"/><text:h text:style-name="P6" text:outline-level="2"><text:bookmark text:name="__RefHeading___Toc2211_1052241590"/>#499</text:h><text:p text:style-name="P2"/><text:p text:style-name="P3">Qualquer coisa que enfraqueça a atração a Cristo destrói todo poder. Satanás não pode encontrar uma brecha em um coração que está cheio de Cristo.</text:p><text:p text:style-name="P2"/><text:h text:style-name="P5" text:outline-level="2"><text:bookmark text:name="__RefHeading___Toc2213_1052241590"/><text:a xlink:type="simple" xlink:href="http://mysword.info/b?r=1Jo_5" text:style-name="Internet_20_link" text:visited-style-name="Visited_20_Internet_20_Link"><text:span text:style-name="T1">1 JOÃO 5</text:span></text:a></text:h><text:p text:style-name="P2"/><text:p text:style-name="P2"><text:a xlink:type="simple" xlink:href="http://mysword.info/b?r=1Jo_5:1" text:style-name="Internet_20_link" text:visited-style-name="Visited_20_Internet_20_Link"><text:span text:style-name="T1">1 Jo 5:1</text:span></text:a><text:span text:style-name="T1"> Todo verdadeiro crente no Senhor Jesus Cristo é um filho de Deus, O qual é onisciente, eterno, santo, poderoso. Com um Pai como este, que grande é nossa responsabilidade!</text:span></text:p><text:p text:style-name="P2"/><text:p text:style-name="P2"><text:a xlink:type="simple" xlink:href="http://mysword.info/b?r=1Jo_5:4-5" text:style-name="Internet_20_link" text:visited-style-name="Visited_20_Internet_20_Link"><text:span text:style-name="T1">1 Jo 5:4-5</text:span></text:a><text:span text:style-name="T1"> Todo crente verdadeiro conquistou a vitória sobre o mundo! O mundo é inimigo de Deus. Faz tudo o que pode para nos arrastar para a derrota. A fé diária em Cristo é o que nos capacita a obter esta vitória sobre o mundo.</text:span></text:p><text:p text:style-name="P2"/><text:p text:style-name="P2"><text:a xlink:type="simple" xlink:href="http://mysword.info/b?r=1Jo_5:6-10" text:style-name="Internet_20_link" text:visited-style-name="Visited_20_Internet_20_Link"><text:span text:style-name="T1">1 Jo 5:6-10</text:span></text:a><text:span text:style-name="T1"> Todo crente verdadeiro tem o Espírito Santo em si. O Espírito é verdade, e Ele é uma testemunha da verdade para nós. Palavras fortes estas!</text:span></text:p><text:p text:style-name="P2"/><text:p text:style-name="P2"><text:a xlink:type="simple" xlink:href="http://mysword.info/b?r=1Jo_5:11-13" text:style-name="Internet_20_link" text:visited-style-name="Visited_20_Internet_20_Link"><text:span text:style-name="T1">1 Jo 5:11-13</text:span></text:a><text:span text:style-name="T1"> Todo crente verdadeiro tem a vida eterna (</text:span><text:a xlink:type="simple" xlink:href="http://mysword.info/b?r=1Jo_5:13" text:style-name="Internet_20_link" text:visited-style-name="Visited_20_Internet_20_Link"><text:span text:style-name="T1">13o. versículo</text:span></text:a><text:span text:style-name="T1">).</text:span></text:p><text:p text:style-name="P2"/><text:p text:style-name="P2"><text:a xlink:type="simple" xlink:href="http://mysword.info/b?r=1Jo_5:14-15" text:style-name="Internet_20_link" text:visited-style-name="Visited_20_Internet_20_Link"><text:span text:style-name="T1">1 Jo 5:14-15</text:span></text:a><text:span text:style-name="T1"> Todo crente verdadeiro tem confiança em Deus, de modo que tudo o que pedimos a Deus, se for de acordo com Sua vontade, Ele ouve. Sabemos se é conforme a Sua vontade quando prestamos atenção à Sua Palavra e a obedecemos.</text:span></text:p><text:p text:style-name="P2"><text:soft-page-break/></text:p><text:p text:style-name="P2"><text:a xlink:type="simple" xlink:href="http://mysword.info/b?r=1Jo_5:16-17" text:style-name="Internet_20_link" text:visited-style-name="Visited_20_Internet_20_Link"><text:span text:style-name="T1">1 Jo 5:16-17</text:span></text:a><text:span text:style-name="T1"> Todo crente verdadeiro tem poder em oração, para si mesmo, e para outros. A última parte do versículo poderia se referir a um crente que segue em uma vida de desobediência... pode acabar com o Senhor levando essa pessoa. Evidentemente tais pessoas estão salvas - </text:span><text:a xlink:type="simple" xlink:href="http://mysword.info/b?r=1Co_11:30" text:style-name="Internet_20_link" text:visited-style-name="Visited_20_Internet_20_Link"><text:span text:style-name="T1">1 Co 11:30</text:span></text:a><text:span text:style-name="T1">.</text:span></text:p><text:p text:style-name="P2"/><text:p text:style-name="P2"><text:a xlink:type="simple" xlink:href="http://mysword.info/b?r=1Jo_5:18" text:style-name="Internet_20_link" text:visited-style-name="Visited_20_Internet_20_Link"><text:span text:style-name="T1">1 Jo 5:18</text:span></text:a><text:span text:style-name="T1"> Todo crente verdadeiro desfruta de perfeita segurança.</text:span></text:p><text:p text:style-name="P2"/><text:p text:style-name="P2"><text:a xlink:type="simple" xlink:href="http://mysword.info/b?r=1Jo_5:20" text:style-name="Internet_20_link" text:visited-style-name="Visited_20_Internet_20_Link"><text:span text:style-name="T1">1 Jo 5:20</text:span></text:a><text:span text:style-name="T1"> Todo crente verdadeiro recebeu conhecimento dado por Deus. Ele conhece a Deus! Grandes cientistas podem ser capazes de levar o homem à lua, mas não podem incutir o conhecimento de Deus em um homem!</text:span></text:p><text:p text:style-name="P2"/></text:section></office:text></office:body></office:document-content>