<?xml version="1.0" encoding="UTF-8"?>
<office:document-content xmlns:office="urn:oasis:names:tc:opendocument:xmlns:office:1.0" xmlns:style="urn:oasis:names:tc:opendocument:xmlns:style:1.0" xmlns:text="urn:oasis:names:tc:opendocument:xmlns:text:1.0" xmlns:table="urn:oasis:names:tc:opendocument:xmlns:table:1.0" xmlns:draw="urn:oasis:names:tc:opendocument:xmlns:drawing:1.0" xmlns:fo="urn:oasis:names:tc:opendocument:xmlns:xsl-fo-compatible:1.0" xmlns:xlink="http://www.w3.org/1999/xlink" xmlns:dc="http://purl.org/dc/elements/1.1/" xmlns:meta="urn:oasis:names:tc:opendocument:xmlns:meta:1.0" xmlns:number="urn:oasis:names:tc:opendocument:xmlns:datastyle:1.0" xmlns:svg="urn:oasis:names:tc:opendocument:xmlns:svg-compatible:1.0" xmlns:chart="urn:oasis:names:tc:opendocument:xmlns:chart:1.0" xmlns:dr3d="urn:oasis:names:tc:opendocument:xmlns:dr3d:1.0" xmlns:math="http://www.w3.org/1998/Math/MathML" xmlns:form="urn:oasis:names:tc:opendocument:xmlns:form:1.0" xmlns:script="urn:oasis:names:tc:opendocument:xmlns:script:1.0" xmlns:ooo="http://openoffice.org/2004/office" xmlns:ooow="http://openoffice.org/2004/writer" xmlns:oooc="http://openoffice.org/2004/calc" xmlns:dom="http://www.w3.org/2001/xml-events" xmlns:xforms="http://www.w3.org/2002/xforms" xmlns:xsd="http://www.w3.org/2001/XMLSchema" xmlns:xsi="http://www.w3.org/2001/XMLSchema-instance" xmlns:rpt="http://openoffice.org/2005/report" xmlns:of="urn:oasis:names:tc:opendocument:xmlns:of:1.2" xmlns:xhtml="http://www.w3.org/1999/xhtml" xmlns:grddl="http://www.w3.org/2003/g/data-view#" xmlns:officeooo="http://openoffice.org/2009/office" xmlns:tableooo="http://openoffice.org/2009/table" xmlns:drawooo="http://openoffice.org/2010/draw" xmlns:calcext="urn:org:documentfoundation:names:experimental:calc:xmlns:calcext:1.0" xmlns:loext="urn:org:documentfoundation:names:experimental:office:xmlns:loext:1.0" xmlns:field="urn:openoffice:names:experimental:ooo-ms-interop:xmlns:field:1.0" xmlns:formx="urn:openoffice:names:experimental:ooxml-odf-interop:xmlns:form:1.0" xmlns:css3t="http://www.w3.org/TR/css3-text/" office:version="1.2"><office:scripts/><office:font-face-decls><style:font-face style:name="FreeSans1" svg:font-family="FreeSans"/><style:font-face style:name="Liberation Sans" svg:font-family="&apos;Liberation Sans&apos;, sans-serif"/><style:font-face style:name="Noto Sans CJK SC Regular1" svg:font-family="&apos;Noto Sans CJK SC Regular&apos;"/><style:font-face style:name="FreeSans2" svg:font-family="FreeSans" style:font-family-generic="swiss"/><style:font-face style:name="Liberation Serif" svg:font-family="&apos;Liberation Serif&apos;" style:font-family-generic="roman" style:font-pitch="variable"/><style:font-face style:name="Thorndale" svg:font-family="Thorndale" style:font-family-generic="roman" style:font-pitch="variable"/><style:font-face style:name="Albany" svg:font-family="Albany" style:font-family-generic="swiss" style:font-pitch="variable"/><style:font-face style:name="FreeSans" svg:font-family="FreeSans" style:font-family-generic="system" style:font-pitch="variable"/><style:font-face style:name="Noto Sans CJK SC Regular" svg:font-family="&apos;Noto Sans CJK SC Regular&apos;" style:font-family-generic="system" style:font-pitch="variable"/></office:font-face-decls><office:automatic-styles><style:style style:name="P1" style:family="paragraph" style:parent-style-name="Heading_20_2"><style:paragraph-properties fo:line-height="150%"/><style:text-properties style:font-name="Liberation Sans" fo:font-size="12pt"/></style:style><style:style style:name="P2" style:family="paragraph" style:parent-style-name="Heading_20_2"><style:paragraph-properties fo:line-height="150%"/></style:style><style:style style:name="P3" style:family="paragraph" style:parent-style-name="Text_20_body" style:master-page-name="HTML"><style:paragraph-properties fo:margin-top="0cm" fo:margin-bottom="0cm" loext:contextual-spacing="false" fo:line-height="150%" fo:text-align="start" style:justify-single-word="false" style:page-number="auto"/></style:style><style:style style:name="P4" style:family="paragraph" style:parent-style-name="Text_20_body"><style:paragraph-properties fo:margin-top="0cm" fo:margin-bottom="0cm" loext:contextual-spacing="false" fo:line-height="150%" fo:text-align="justify" style:justify-single-word="false"/></style:style><style:style style:name="P5" style:family="paragraph" style:parent-style-name="Text_20_body"><style:paragraph-properties fo:margin-top="0cm" fo:margin-bottom="0cm" loext:contextual-spacing="false" fo:line-height="150%" fo:text-align="justify" style:justify-single-word="false"/><style:text-properties style:font-name="Liberation Sans" fo:font-size="12pt"/></style:style><style:style style:name="P6" style:family="paragraph" style:parent-style-name="Text_20_body"><style:paragraph-properties fo:margin-top="0cm" fo:margin-bottom="0cm" loext:contextual-spacing="false" fo:line-height="150%" fo:text-align="start" style:justify-single-word="false" fo:break-before="page"/></style:style><style:style style:name="T1" style:family="text"><style:text-properties style:font-name="Liberation Sans" fo:font-size="12pt"/></style:style><style:style style:name="T2" style:family="text"><style:text-properties style:font-name="Liberation Sans" fo:font-size="12pt" fo:font-weight="bold"/></style:style><style:style style:name="T3" style:family="text"><style:text-properties style:font-name="Liberation Sans" fo:font-size="12pt" fo:font-weight="normal"/></style:style><style:style style:name="T4" style:family="text"><style:text-properties fo:font-variant="normal" fo:text-transform="none"/></style:style><style:style style:name="T5" style:family="text"><style:text-properties fo:font-variant="normal" fo:text-transform="none" style:font-name="Liberation Sans" fo:font-size="12pt" fo:font-style="normal" fo:font-weight="normal"/></style:style><style:style style:name="T6" style:family="text"><style:text-properties fo:color="#000000"/></style:style><style:style style:name="T7" style:family="text"><style:text-properties fo:color="#000000" style:font-name="Liberation Sans" fo:font-size="12pt" fo:font-weight="normal"/></style:style><style:style style:name="T8" style:family="text"><style:text-properties fo:color="#000099" style:text-line-through-style="none" style:text-line-through-type="none" style:font-name="Liberation Sans" fo:font-size="12pt" style:text-underline-style="none" fo:font-weight="bold" style:text-blinking="false"/></style:style><style:style style:name="fr1" style:family="graphic" style:parent-style-name="Graphics"><style:graphic-properties style:wrap="right" style:number-wrapped-paragraphs="no-limit" style:wrap-contour="false" style:vertical-pos="top" style:vertical-rel="paragraph-content" style:horizontal-pos="left" style:horizontal-rel="paragraph" style:mirror="none" fo:clip="rect(0cm, 0cm, 0cm, 0cm)" draw:luminance="0%" draw:contrast="0%" draw:red="0%" draw:green="0%" draw:blue="0%" draw:gamma="100%" draw:color-inversion="false" draw:image-opacity="100%" draw:color-mode="standard"/></style:style><style:style style:name="Sect1" style:family="section"><style:section-properties style:writing-mode="lr-tb" style:editable="false"><style:columns fo:column-count="1" fo:column-gap="0cm"/></style:section-properties></style:style></office:automatic-styles><office:body><office:text text:use-soft-page-breaks="true"><text:sequence-decls><text:sequence-decl text:display-outline-level="0" text:name="Illustration"/><text:sequence-decl text:display-outline-level="0" text:name="Table"/><text:sequence-decl text:display-outline-level="0" text:name="Text"/><text:sequence-decl text:display-outline-level="0" text:name="Drawing"/></text:sequence-decls><text:section text:style-name="Sect1" text:name="texto"><text:p text:style-name="P3"><draw:frame draw:style-name="fr1" draw:name="Figura1" text:anchor-type="paragraph" svg:width="17.013cm" svg:height="24.897cm" draw:z-index="0"><draw:image xlink:href="Pictures/1000020100000A5D00000F2FEBB8C17F40AD2EF2.png" xlink:type="simple" xlink:show="embed" xlink:actuate="onLoad"/></draw:frame><office:annotation><dc:date>2018-07-29T09:36:58.868377786</dc:date><text:p>HTML: &lt;meta name=&quot;created&quot; content=&quot;00:00:00&quot;&gt;</text:p></office:annotation><office:annotation><dc:date>2018-07-29T09:36:58.868399382</dc:date><text:p>HTML: &lt;meta name=&quot;changed&quot; content=&quot;2018-07-29T09:14:32.507696545&quot;&gt;</text:p></office:annotation><office:annotation><dc:date>2018-07-29T09:36:58.868413853</dc:date><text:p>HTML: &lt;meta name=&quot;created&quot; content=&quot;00:00:00&quot;&gt;</text:p></office:annotation><office:annotation><dc:date>2018-07-29T09:36:58.868429036</dc:date><text:p>HTML: &lt;meta name=&quot;changed&quot; content=&quot;2018-07-29T07:57:51.515341053&quot;&gt;</text:p></office:annotation><office:annotation><dc:date>2018-07-29T09:36:58.868442593</dc:date><text:p>HTML: &lt;meta name=&quot;created&quot; content=&quot;00:00:00&quot;&gt;</text:p></office:annotation><office:annotation><dc:date>2018-07-29T09:36:58.868457584</dc:date><text:p>HTML: &lt;meta name=&quot;changed&quot; content=&quot;2018-07-29T07:50:40.535147238&quot;&gt;</text:p></office:annotation><office:annotation><dc:date>2018-07-29T09:36:58.868471137</dc:date><text:p>HTML: &lt;meta name=&quot;created&quot; content=&quot;00:00:00&quot;&gt;</text:p></office:annotation><office:annotation><dc:date>2018-07-29T09:36:58.868486167</dc:date><text:p>HTML: &lt;meta name=&quot;changed&quot; content=&quot;2018-07-24T06:45:48.572343596&quot;&gt;</text:p></office:annotation><office:annotation><dc:date>2018-07-29T09:36:58.868499699</dc:date><text:p>HTML: &lt;meta name=&quot;created&quot; content=&quot;00:00:00&quot;&gt;</text:p></office:annotation><office:annotation><dc:date>2018-07-29T09:36:58.868514057</dc:date><text:p>HTML: &lt;meta name=&quot;changed&quot; content=&quot;2018-07-23T18:34:16.901050327&quot;&gt;</text:p></office:annotation><office:annotation><dc:date>2018-07-29T09:36:58.868527663</dc:date><text:p>HTML: &lt;meta name=&quot;created&quot; content=&quot;00:00:00&quot;&gt;</text:p></office:annotation><office:annotation><dc:date>2018-07-29T09:36:58.868542586</dc:date><text:p>HTML: &lt;meta name=&quot;changed&quot; content=&quot;2018-07-23T18:31:43.843143274&quot;&gt;</text:p></office:annotation></text:p><text:p text:style-name="P6"><text:span text:style-name="Strong_20_Emphasis"><text:span text:style-name="T5"><office:annotation><dc:date>2018-07-29T09:37:00.145367463</dc:date><text:p>HTML: &lt;meta name=&quot;created&quot; content=&quot;00:00:00&quot;&gt;</text:p></office:annotation></text:span></text:span><text:span text:style-name="Strong_20_Emphasis"><text:span text:style-name="T5"><office:annotation><dc:date>2018-07-29T09:37:00.145380993</dc:date><text:p>HTML: &lt;meta name=&quot;changed&quot; content=&quot;2018-07-23T17:32:50.553594687&quot;&gt;</text:p></office:annotation></text:span></text:span><text:span text:style-name="Strong_20_Emphasis"><text:span text:style-name="T5"><office:annotation><dc:date>2018-07-29T09:37:00.145390610</dc:date><text:p>HTML: &lt;meta name=&quot;created&quot; content=&quot;00:00:00&quot;&gt;</text:p></office:annotation></text:span></text:span><text:span text:style-name="Strong_20_Emphasis"><text:span text:style-name="T5"><office:annotation><dc:date>2018-07-29T09:37:00.145400792</dc:date><text:p>HTML: &lt;meta name=&quot;changed&quot; content=&quot;2018-07-01T22:27:06.981242697&quot;&gt;</text:p></office:annotation></text:span></text:span><text:span text:style-name="Strong_20_Emphasis"><text:span text:style-name="T5"><office:annotation><dc:date>2018-07-29T09:37:00.145409799</dc:date><text:p>HTML: &lt;meta name=&quot;created&quot; content=&quot;00:00:00&quot;&gt;</text:p></office:annotation></text:span></text:span><text:span text:style-name="Strong_20_Emphasis"><text:span text:style-name="T5"><office:annotation><dc:date>2018-07-29T09:37:00.145419628</dc:date><text:p>HTML: &lt;meta name=&quot;changed&quot; content=&quot;2018-07-01T22:13:16.001692095&quot;&gt;</text:p></office:annotation></text:span></text:span><text:span text:style-name="Strong_20_Emphasis"><text:span text:style-name="T5"><office:annotation><dc:date>2018-07-29T09:37:00.145428683</dc:date><text:p>HTML: &lt;meta name=&quot;created&quot; content=&quot;00:00:00&quot;&gt;</text:p></office:annotation></text:span></text:span><text:span text:style-name="Strong_20_Emphasis"><text:span text:style-name="T5"><office:annotation><dc:date>2018-07-29T09:37:00.145437600</dc:date><text:p>HTML: &lt;meta name=&quot;changed&quot; content=&quot;00:00:00&quot;&gt;</text:p></office:annotation></text:span></text:span><text:span text:style-name="Strong_20_Emphasis"><text:span text:style-name="T5"><office:annotation><dc:date>2018-07-29T09:37:00.145446334</dc:date><text:p>HTML: &lt;meta name=&quot;created&quot; content=&quot;00:00:00&quot;&gt;</text:p></office:annotation></text:span></text:span><text:span text:style-name="Strong_20_Emphasis"><text:span text:style-name="T5"><office:annotation><dc:date>2018-07-29T09:37:00.145456067</dc:date><text:p>HTML: &lt;meta name=&quot;changed&quot; content=&quot;2018-06-29T22:40:27.905434121&quot;&gt;</text:p></office:annotation></text:span></text:span><text:span text:style-name="Strong_20_Emphasis"><text:span text:style-name="T5"><office:annotation><dc:date>2018-07-29T09:37:00.145464804</dc:date><text:p>HTML: &lt;meta name=&quot;created&quot; content=&quot;00:00:00&quot;&gt;</text:p></office:annotation></text:span></text:span><text:span text:style-name="Strong_20_Emphasis"><text:span text:style-name="T5"><office:annotation><dc:date>2018-07-29T09:37:00.145474604</dc:date><text:p>HTML: &lt;meta name=&quot;changed&quot; content=&quot;2018-06-29T22:19:54.818236607&quot;&gt;</text:p></office:annotation></text:span></text:span><text:span text:style-name="Strong_20_Emphasis"><text:span text:style-name="T5"><office:annotation><dc:date>2018-07-29T09:37:00.145483219</dc:date><text:p>HTML: &lt;meta name=&quot;created&quot; content=&quot;00:00:00&quot;&gt;</text:p></office:annotation></text:span></text:span><text:span text:style-name="Strong_20_Emphasis"><text:span text:style-name="T5"><office:annotation><dc:date>2018-07-29T09:37:00.145493641</dc:date><text:p>HTML: &lt;meta name=&quot;changed&quot; content=&quot;2018-06-29T16:48:09.289221502&quot;&gt;</text:p></office:annotation></text:span></text:span><text:span text:style-name="Strong_20_Emphasis"><text:span text:style-name="T5"><office:annotation><dc:date>2018-07-29T09:37:00.145502382</dc:date><text:p>HTML: &lt;meta name=&quot;created&quot; content=&quot;00:00:00&quot;&gt;</text:p></office:annotation></text:span></text:span><text:span text:style-name="Strong_20_Emphasis"><text:span text:style-name="T5"><office:annotation><dc:date>2018-07-29T09:37:00.145511782</dc:date><text:p>HTML: &lt;meta name=&quot;changed&quot; content=&quot;2018-06-28T13:04:28.492733451&quot;&gt;</text:p></office:annotation></text:span></text:span><text:span text:style-name="Strong_20_Emphasis"><text:span text:style-name="T5"><office:annotation><dc:date>2018-07-29T09:37:00.145520521</dc:date><text:p>HTML: &lt;meta name=&quot;created&quot; content=&quot;00:00:00&quot;&gt;</text:p></office:annotation></text:span></text:span><text:span text:style-name="Strong_20_Emphasis"><text:span text:style-name="T5"><office:annotation><dc:date>2018-07-29T09:37:00.145529980</dc:date><text:p>HTML: &lt;meta name=&quot;changed&quot; content=&quot;2018-06-26T16:14:44.639882738&quot;&gt;</text:p></office:annotation></text:span></text:span><text:span text:style-name="Strong_20_Emphasis"><text:span text:style-name="T5"><office:annotation><dc:date>2018-07-29T09:37:00.145538353</dc:date><text:p>HTML: &lt;meta name=&quot;created&quot; content=&quot;00:00:00&quot;&gt;</text:p></office:annotation></text:span></text:span><text:span text:style-name="Strong_20_Emphasis"><text:span text:style-name="T5"><office:annotation><dc:date>2018-07-29T09:37:00.145547837</dc:date><text:p>HTML: &lt;meta name=&quot;changed&quot; content=&quot;2018-06-26T00:07:28.897913089&quot;&gt;</text:p></office:annotation></text:span></text:span><text:span text:style-name="Strong_20_Emphasis"><text:span text:style-name="T5"><office:annotation><dc:date>2018-07-29T09:37:00.145556244</dc:date><text:p>HTML: &lt;meta name=&quot;created&quot; content=&quot;00:00:00&quot;&gt;</text:p></office:annotation></text:span></text:span><text:span text:style-name="Strong_20_Emphasis"><text:span text:style-name="T5"><office:annotation><dc:date>2018-07-29T09:37:00.145565718</dc:date><text:p>HTML: &lt;meta name=&quot;changed&quot; content=&quot;2018-06-25T20:14:42.039332923&quot;&gt;</text:p></office:annotation></text:span></text:span><text:span text:style-name="Strong_20_Emphasis"><text:span text:style-name="T5"><office:annotation><dc:date>2018-07-29T09:37:00.145574416</dc:date><text:p>HTML: &lt;meta name=&quot;created&quot; content=&quot;00:00:00&quot;&gt;</text:p></office:annotation></text:span></text:span><text:span text:style-name="Strong_20_Emphasis"><text:span text:style-name="T5"><office:annotation><dc:date>2018-07-29T09:37:00.145583830</dc:date><text:p>HTML: &lt;meta name=&quot;changed&quot; content=&quot;2018-06-24T22:32:07.411315002&quot;&gt;</text:p></office:annotation></text:span></text:span><text:span text:style-name="Strong_20_Emphasis"><text:span text:style-name="T5"><office:annotation><dc:date>2018-07-29T09:37:00.145592596</dc:date><text:p>HTML: &lt;meta name=&quot;created&quot; content=&quot;00:00:00&quot;&gt;</text:p></office:annotation></text:span></text:span><text:span text:style-name="Strong_20_Emphasis"><text:span text:style-name="T5"><office:annotation><dc:date>2018-07-29T09:37:00.145602136</dc:date><text:p>HTML: &lt;meta name=&quot;changed&quot; content=&quot;2018-06-24T15:42:01.493043692&quot;&gt;</text:p></office:annotation></text:span></text:span><text:span text:style-name="Strong_20_Emphasis"><text:span text:style-name="T5"><office:annotation><dc:date>2018-07-29T09:37:00.145610682</dc:date><text:p>HTML: &lt;meta name=&quot;created&quot; content=&quot;00:00:00&quot;&gt;</text:p></office:annotation></text:span></text:span><text:span text:style-name="Strong_20_Emphasis"><text:span text:style-name="T5"><office:annotation><dc:date>2018-07-29T09:37:00.145620214</dc:date><text:p>HTML: &lt;meta name=&quot;changed&quot; content=&quot;2018-06-24T09:30:05.416727667&quot;&gt;</text:p></office:annotation></text:span></text:span><text:span text:style-name="Strong_20_Emphasis"><text:span text:style-name="T5"><office:annotation><dc:date>2018-07-29T09:37:00.145628875</dc:date><text:p>HTML: &lt;meta name=&quot;created&quot; content=&quot;00:00:00&quot;&gt;</text:p></office:annotation></text:span></text:span><text:span text:style-name="Strong_20_Emphasis"><text:span text:style-name="T5"><office:annotation><dc:date>2018-07-29T09:37:00.145638322</dc:date><text:p>HTML: &lt;meta name=&quot;changed&quot; content=&quot;2018-06-23T16:36:03.100363804&quot;&gt;</text:p></office:annotation></text:span></text:span><text:span text:style-name="Strong_20_Emphasis"><text:span text:style-name="T5"><office:annotation><dc:date>2018-07-29T09:37:00.145646910</dc:date><text:p>HTML: &lt;meta name=&quot;created&quot; content=&quot;00:00:00&quot;&gt;</text:p></office:annotation></text:span></text:span><text:span text:style-name="Strong_20_Emphasis"><text:span text:style-name="T5"><office:annotation><dc:date>2018-07-29T09:37:00.145656164</dc:date><text:p>HTML: &lt;meta name=&quot;changed&quot; content=&quot;2018-06-23T11:36:03.222001170&quot;&gt;</text:p></office:annotation></text:span></text:span><text:span text:style-name="Strong_20_Emphasis"><text:span text:style-name="T5"><office:annotation><dc:date>2018-07-29T09:37:00.145683708</dc:date><text:p>HTML: &lt;meta name=&quot;created&quot; content=&quot;00:00:00&quot;&gt;</text:p></office:annotation></text:span></text:span><text:span text:style-name="Strong_20_Emphasis"><text:span text:style-name="T5"><office:annotation><dc:date>2018-07-29T09:37:00.145694049</dc:date><text:p>HTML: &lt;meta name=&quot;changed&quot; content=&quot;2018-06-21T23:23:09.057807835&quot;&gt;</text:p></office:annotation></text:span></text:span><text:span text:style-name="Strong_20_Emphasis"><text:span text:style-name="T5"><office:annotation><dc:date>2018-07-29T09:37:00.145702953</dc:date><text:p>HTML: &lt;meta name=&quot;created&quot; content=&quot;00:00:00&quot;&gt;</text:p></office:annotation></text:span></text:span><text:span text:style-name="Strong_20_Emphasis"><text:span text:style-name="T5"><office:annotation><dc:date>2018-07-29T09:37:00.145712597</dc:date><text:p>HTML: &lt;meta name=&quot;changed&quot; content=&quot;2018-06-21T17:55:17.865393136&quot;&gt;</text:p></office:annotation></text:span></text:span><text:span text:style-name="Strong_20_Emphasis"><text:span text:style-name="T5"><office:annotation><dc:date>2018-07-29T09:37:00.145721347</dc:date><text:p>HTML: &lt;meta name=&quot;created&quot; content=&quot;00:00:00&quot;&gt;</text:p></office:annotation></text:span></text:span><text:span text:style-name="Strong_20_Emphasis"><text:span text:style-name="T5"><office:annotation><dc:date>2018-07-29T09:37:00.145730811</dc:date><text:p>HTML: &lt;meta name=&quot;changed&quot; content=&quot;2018-06-21T12:21:22.763521742&quot;&gt;</text:p></office:annotation></text:span></text:span><text:span text:style-name="Strong_20_Emphasis"><text:span text:style-name="T5"><office:annotation><dc:date>2018-07-29T09:37:00.145739574</dc:date><text:p>HTML: &lt;meta name=&quot;created&quot; content=&quot;00:00:00&quot;&gt;</text:p></office:annotation></text:span></text:span><text:span text:style-name="Strong_20_Emphasis"><text:span text:style-name="T5"><office:annotation><dc:date>2018-07-29T09:37:00.145749015</dc:date><text:p>HTML: &lt;meta name=&quot;changed&quot; content=&quot;2018-06-20T18:34:19.830157535&quot;&gt;</text:p></office:annotation></text:span></text:span><text:span text:style-name="Strong_20_Emphasis"><text:span text:style-name="T5"><office:annotation><dc:date>2018-07-29T09:37:00.145757767</dc:date><text:p>HTML: &lt;meta name=&quot;created&quot; content=&quot;00:00:00&quot;&gt;</text:p></office:annotation></text:span></text:span><text:span text:style-name="Strong_20_Emphasis"><text:span text:style-name="T5"><office:annotation><dc:date>2018-07-29T09:37:00.145767493</dc:date><text:p>HTML: &lt;meta name=&quot;changed&quot; content=&quot;2018-06-19T12:54:18.844691454&quot;&gt;</text:p></office:annotation></text:span></text:span><text:span text:style-name="Strong_20_Emphasis"><text:span text:style-name="T5"><office:annotation><dc:date>2018-07-29T09:37:00.145775996</dc:date><text:p>HTML: &lt;meta name=&quot;created&quot; content=&quot;00:00:00&quot;&gt;</text:p></office:annotation></text:span></text:span><text:span text:style-name="Strong_20_Emphasis"><text:span text:style-name="T5"><office:annotation><dc:date>2018-07-29T09:37:00.145785477</dc:date><text:p>HTML: &lt;meta name=&quot;changed&quot; content=&quot;2018-06-18T23:20:12.738581285&quot;&gt;</text:p></office:annotation></text:span></text:span><text:span text:style-name="Strong_20_Emphasis"><text:span text:style-name="T5"><office:annotation><dc:date>2018-07-29T09:37:00.145793887</dc:date><text:p>HTML: &lt;meta name=&quot;created&quot; content=&quot;00:00:00&quot;&gt;</text:p></office:annotation></text:span></text:span><text:span text:style-name="Strong_20_Emphasis"><text:span text:style-name="T5"><office:annotation><dc:date>2018-07-29T09:37:00.145803546</dc:date><text:p>HTML: &lt;meta name=&quot;changed&quot; content=&quot;2018-06-18T20:39:37.890329984&quot;&gt;</text:p></office:annotation></text:span></text:span><text:span text:style-name="Strong_20_Emphasis"><text:span text:style-name="T5"><office:annotation><dc:date>2018-07-29T09:37:00.145812067</dc:date><text:p>HTML: &lt;meta name=&quot;created&quot; content=&quot;00:00:00&quot;&gt;</text:p></office:annotation></text:span></text:span><text:span text:style-name="Strong_20_Emphasis"><text:span text:style-name="T5"><office:annotation><dc:date>2018-07-29T09:37:00.145821849</dc:date><text:p>HTML: &lt;meta name=&quot;changed&quot; content=&quot;2018-06-18T12:45:23.879199387&quot;&gt;</text:p></office:annotation></text:span></text:span><text:span text:style-name="Strong_20_Emphasis"><text:span text:style-name="T5"><office:annotation><dc:date>2018-07-29T09:37:00.145830566</dc:date><text:p>HTML: &lt;meta name=&quot;created&quot; content=&quot;00:00:00&quot;&gt;</text:p></office:annotation></text:span></text:span><text:span text:style-name="Strong_20_Emphasis"><text:span text:style-name="T5"><office:annotation><dc:date>2018-07-29T09:37:00.145840043</dc:date><text:p>HTML: &lt;meta name=&quot;changed&quot; content=&quot;2018-06-17T20:02:02.143589569&quot;&gt;</text:p></office:annotation></text:span></text:span><text:span text:style-name="Strong_20_Emphasis"><text:span text:style-name="T5"><office:annotation><dc:date>2018-07-29T09:37:00.145848766</dc:date><text:p>HTML: &lt;meta name=&quot;created&quot; content=&quot;00:00:00&quot;&gt;</text:p></office:annotation></text:span></text:span><text:span text:style-name="Strong_20_Emphasis"><text:span text:style-name="T5"><office:annotation><dc:date>2018-07-29T09:37:00.145858123</dc:date><text:p>HTML: &lt;meta name=&quot;changed&quot; content=&quot;2018-06-17T19:45:54.789583280&quot;&gt;</text:p></office:annotation></text:span></text:span><text:span text:style-name="Strong_20_Emphasis"><text:span text:style-name="T5"><office:annotation><dc:date>2018-07-29T09:37:00.145866660</dc:date><text:p>HTML: &lt;meta name=&quot;created&quot; content=&quot;00:00:00&quot;&gt;</text:p></office:annotation></text:span></text:span><text:span text:style-name="Strong_20_Emphasis"><text:span text:style-name="T5"><office:annotation><dc:date>2018-07-29T09:37:00.145876324</dc:date><text:p>HTML: &lt;meta name=&quot;changed&quot; content=&quot;2018-06-16T15:19:53.989201345&quot;&gt;</text:p></office:annotation></text:span></text:span><text:span text:style-name="Strong_20_Emphasis"><text:span text:style-name="T5"><office:annotation><dc:date>2018-07-29T09:37:00.145884846</dc:date><text:p>HTML: &lt;meta name=&quot;created&quot; content=&quot;00:00:00&quot;&gt;</text:p></office:annotation></text:span></text:span><text:span text:style-name="Strong_20_Emphasis"><text:span text:style-name="T5"><office:annotation><dc:date>2018-07-29T09:37:00.145894316</dc:date><text:p>HTML: &lt;meta name=&quot;changed&quot; content=&quot;2018-06-16T13:50:44.432862129&quot;&gt;</text:p></office:annotation></text:span></text:span><text:span text:style-name="Strong_20_Emphasis"><text:span text:style-name="T5"><office:annotation><dc:date>2018-07-29T09:37:00.145902990</dc:date><text:p>HTML: &lt;meta name=&quot;created&quot; content=&quot;00:00:00&quot;&gt;</text:p></office:annotation></text:span></text:span><text:span text:style-name="Strong_20_Emphasis"><text:span text:style-name="T5"><office:annotation><dc:date>2018-07-29T09:37:00.145912552</dc:date><text:p>HTML: &lt;meta name=&quot;changed&quot; content=&quot;2018-06-16T10:49:58.030689160&quot;&gt;</text:p></office:annotation></text:span></text:span><text:span text:style-name="Strong_20_Emphasis"><text:span text:style-name="T5"><office:annotation><dc:date>2018-07-29T09:37:00.145921368</dc:date><text:p>HTML: &lt;meta name=&quot;created&quot; content=&quot;00:00:00&quot;&gt;</text:p></office:annotation></text:span></text:span><text:span text:style-name="Strong_20_Emphasis"><text:span text:style-name="T5"><office:annotation><dc:date>2018-07-29T09:37:00.145930770</dc:date><text:p>HTML: &lt;meta name=&quot;changed&quot; content=&quot;2018-06-15T13:05:31.693854059&quot;&gt;</text:p></office:annotation></text:span></text:span><text:span text:style-name="Strong_20_Emphasis"><text:span text:style-name="T5"><office:annotation><dc:date>2018-07-29T09:37:00.145941018</dc:date><text:p>HTML: &lt;meta name=&quot;changed&quot; content=&quot;2018-06-15T16:46:54.538249678&quot;&gt;</text:p></office:annotation></text:span></text:span><text:span text:style-name="Strong_20_Emphasis"><text:span text:style-name="T5"><office:annotation><dc:date>2018-07-29T09:37:00.145949544</dc:date><text:p>HTML: &lt;meta name=&quot;created&quot; content=&quot;00:00:00&quot;&gt;</text:p></office:annotation></text:span></text:span><text:span text:style-name="Strong_20_Emphasis"><text:span text:style-name="T5"><office:annotation><dc:date>2018-07-29T09:37:00.145959109</dc:date><text:p>HTML: &lt;meta name=&quot;changed&quot; content=&quot;2018-06-14T22:55:38.007259856&quot;&gt;</text:p></office:annotation></text:span></text:span><text:span text:style-name="Strong_20_Emphasis"><text:span text:style-name="T5"><office:annotation><dc:date>2018-07-29T09:37:00.145967965</dc:date><text:p>HTML: &lt;meta name=&quot;created&quot; content=&quot;00:00:00&quot;&gt;</text:p></office:annotation></text:span></text:span><text:span text:style-name="Strong_20_Emphasis"><text:span text:style-name="T5"><office:annotation><dc:date>2018-07-29T09:37:00.145977384</dc:date><text:p>HTML: &lt;meta name=&quot;changed&quot; content=&quot;2018-06-14T20:52:51.033526204&quot;&gt;</text:p></office:annotation></text:span></text:span><text:span text:style-name="Strong_20_Emphasis"><text:span text:style-name="T5"><office:annotation><dc:date>2018-07-29T09:37:00.145986772</dc:date><text:p>HTML: &lt;meta name=&quot;created&quot; content=&quot;00:00:00&quot;&gt;</text:p></office:annotation></text:span></text:span><text:span text:style-name="Strong_20_Emphasis"><text:span text:style-name="T5"><office:annotation><dc:date>2018-07-29T09:37:00.145996335</dc:date><text:p>HTML: &lt;meta name=&quot;changed&quot; content=&quot;2018-06-14T17:27:12.577284577&quot;&gt;</text:p></office:annotation></text:span></text:span><text:span text:style-name="Strong_20_Emphasis"><text:span text:style-name="T5"><office:annotation><dc:date>2018-07-29T09:37:00.146005198</dc:date><text:p>HTML: &lt;meta name=&quot;created&quot; content=&quot;00:00:00&quot;&gt;</text:p></office:annotation></text:span></text:span><text:span text:style-name="Strong_20_Emphasis"><text:span text:style-name="T5"><office:annotation><dc:date>2018-07-29T09:37:00.146014745</dc:date><text:p>HTML: &lt;meta name=&quot;changed&quot; content=&quot;2018-06-14T12:58:12.332824081&quot;&gt;</text:p></office:annotation></text:span></text:span><text:span text:style-name="Strong_20_Emphasis"><text:span text:style-name="T5"><office:annotation><dc:date>2018-07-29T09:37:00.146023323</dc:date><text:p>HTML: &lt;meta name=&quot;created&quot; content=&quot;00:00:00&quot;&gt;</text:p></office:annotation></text:span></text:span><text:span text:style-name="Strong_20_Emphasis"><text:span text:style-name="T5"><office:annotation><dc:date>2018-07-29T09:37:00.146032803</dc:date><text:p>HTML: &lt;meta name=&quot;changed&quot; content=&quot;2018-06-14T07:07:38.845049501&quot;&gt;</text:p></office:annotation></text:span></text:span><text:span text:style-name="Strong_20_Emphasis"><text:span text:style-name="T5"><office:annotation><dc:date>2018-07-29T09:37:00.146041203</dc:date><text:p>HTML: &lt;meta name=&quot;created&quot; content=&quot;00:00:00&quot;&gt;</text:p></office:annotation></text:span></text:span><text:span text:style-name="Strong_20_Emphasis"><text:span text:style-name="T5"><office:annotation><dc:date>2018-07-29T09:37:00.146050488</dc:date><text:p>HTML: &lt;meta name=&quot;changed&quot; content=&quot;2018-06-13T22:59:08.975991996&quot;&gt;</text:p></office:annotation></text:span></text:span><text:span text:style-name="Strong_20_Emphasis"><text:span text:style-name="T5"><office:annotation><dc:date>2018-07-29T09:37:00.146059063</dc:date><text:p>HTML: &lt;meta name=&quot;created&quot; content=&quot;00:00:00&quot;&gt;</text:p></office:annotation></text:span></text:span><text:span text:style-name="Strong_20_Emphasis"><text:span text:style-name="T5"><office:annotation><dc:date>2018-07-29T09:37:00.146068324</dc:date><text:p>HTML: &lt;meta name=&quot;changed&quot; content=&quot;2018-06-13T20:26:03.305702553&quot;&gt;</text:p></office:annotation></text:span></text:span><text:span text:style-name="Strong_20_Emphasis"><text:span text:style-name="T5"><office:annotation><dc:date>2018-07-29T09:37:00.146076922</dc:date><text:p>HTML: &lt;meta name=&quot;created&quot; content=&quot;00:00:00&quot;&gt;</text:p></office:annotation></text:span></text:span><text:span text:style-name="Strong_20_Emphasis"><text:span text:style-name="T5"><office:annotation><dc:date>2018-07-29T09:37:00.146086242</dc:date><text:p>HTML: &lt;meta name=&quot;changed&quot; content=&quot;2018-06-12T12:28:00.714637591&quot;&gt;</text:p></office:annotation></text:span></text:span><text:span text:style-name="Strong_20_Emphasis"><text:span text:style-name="T5"><office:annotation><dc:date>2018-07-29T09:37:00.146094814</dc:date><text:p>HTML: &lt;meta name=&quot;created&quot; content=&quot;00:00:00&quot;&gt;</text:p></office:annotation></text:span></text:span><text:span text:style-name="Strong_20_Emphasis"><text:span text:style-name="T5"><office:annotation><dc:date>2018-07-29T09:37:00.146104201</dc:date><text:p>HTML: &lt;meta name=&quot;changed&quot; content=&quot;2018-06-11T22:59:09.625284365&quot;&gt;</text:p></office:annotation></text:span></text:span><text:span text:style-name="Strong_20_Emphasis"><text:span text:style-name="T5"><office:annotation><dc:date>2018-07-29T09:37:00.146113712</dc:date><text:p>HTML: &lt;meta name=&quot;created&quot; content=&quot;2018-06-11T22:51:04.642681485&quot;&gt;</text:p></office:annotation></text:span></text:span><text:span text:style-name="Strong_20_Emphasis"><text:span text:style-name="T5"><office:annotation><dc:date>2018-07-29T09:37:00.146123012</dc:date><text:p>HTML: &lt;meta name=&quot;changed&quot; content=&quot;2018-06-11T22:52:11.240135258&quot;&gt;</text:p></office:annotation></text:span></text:span><text:span text:style-name="Strong_20_Emphasis"><text:span text:style-name="T5">Título: </text:span></text:span><text:span text:style-name="Strong_20_Emphasis"><text:span text:style-name="T5"><office:annotation><dc:date>2018-07-29T09:37:00.146202291</dc:date><text:p>HTML: &lt;meta name=&quot;created&quot; content=&quot;00:00:00&quot;&gt;</text:p></office:annotation></text:span></text:span><text:span text:style-name="Strong_20_Emphasis"><text:span text:style-name="T5"><office:annotation><dc:date>2018-07-29T09:37:00.146213111</dc:date><text:p>HTML: &lt;meta name=&quot;changed&quot; content=&quot;2018-06-14T22:55:38.007259856&quot;&gt;</text:p></office:annotation></text:span></text:span><text:span text:style-name="Strong_20_Emphasis"><text:span text:style-name="T5"><office:annotation><dc:date>2018-07-29T09:37:00.146222078</dc:date><text:p>HTML: &lt;meta name=&quot;created&quot; content=&quot;00:00:00&quot;&gt;</text:p></office:annotation></text:span></text:span><text:span text:style-name="Strong_20_Emphasis"><text:span text:style-name="T5"><office:annotation><dc:date>2018-07-29T09:37:00.146231895</dc:date><text:p>HTML: &lt;meta name=&quot;changed&quot; content=&quot;2018-06-14T20:52:51.033526204&quot;&gt;</text:p></office:annotation></text:span></text:span><text:span text:style-name="Strong_20_Emphasis"><text:span text:style-name="T5"><office:annotation><dc:date>2018-07-29T09:37:00.146240720</dc:date><text:p>HTML: &lt;meta name=&quot;created&quot; content=&quot;00:00:00&quot;&gt;</text:p></office:annotation></text:span></text:span><text:span text:style-name="Strong_20_Emphasis"><text:span text:style-name="T5"><office:annotation><dc:date>2018-07-29T09:37:00.146250329</dc:date><text:p>HTML: &lt;meta name=&quot;changed&quot; content=&quot;2018-06-14T17:27:12.577284577&quot;&gt;</text:p></office:annotation></text:span></text:span><text:span text:style-name="Strong_20_Emphasis"><text:span text:style-name="T5"><office:annotation><dc:date>2018-07-29T09:37:00.146259224</dc:date><text:p>HTML: &lt;meta name=&quot;created&quot; content=&quot;00:00:00&quot;&gt;</text:p></office:annotation></text:span></text:span><text:span text:style-name="Strong_20_Emphasis"><text:span text:style-name="T5"><office:annotation><dc:date>2018-07-29T09:37:00.146269202</dc:date><text:p>HTML: &lt;meta name=&quot;changed&quot; content=&quot;2018-06-14T12:58:12.332824081&quot;&gt;</text:p></office:annotation></text:span></text:span><text:span text:style-name="Strong_20_Emphasis"><text:span text:style-name="T5"><office:annotation><dc:date>2018-07-29T09:37:00.146277807</dc:date><text:p>HTML: &lt;meta name=&quot;created&quot; content=&quot;00:00:00&quot;&gt;</text:p></office:annotation></text:span></text:span><text:span text:style-name="Strong_20_Emphasis"><text:span text:style-name="T5"><office:annotation><dc:date>2018-07-29T09:37:00.146287386</dc:date><text:p>HTML: &lt;meta name=&quot;changed&quot; content=&quot;2018-06-14T07:07:38.845049501&quot;&gt;</text:p></office:annotation></text:span></text:span><text:span text:style-name="Strong_20_Emphasis"><text:span text:style-name="T5"><office:annotation><dc:date>2018-07-29T09:37:00.146295889</dc:date><text:p>HTML: &lt;meta name=&quot;created&quot; content=&quot;00:00:00&quot;&gt;</text:p></office:annotation></text:span></text:span><text:span text:style-name="Strong_20_Emphasis"><text:span text:style-name="T5"><office:annotation><dc:date>2018-07-29T09:37:00.146305476</dc:date><text:p>HTML: &lt;meta name=&quot;changed&quot; content=&quot;2018-06-13T22:59:08.975991996&quot;&gt;</text:p></office:annotation></text:span></text:span><text:span text:style-name="Strong_20_Emphasis"><text:span text:style-name="T5"><office:annotation><dc:date>2018-07-29T09:37:00.146314013</dc:date><text:p>HTML: &lt;meta name=&quot;created&quot; content=&quot;00:00:00&quot;&gt;</text:p></office:annotation></text:span></text:span><text:span text:style-name="Strong_20_Emphasis"><text:span text:style-name="T5"><office:annotation><dc:date>2018-07-29T09:37:00.146323661</dc:date><text:p>HTML: &lt;meta name=&quot;changed&quot; content=&quot;2018-06-13T20:26:03.305702553&quot;&gt;</text:p></office:annotation></text:span></text:span><text:span text:style-name="Strong_20_Emphasis"><text:span text:style-name="T5"><office:annotation><dc:date>2018-07-29T09:37:00.146332264</dc:date><text:p>HTML: &lt;meta name=&quot;created&quot; content=&quot;00:00:00&quot;&gt;</text:p></office:annotation></text:span></text:span><text:span text:style-name="Strong_20_Emphasis"><text:span text:style-name="T5"><office:annotation><dc:date>2018-07-29T09:37:00.146342012</dc:date><text:p>HTML: &lt;meta name=&quot;changed&quot; content=&quot;2018-06-12T12:28:00.714637591&quot;&gt;</text:p></office:annotation></text:span></text:span><text:span text:style-name="Strong_20_Emphasis"><text:span text:style-name="T5"><office:annotation><dc:date>2018-07-29T09:37:00.146350581</dc:date><text:p>HTML: &lt;meta name=&quot;created&quot; content=&quot;00:00:00&quot;&gt;</text:p></office:annotation></text:span></text:span><text:span text:style-name="Strong_20_Emphasis"><text:span text:style-name="T5"><office:annotation><dc:date>2018-07-29T09:37:00.146360381</dc:date><text:p>HTML: &lt;meta name=&quot;changed&quot; content=&quot;2018-06-11T22:59:09.625284365&quot;&gt;</text:p></office:annotation></text:span></text:span><text:span text:style-name="Strong_20_Emphasis"><text:span text:style-name="T5"><office:annotation><dc:date>2018-07-29T09:37:00.146369826</dc:date><text:p>HTML: &lt;meta name=&quot;created&quot; content=&quot;2018-06-11T22:51:04.642681485&quot;&gt;</text:p></office:annotation></text:span></text:span><text:span text:style-name="Strong_20_Emphasis"><text:span text:style-name="T5"><office:annotation><dc:date>2018-07-29T09:37:00.146379374</dc:date><text:p>HTML: &lt;meta name=&quot;changed&quot; content=&quot;2018-06-11T22:52:11.240135258&quot;&gt;</text:p></office:annotation></text:span></text:span><text:span text:style-name="Strong_20_Emphasis"><text:span text:style-name="T5">CHAPTER A DAY (2 PEDRO)<text:line-break/>Autor: NORMAN</text:span></text:span><text:span text:style-name="Strong_20_Emphasis"><text:span text:style-name="T4"> </text:span></text:span><text:span text:style-name="Strong_20_Emphasis"><text:span text:style-name="T5">BERRY </text:span></text:span><text:span text:style-name="Strong_20_Emphasis"><text:span text:style-name="T2"><text:line-break/><text:line-break/></text:span></text:span><text:span text:style-name="Strong_20_Emphasis"><text:span text:style-name="T7">Literaturas em formato</text:span></text:span><text:span text:style-name="Strong_20_Emphasis"><text:span text:style-name="T6"> </text:span></text:span><text:span text:style-name="Strong_20_Emphasis"><text:span text:style-name="T7">digital:<text:line-break/></text:span></text:span><text:a xlink:type="simple" xlink:href="http://www.acervodigitalcristao.com.br/" text:style-name="Internet_20_link" text:visited-style-name="Visited_20_Internet_20_Link"><text:span text:style-name="Strong_20_Emphasis"><text:span text:style-name="T2">www.acervodigitalcristao.com.br</text:span></text:span></text:a><text:span text:style-name="Strong_20_Emphasis"><text:span text:style-name="T8"><text:line-break/><text:line-break/></text:span></text:span><text:span text:style-name="Strong_20_Emphasis"><text:span text:style-name="T3">Literaturas em formato</text:span></text:span><text:span text:style-name="Strong_20_Emphasis"> </text:span><text:span text:style-name="Strong_20_Emphasis"><text:span text:style-name="T3">Impresso:<text:line-break/></text:span></text:span><text:a xlink:type="simple" xlink:href="http://www.verdadesvivas.com.br/" text:style-name="Internet_20_link" text:visited-style-name="Visited_20_Internet_20_Link"><text:span text:style-name="Strong_20_Emphasis"><text:span text:style-name="T2">www.verdadesvivas.com.br</text:span></text:span></text:a><text:span text:style-name="Strong_20_Emphasis"><text:span text:style-name="T8"><text:line-break/><text:line-break/></text:span></text:span><text:span text:style-name="Strong_20_Emphasis"><text:span text:style-name="T3">Evangelho em 03 Minutos:</text:span></text:span><text:span text:style-name="Strong_20_Emphasis"> </text:span><text:span text:style-name="Strong_20_Emphasis"><text:span text:style-name="T2"><text:line-break/></text:span></text:span><text:a xlink:type="simple" xlink:href="http://www.3minutos.net/" text:style-name="Internet_20_link" text:visited-style-name="Visited_20_Internet_20_Link"><text:span text:style-name="Strong_20_Emphasis"><text:span text:style-name="T2">www.3minutos.net</text:span></text:span></text:a><text:span text:style-name="Strong_20_Emphasis"><text:span text:style-name="T8"><text:line-break/><text:line-break/></text:span></text:span><text:span text:style-name="Strong_20_Emphasis"><text:span text:style-name="T3">O que respondi:<text:line-break/></text:span></text:span><text:a xlink:type="simple" xlink:href="http://www.respondi.com.br/" text:style-name="Internet_20_link" text:visited-style-name="Visited_20_Internet_20_Link"><text:span text:style-name="Strong_20_Emphasis"><text:span text:style-name="T2">www.respondi.com.br</text:span></text:span></text:a></text:p><text:section text:style-name="Sect1" text:name="Sumário1"><text:p text:style-name="Text_20_body"><text:soft-page-break/></text:p></text:section><text:h text:style-name="P1" text:outline-level="2"><text:bookmark text:name="__RefHeading___Toc701_1052241590"/>#349</text:h><text:p text:style-name="P4"/><text:p text:style-name="P4"><text:span text:style-name="T1">A única descrição biográfica que Jesus deu de Si próprio foi, &quot;Sou manso e humilde de coração&quot; (</text:span><text:a xlink:type="simple" xlink:href="http://mysword.info/b?r=Mat_11:29" text:style-name="Internet_20_link" text:visited-style-name="Visited_20_Internet_20_Link"><text:span text:style-name="T1">Mt 11:29</text:span></text:a><text:span text:style-name="T1">).</text:span></text:p><text:p text:style-name="P4"/><text:h text:style-name="P2" text:outline-level="2"><text:bookmark text:name="__RefHeading___Toc703_1052241590"/><text:a xlink:type="simple" xlink:href="http://mysword.info/b?r=2Pe_1:1-8" text:style-name="Internet_20_link" text:visited-style-name="Visited_20_Internet_20_Link"><text:span text:style-name="T1">2 PEDRO 1, Vers. 1-8</text:span></text:a></text:h><text:p text:style-name="P4"/><text:p text:style-name="P5">A segunda carta alerta principalmente contra aqueles que tentam fazer os verdadeiros crentes se desviarem de seguir ao Senhor. Hoje há muitos assim.</text:p><text:p text:style-name="P4"/><text:p text:style-name="P4"><text:a xlink:type="simple" xlink:href="http://mysword.info/b?r=2Pe_1:1-4" text:style-name="Internet_20_link" text:visited-style-name="Visited_20_Internet_20_Link"><text:span text:style-name="T1">2 Pd 1:1-4</text:span></text:a><text:span text:style-name="T1"> Isso é o que todo crente tem em Cristo. Leia cuidadosamente.</text:span></text:p><text:p text:style-name="P4"/><text:p text:style-name="P4"><text:a xlink:type="simple" xlink:href="http://mysword.info/b?r=2Pe_1:5" text:style-name="Internet_20_link" text:visited-style-name="Visited_20_Internet_20_Link"><text:span text:style-name="T1">2 Pd 1:5</text:span></text:a><text:span text:style-name="T1"> Nossa parte. Nossa responsabilidade (não para obtermos as bênçãos, mas porque as temos). O versículo 5 diz &quot;e além disso&quot; no sentido de &quot;pelo mesmo motivo que temos as bênçãos&quot; dos versículos </text:span><text:a xlink:type="simple" xlink:href="http://mysword.info/b?r=2Pe_1:3,4" text:style-name="Internet_20_link" text:visited-style-name="Visited_20_Internet_20_Link"><text:span text:style-name="T1">3 e 4</text:span></text:a><text:span text:style-name="T1">, agora devemos viver nelas. Se não alimentamos a velha vida (a velha natureza) ela fica fraca. O amor (caridade) será uma parte importante de nossa vida.</text:span></text:p><text:p text:style-name="P4"/><text:h text:style-name="P1" text:outline-level="2"><text:bookmark text:name="__RefHeading___Toc705_1052241590"/>#350</text:h><text:p text:style-name="P4"/><text:p text:style-name="P4"><text:span text:style-name="T1">É o espírito, não a mente que guia uma pessoa para o lugar onde Jesus está. A manifestação celestial é tão grande que todas as outras influências se desvanecem. Lucas </text:span><text:a xlink:type="simple" xlink:href="http://mysword.info/b?r=Luk_2:8-16" text:style-name="Internet_20_link" text:visited-style-name="Visited_20_Internet_20_Link"><text:span text:style-name="T1">2:8-16</text:span></text:a><text:span text:style-name="T1">.</text:span></text:p><text:p text:style-name="P4"/><text:h text:style-name="P2" text:outline-level="2"><text:bookmark text:name="__RefHeading___Toc707_1052241590"/><text:a xlink:type="simple" xlink:href="http://mysword.info/b?r=2Pe_1:9-21" text:style-name="Internet_20_link" text:visited-style-name="Visited_20_Internet_20_Link"><text:span text:style-name="T1">2 PEDRO 1, Vers. 9-21</text:span></text:a></text:h><text:p text:style-name="P4"/><text:p text:style-name="P4"><text:a xlink:type="simple" xlink:href="http://mysword.info/b?r=2Pe_1:9" text:style-name="Internet_20_link" text:visited-style-name="Visited_20_Internet_20_Link"><text:span text:style-name="T1">2 Pd 1:9</text:span></text:a><text:span text:style-name="T1"> Mas se estas coisas não fazem parte de nossa vida, então não podemos enxergar muito longe nas coisas de Deus. Olhamos para as coisas ao nosso redor.</text:span></text:p><text:p text:style-name="P4"/><text:p text:style-name="P4"><text:a xlink:type="simple" xlink:href="http://mysword.info/b?r=2Pe_1:11" text:style-name="Internet_20_link" text:visited-style-name="Visited_20_Internet_20_Link"><text:span text:style-name="T1">2 Pd 1:11</text:span></text:a><text:span text:style-name="T1"> Se formos crentes obedientes, então vamos ser felizes e estaremos aguardando para entrar no céu.</text:span></text:p><text:p text:style-name="P4"/><text:p text:style-name="P4"><text:a xlink:type="simple" xlink:href="http://mysword.info/b?r=2Pe_1:12-15" text:style-name="Internet_20_link" text:visited-style-name="Visited_20_Internet_20_Link"><text:span text:style-name="T1">2 Pd 1:12-15</text:span></text:a><text:span text:style-name="T1"> Pedro se alegrava em poder lembrá-los dessas coisas, mesmo que eles não as conhecessem. E precisamos ser lembrados disso vez após outra. Nos esquecemos logo.</text:span></text:p><text:p text:style-name="P4"/><text:p text:style-name="P4"><text:soft-page-break/><text:a xlink:type="simple" xlink:href="http://mysword.info/b?r=2Pe_1:17-18" text:style-name="Internet_20_link" text:visited-style-name="Visited_20_Internet_20_Link"><text:span text:style-name="T1">2 Pd 1:17-18</text:span></text:a><text:span text:style-name="T1"> A transfiguração do Senhor em </text:span><text:a xlink:type="simple" xlink:href="http://mysword.info/b?r=Mat_17" text:style-name="Internet_20_link" text:visited-style-name="Visited_20_Internet_20_Link"><text:span text:style-name="T1">Mt 17</text:span></text:a><text:span text:style-name="T1">.</text:span></text:p><text:p text:style-name="P4"/><text:p text:style-name="P4"><text:a xlink:type="simple" xlink:href="http://mysword.info/b?r=2Pe_1:19" text:style-name="Internet_20_link" text:visited-style-name="Visited_20_Internet_20_Link"><text:span text:style-name="T1">2 Pd 1:19</text:span></text:a><text:span text:style-name="T1"> A transfiguração tornou as profecias do Antigo Testamento mais certas para os crentes. A estrela da manhã aparece antes que o dia amanheça. Nas Escrituras, o nascer do sol é o Senhor Jesus vindo em glória no princípio do milênio. Mas a estrela da manhã é o Senhor Jesus vindo para os crentes antes do milênio.</text:span></text:p><text:p text:style-name="P4"/><text:p text:style-name="P4"><text:a xlink:type="simple" xlink:href="http://mysword.info/b?r=2Pe_1:20-21" text:style-name="Internet_20_link" text:visited-style-name="Visited_20_Internet_20_Link"><text:span text:style-name="T1">2 Pd 1:20-21</text:span></text:a><text:span text:style-name="T1"> Não podemos tomar apenas uma parte das Escrituras - devemos juntar tudo para obter o significado completo. Nenhuma profecia é explicada por si só. Mas não se esqueça de que toda profecia tem a ver com este mundo.</text:span></text:p><text:p text:style-name="P4"/><text:h text:style-name="P1" text:outline-level="2"><text:bookmark text:name="__RefHeading___Toc709_1052241590"/>#351</text:h><text:p text:style-name="P4"/><text:p text:style-name="P4"><text:span text:style-name="T1">A manifestação celestial, e não a mente, foi o que moveu os sábios. </text:span><text:a xlink:type="simple" xlink:href="http://mysword.info/b?r=Mat_2:1-11" text:style-name="Internet_20_link" text:visited-style-name="Visited_20_Internet_20_Link"><text:span text:style-name="T1">Mt 2:1-11</text:span></text:a></text:p><text:p text:style-name="P4"/><text:h text:style-name="P2" text:outline-level="2"><text:bookmark text:name="__RefHeading___Toc711_1052241590"/><text:a xlink:type="simple" xlink:href="http://mysword.info/b?r=2Pe_2" text:style-name="Internet_20_link" text:visited-style-name="Visited_20_Internet_20_Link"><text:span text:style-name="T1">2 PEDRO 2</text:span></text:a></text:h><text:p text:style-name="P4"/><text:p text:style-name="P5">Agora vêm os avisos contra os falsos mestres.</text:p><text:p text:style-name="P4"/><text:p text:style-name="P4"><text:a xlink:type="simple" xlink:href="http://mysword.info/b?r=2Pe_2:1" text:style-name="Internet_20_link" text:visited-style-name="Visited_20_Internet_20_Link"><text:span text:style-name="T1">2 Pd 2:1</text:span></text:a><text:span text:style-name="T1"> &quot;O Senhor que os resgatou&quot; não significa que eles sejam pessoas salvas, embora possam parecer que sejam, mas significa que o Senhor pagou o preço na cruz de modo que eles poderiam ser salvos se cressem. Meio confuso? </text:span><text:a xlink:type="simple" xlink:href="http://mysword.info/b?r=Mat_13:44,45" text:style-name="Internet_20_link" text:visited-style-name="Visited_20_Internet_20_Link"><text:span text:style-name="T1">Mt 13:44 e 45</text:span></text:a><text:span text:style-name="T1"> pode ajudar. O Senhor Jesus &quot;comprou&quot; o mundo a fim de poder &quot;redimir&quot; algumas das pessoas que havia no mundo. Muitas pessoas seriam enganadas pelos falsos mestres.</text:span></text:p><text:p text:style-name="P4"/><text:p text:style-name="P4"><text:a xlink:type="simple" xlink:href="http://mysword.info/b?r=2Pe_2:3" text:style-name="Internet_20_link" text:visited-style-name="Visited_20_Internet_20_Link"><text:span text:style-name="T1">2 Pd 2:3</text:span></text:a><text:span text:style-name="T1"> Mas o castigo iria alcançá-los!</text:span></text:p><text:p text:style-name="P4"/><text:p text:style-name="P4"><text:a xlink:type="simple" xlink:href="http://mysword.info/b?r=2Pe_2:4-10" text:style-name="Internet_20_link" text:visited-style-name="Visited_20_Internet_20_Link"><text:span text:style-name="T1">2 Pd 2:4-10</text:span></text:a><text:span text:style-name="T1"> Exemplos de coisas similares no passado. Os anjos que pecaram continuam hoje acorrentados e aguardando pelo juízo. No dilúvio, os ímpios não foram poupados. Depois veio Sodoma e Gomorra. Pode ter parecido na ocasião que aquelas cidades permaneceriam para sempre, mas o juízo veio.</text:span></text:p><text:p text:style-name="P4"/><text:p text:style-name="P4"><text:a xlink:type="simple" xlink:href="http://mysword.info/b?r=2Pe_2:9" text:style-name="Internet_20_link" text:visited-style-name="Visited_20_Internet_20_Link"><text:span text:style-name="T1">2 Pd 2:9</text:span></text:a><text:span text:style-name="T1"> O Senhor sabe como livrar os Seus! Não precisamos nos preocupar.</text:span></text:p><text:p text:style-name="P4"/><text:p text:style-name="P4"><text:a xlink:type="simple" xlink:href="http://mysword.info/b?r=2Pe_2:12-22" text:style-name="Internet_20_link" text:visited-style-name="Visited_20_Internet_20_Link"><text:span text:style-name="T1">2 Pd 2:12-22</text:span></text:a><text:span text:style-name="T1"> Descrição dos homens em posições religiosas e de poder nos dias de hoje.</text:span></text:p><text:p text:style-name="P4"/><text:p text:style-name="P4"><text:a xlink:type="simple" xlink:href="http://mysword.info/b?r=2Pe_2:20" text:style-name="Internet_20_link" text:visited-style-name="Visited_20_Internet_20_Link"><text:span text:style-name="T1">2 Pd 2:20</text:span></text:a><text:span text:style-name="T1"> Eles não têm desculpa. Pois aqui nos diz que escutaram a verdade por si próprios, e a rejeitaram. Teria sido muito melhor se nunca a tivessem escutado.</text:span></text:p><text:p text:style-name="P4"/><text:p text:style-name="P4"><text:soft-page-break/><text:a xlink:type="simple" xlink:href="http://mysword.info/b?r=2Pe_2:22" text:style-name="Internet_20_link" text:visited-style-name="Visited_20_Internet_20_Link"><text:span text:style-name="T1">2 Pd 2:22</text:span></text:a><text:span text:style-name="T1"> O cão e a porca, animais impuros, mostram que essas pessoas não estão salvas.</text:span></text:p><text:p text:style-name="P4"/><text:h text:style-name="P1" text:outline-level="2"><text:bookmark text:name="__RefHeading___Toc713_1052241590"/>#352</text:h><text:p text:style-name="P4"/><text:p text:style-name="P5">Não é por um homem ser letrado que ele é capaz de entrar nos pensamentos de Deus. Seja ele ignorante ou letrado, só existe uma maneira... para o olho enxergar o que se refere a Cristo. Onde quer que Cristo esteja firmemente fixado diante da alma, Ele Se torna a luz para a inteligência espiritual.</text:p><text:p text:style-name="P4"/><text:h text:style-name="P2" text:outline-level="2"><text:bookmark text:name="__RefHeading___Toc715_1052241590"/><text:a xlink:type="simple" xlink:href="http://mysword.info/b?r=2Pe_3" text:style-name="Internet_20_link" text:visited-style-name="Visited_20_Internet_20_Link"><text:span text:style-name="T1">2 PEDRO 3</text:span></text:a></text:h><text:p text:style-name="P4"/><text:p text:style-name="P5">O capítulo de hoje é diferente. Essas pessoas estão olhando ao redor e achando que por tudo continuar parecendo estável e certo, vai ficar assim para sempre. E as pessoas hoje em dia estão dizendo e pensando o mesmo.</text:p><text:p text:style-name="P4"/><text:p text:style-name="P4"><text:a xlink:type="simple" xlink:href="http://mysword.info/b?r=2Pe_3:1-2" text:style-name="Internet_20_link" text:visited-style-name="Visited_20_Internet_20_Link"><text:span text:style-name="T1">2 Pd 3:1-2</text:span></text:a><text:span text:style-name="T1"> Doces sussurros de ternura para nós.</text:span></text:p><text:p text:style-name="P4"/><text:p text:style-name="P4"><text:a xlink:type="simple" xlink:href="http://mysword.info/b?r=2Pe_3:3-4" text:style-name="Internet_20_link" text:visited-style-name="Visited_20_Internet_20_Link"><text:span text:style-name="T1">2 Pd 3:3-4</text:span></text:a><text:span text:style-name="T1"> Os zombadores que não eram salvos, por tudo parecer estável, diziam que o Senhor nunca voltaria para mudar todas as coisas.</text:span></text:p><text:p text:style-name="P4"/><text:p text:style-name="P4"><text:a xlink:type="simple" xlink:href="http://mysword.info/b?r=2Pe_3:5-7" text:style-name="Internet_20_link" text:visited-style-name="Visited_20_Internet_20_Link"><text:span text:style-name="T1">2 Pd 3:5-7</text:span></text:a><text:span text:style-name="T1"> Deus lembra a eles (e a nós) que se esqueciam do dilúvio!</text:span></text:p><text:p text:style-name="P4"/><text:p text:style-name="P4"><text:a xlink:type="simple" xlink:href="http://mysword.info/b?r=2Pe_3:8" text:style-name="Internet_20_link" text:visited-style-name="Visited_20_Internet_20_Link"><text:span text:style-name="T1">2 Pd 3:8</text:span></text:a><text:span text:style-name="T1"> Coisas pequenas e grandes são iguais para o Senhor. Um dia é como mil anos para Ele.</text:span></text:p><text:p text:style-name="P4"/><text:p text:style-name="P4"><text:a xlink:type="simple" xlink:href="http://mysword.info/b?r=2Pe_3:9" text:style-name="Internet_20_link" text:visited-style-name="Visited_20_Internet_20_Link"><text:span text:style-name="T1">2 Pd 3:9</text:span></text:a><text:span text:style-name="T1"> O Senhor não está desatento para a Sua promessa de voltar. Ele aguarda pois não quer que alguém pereça.</text:span></text:p><text:p text:style-name="P4"/><text:p text:style-name="P4"><text:a xlink:type="simple" xlink:href="http://mysword.info/b?r=2Pe_3:10" text:style-name="Internet_20_link" text:visited-style-name="Visited_20_Internet_20_Link"><text:span text:style-name="T1">2 Pd 3:10</text:span></text:a><text:span text:style-name="T1"> Isto refere-se a vinda do Senhor para tirar os incrédulos. (Exatamente o contrário da primeira vinda).</text:span></text:p><text:p text:style-name="P4"/><text:p text:style-name="P4"><text:a xlink:type="simple" xlink:href="http://mysword.info/b?r=2Pe_3:11-18" text:style-name="Internet_20_link" text:visited-style-name="Visited_20_Internet_20_Link"><text:span text:style-name="T1">2 Pd 3:11-18</text:span></text:a><text:span text:style-name="T1"> Considerando que todas essas coisas passarão, que pessoas santas devemos ser!</text:span></text:p><text:p text:style-name="P4"/><text:p text:style-name="P4"><text:a xlink:type="simple" xlink:href="http://mysword.info/b?r=2Pe_3:17-18" text:style-name="Internet_20_link" text:visited-style-name="Visited_20_Internet_20_Link"><text:span text:style-name="T1">2 Pd 3:17-18</text:span></text:a><text:span text:style-name="T1"> Precisamos ser muito cuidadosos quanto a quem escutamos. Para crescermos em graça e no conhecimento de nosso Senhor e Salvador Jesus Cristo.</text:span></text:p><text:p text:style-name="P4"/></text:section></office:text></office:body></office:document-content>