<?xml version="1.0" encoding="UTF-8"?>
<office:document-content xmlns:office="urn:oasis:names:tc:opendocument:xmlns:office:1.0" xmlns:style="urn:oasis:names:tc:opendocument:xmlns:style:1.0" xmlns:text="urn:oasis:names:tc:opendocument:xmlns:text:1.0" xmlns:table="urn:oasis:names:tc:opendocument:xmlns:table:1.0" xmlns:draw="urn:oasis:names:tc:opendocument:xmlns:drawing:1.0" xmlns:fo="urn:oasis:names:tc:opendocument:xmlns:xsl-fo-compatible:1.0" xmlns:xlink="http://www.w3.org/1999/xlink" xmlns:dc="http://purl.org/dc/elements/1.1/" xmlns:meta="urn:oasis:names:tc:opendocument:xmlns:meta:1.0" xmlns:number="urn:oasis:names:tc:opendocument:xmlns:datastyle:1.0" xmlns:svg="urn:oasis:names:tc:opendocument:xmlns:svg-compatible:1.0" xmlns:chart="urn:oasis:names:tc:opendocument:xmlns:chart:1.0" xmlns:dr3d="urn:oasis:names:tc:opendocument:xmlns:dr3d:1.0" xmlns:math="http://www.w3.org/1998/Math/MathML" xmlns:form="urn:oasis:names:tc:opendocument:xmlns:form:1.0" xmlns:script="urn:oasis:names:tc:opendocument:xmlns:script:1.0" xmlns:ooo="http://openoffice.org/2004/office" xmlns:ooow="http://openoffice.org/2004/writer" xmlns:oooc="http://openoffice.org/2004/calc" xmlns:dom="http://www.w3.org/2001/xml-events" xmlns:xforms="http://www.w3.org/2002/xforms" xmlns:xsd="http://www.w3.org/2001/XMLSchema" xmlns:xsi="http://www.w3.org/2001/XMLSchema-instance" xmlns:rpt="http://openoffice.org/2005/report" xmlns:of="urn:oasis:names:tc:opendocument:xmlns:of:1.2" xmlns:xhtml="http://www.w3.org/1999/xhtml" xmlns:grddl="http://www.w3.org/2003/g/data-view#" xmlns:officeooo="http://openoffice.org/2009/office" xmlns:tableooo="http://openoffice.org/2009/table" xmlns:drawooo="http://openoffice.org/2010/draw" xmlns:calcext="urn:org:documentfoundation:names:experimental:calc:xmlns:calcext:1.0" xmlns:loext="urn:org:documentfoundation:names:experimental:office:xmlns:loext:1.0" xmlns:field="urn:openoffice:names:experimental:ooo-ms-interop:xmlns:field:1.0" xmlns:formx="urn:openoffice:names:experimental:ooxml-odf-interop:xmlns:form:1.0" xmlns:css3t="http://www.w3.org/TR/css3-text/" office:version="1.2"><office:scripts/><office:font-face-decls><style:font-face style:name="FreeSans1" svg:font-family="FreeSans"/><style:font-face style:name="Liberation Sans" svg:font-family="&apos;Liberation Sans&apos;, sans-serif"/><style:font-face style:name="Noto Sans CJK SC Regular1" svg:font-family="&apos;Noto Sans CJK SC Regular&apos;"/><style:font-face style:name="FreeSans2" svg:font-family="FreeSans" style:font-family-generic="swiss"/><style:font-face style:name="Liberation Serif" svg:font-family="&apos;Liberation Serif&apos;" style:font-family-generic="roman" style:font-pitch="variable"/><style:font-face style:name="Thorndale" svg:font-family="Thorndale" style:font-family-generic="roman" style:font-pitch="variable"/><style:font-face style:name="Albany" svg:font-family="Albany" style:font-family-generic="swiss" style:font-pitch="variable"/><style:font-face style:name="FreeSans" svg:font-family="FreeSans" style:font-family-generic="system" style:font-pitch="variable"/><style:font-face style:name="Noto Sans CJK SC Regular" svg:font-family="&apos;Noto Sans CJK SC Regular&apos;" style:font-family-generic="system" style:font-pitch="variable"/></office:font-face-decls><office:automatic-styles><style:style style:name="P1" style:family="paragraph" style:parent-style-name="Heading_20_2"><style:paragraph-properties fo:line-height="150%"/></style:style><style:style style:name="P2" style:family="paragraph" style:parent-style-name="Heading_20_2"><style:paragraph-properties fo:line-height="150%"/><style:text-properties style:font-name="Liberation Sans" fo:font-size="12pt"/></style:style><style:style style:name="P3" style:family="paragraph" style:parent-style-name="Heading_20_2"><style:paragraph-properties fo:line-height="150%" fo:break-before="page"/><style:text-properties style:font-name="Liberation Sans" fo:font-size="12pt"/></style:style><style:style style:name="P4" style:family="paragraph" style:parent-style-name="Text_20_body" style:master-page-name="HTML"><style:paragraph-properties fo:margin-top="0cm" fo:margin-bottom="0cm" loext:contextual-spacing="false" fo:line-height="150%" fo:text-align="start" style:justify-single-word="false" style:page-number="auto"/></style:style><style:style style:name="P5" style:family="paragraph" style:parent-style-name="Text_20_body"><style:paragraph-properties fo:margin-top="0cm" fo:margin-bottom="0cm" loext:contextual-spacing="false" fo:line-height="150%" fo:text-align="start" style:justify-single-word="false"/></style:style><style:style style:name="P6" style:family="paragraph" style:parent-style-name="Text_20_body"><style:paragraph-properties fo:margin-top="0cm" fo:margin-bottom="0cm" loext:contextual-spacing="false" fo:line-height="150%" fo:text-align="justify" style:justify-single-word="false"/></style:style><style:style style:name="P7" style:family="paragraph" style:parent-style-name="Text_20_body"><style:paragraph-properties fo:margin-top="0cm" fo:margin-bottom="0cm" loext:contextual-spacing="false" fo:line-height="150%" fo:text-align="justify" style:justify-single-word="false"/><style:text-properties style:font-name="Liberation Sans" fo:font-size="12pt"/></style:style><style:style style:name="P8" style:family="paragraph" style:parent-style-name="Text_20_body"><style:paragraph-properties fo:margin-top="0cm" fo:margin-bottom="0cm" loext:contextual-spacing="false" fo:line-height="150%" fo:text-align="start" style:justify-single-word="false" fo:break-before="page"/></style:style><style:style style:name="T1" style:family="text"><style:text-properties style:font-name="Liberation Sans" fo:font-size="12pt"/></style:style><style:style style:name="T2" style:family="text"><style:text-properties style:font-name="Liberation Sans" fo:font-size="12pt" fo:font-weight="bold"/></style:style><style:style style:name="T3" style:family="text"><style:text-properties style:font-name="Liberation Sans" fo:font-size="12pt" fo:font-weight="normal"/></style:style><style:style style:name="T4" style:family="text"><style:text-properties fo:font-variant="normal" fo:text-transform="none"/></style:style><style:style style:name="T5" style:family="text"><style:text-properties fo:font-variant="normal" fo:text-transform="none" style:font-name="Liberation Sans" fo:font-size="12pt" fo:font-style="normal" fo:font-weight="normal"/></style:style><style:style style:name="T6" style:family="text"><style:text-properties fo:color="#000000"/></style:style><style:style style:name="T7" style:family="text"><style:text-properties fo:color="#000000" style:font-name="Liberation Sans" fo:font-size="12pt" fo:font-weight="normal"/></style:style><style:style style:name="T8" style:family="text"><style:text-properties fo:color="#000099" style:text-line-through-style="none" style:text-line-through-type="none" style:font-name="Liberation Sans" fo:font-size="12pt" style:text-underline-style="none" fo:font-weight="bold" style:text-blinking="false"/></style:style><style:style style:name="fr1" style:family="graphic" style:parent-style-name="Graphics"><style:graphic-properties style:wrap="right" style:number-wrapped-paragraphs="no-limit" style:wrap-contour="false" style:vertical-pos="top" style:vertical-rel="paragraph-content" style:horizontal-pos="left" style:horizontal-rel="paragraph" style:mirror="none" fo:clip="rect(0cm, 0cm, 0cm, 0cm)" draw:luminance="0%" draw:contrast="0%" draw:red="0%" draw:green="0%" draw:blue="0%" draw:gamma="100%" draw:color-inversion="false" draw:image-opacity="100%" draw:color-mode="standard"/></style:style><style:style style:name="Sect1" style:family="section"><style:section-properties style:writing-mode="lr-tb" style:editable="false"><style:columns fo:column-count="1" fo:column-gap="0cm"/></style:section-properties></style:style></office:automatic-styles><office:body><office:text text:use-soft-page-breaks="true"><text:sequence-decls><text:sequence-decl text:display-outline-level="0" text:name="Illustration"/><text:sequence-decl text:display-outline-level="0" text:name="Table"/><text:sequence-decl text:display-outline-level="0" text:name="Text"/><text:sequence-decl text:display-outline-level="0" text:name="Drawing"/></text:sequence-decls><text:section text:style-name="Sect1" text:name="texto"><text:p text:style-name="P4"><office:annotation><dc:date>2018-07-29T09:36:51.782129636</dc:date><text:p>HTML: &lt;meta name=&quot;created&quot; content=&quot;00:00:00&quot;&gt;</text:p></office:annotation><office:annotation><dc:date>2018-07-29T09:36:51.782157625</dc:date><text:p>HTML: &lt;meta name=&quot;changed&quot; content=&quot;2018-07-29T09:15:14.584472935&quot;&gt;</text:p></office:annotation><office:annotation><dc:date>2018-07-29T09:36:51.782210781</dc:date><text:p>HTML: &lt;meta name=&quot;created&quot; content=&quot;00:00:00&quot;&gt;</text:p></office:annotation><office:annotation><dc:date>2018-07-29T09:36:51.782231148</dc:date><text:p>HTML: &lt;meta name=&quot;changed&quot; content=&quot;2018-07-29T07:53:12.167075969&quot;&gt;</text:p></office:annotation><office:annotation><dc:date>2018-07-29T09:36:51.782248896</dc:date><text:p>HTML: &lt;meta name=&quot;created&quot; content=&quot;00:00:00&quot;&gt;</text:p></office:annotation><office:annotation><dc:date>2018-07-29T09:36:51.782267305</dc:date><text:p>HTML: &lt;meta name=&quot;changed&quot; content=&quot;2018-07-24T06:47:32.108886925&quot;&gt;</text:p></office:annotation><office:annotation><dc:date>2018-07-29T09:36:51.782284218</dc:date><text:p>HTML: &lt;meta name=&quot;created&quot; content=&quot;00:00:00&quot;&gt;</text:p></office:annotation><office:annotation><dc:date>2018-07-29T09:36:51.782302124</dc:date><text:p>HTML: &lt;meta name=&quot;changed&quot; content=&quot;2018-07-23T18:34:46.671739810&quot;&gt;</text:p></office:annotation><office:annotation><dc:date>2018-07-29T09:36:51.782319155</dc:date><text:p>HTML: &lt;meta name=&quot;created&quot; content=&quot;00:00:00&quot;&gt;</text:p></office:annotation><office:annotation><dc:date>2018-07-29T09:36:51.782337354</dc:date><text:p>HTML: &lt;meta name=&quot;changed&quot; content=&quot;2018-07-23T18:31:54.429951766&quot;&gt;</text:p></office:annotation></text:p><text:p text:style-name="P5"><draw:frame draw:style-name="fr1" draw:name="Figura1" text:anchor-type="paragraph" svg:width="17.013cm" svg:height="24.897cm" draw:z-index="0"><draw:image xlink:href="Pictures/1000020100000A5D00000F2FA4D5F41C765FE747.png" xlink:type="simple" xlink:show="embed" xlink:actuate="onLoad"/></draw:frame></text:p><text:p text:style-name="P8"><text:span text:style-name="Strong_20_Emphasis"><text:span text:style-name="T5"><office:annotation><dc:date>2018-07-29T09:36:53.156535045</dc:date><text:p>HTML: &lt;meta name=&quot;created&quot; content=&quot;00:00:00&quot;&gt;</text:p></office:annotation></text:span></text:span><text:span text:style-name="Strong_20_Emphasis"><text:span text:style-name="T5"><office:annotation><dc:date>2018-07-29T09:36:53.156550830</dc:date><text:p>HTML: &lt;meta name=&quot;changed&quot; content=&quot;2018-07-23T17:29:18.367181695&quot;&gt;</text:p></office:annotation></text:span></text:span><text:span text:style-name="Strong_20_Emphasis"><text:span text:style-name="T5"><office:annotation><dc:date>2018-07-29T09:36:53.156561373</dc:date><text:p>HTML: &lt;meta name=&quot;created&quot; content=&quot;00:00:00&quot;&gt;</text:p></office:annotation></text:span></text:span><text:span text:style-name="Strong_20_Emphasis"><text:span text:style-name="T5"><office:annotation><dc:date>2018-07-29T09:36:53.156571367</dc:date><text:p>HTML: &lt;meta name=&quot;changed&quot; content=&quot;2018-07-01T22:30:00.551659451&quot;&gt;</text:p></office:annotation></text:span></text:span><text:span text:style-name="Strong_20_Emphasis"><text:span text:style-name="T5"><office:annotation><dc:date>2018-07-29T09:36:53.156580385</dc:date><text:p>HTML: &lt;meta name=&quot;created&quot; content=&quot;00:00:00&quot;&gt;</text:p></office:annotation></text:span></text:span><text:span text:style-name="Strong_20_Emphasis"><text:span text:style-name="T5"><office:annotation><dc:date>2018-07-29T09:36:53.156590586</dc:date><text:p>HTML: &lt;meta name=&quot;changed&quot; content=&quot;2018-07-01T22:13:16.001692095&quot;&gt;</text:p></office:annotation></text:span></text:span><text:span text:style-name="Strong_20_Emphasis"><text:span text:style-name="T5"><office:annotation><dc:date>2018-07-29T09:36:53.156600023</dc:date><text:p>HTML: &lt;meta name=&quot;created&quot; content=&quot;00:00:00&quot;&gt;</text:p></office:annotation></text:span></text:span><text:span text:style-name="Strong_20_Emphasis"><text:span text:style-name="T5"><office:annotation><dc:date>2018-07-29T09:36:53.156608899</dc:date><text:p>HTML: &lt;meta name=&quot;changed&quot; content=&quot;00:00:00&quot;&gt;</text:p></office:annotation></text:span></text:span><text:span text:style-name="Strong_20_Emphasis"><text:span text:style-name="T5"><office:annotation><dc:date>2018-07-29T09:36:53.156617752</dc:date><text:p>HTML: &lt;meta name=&quot;created&quot; content=&quot;00:00:00&quot;&gt;</text:p></office:annotation></text:span></text:span><text:span text:style-name="Strong_20_Emphasis"><text:span text:style-name="T5"><office:annotation><dc:date>2018-07-29T09:36:53.156647799</dc:date><text:p>HTML: &lt;meta name=&quot;changed&quot; content=&quot;2018-06-29T22:40:27.905434121&quot;&gt;</text:p></office:annotation></text:span></text:span><text:span text:style-name="Strong_20_Emphasis"><text:span text:style-name="T5"><office:annotation><dc:date>2018-07-29T09:36:53.156657080</dc:date><text:p>HTML: &lt;meta name=&quot;created&quot; content=&quot;00:00:00&quot;&gt;</text:p></office:annotation></text:span></text:span><text:span text:style-name="Strong_20_Emphasis"><text:span text:style-name="T5"><office:annotation><dc:date>2018-07-29T09:36:53.156666930</dc:date><text:p>HTML: &lt;meta name=&quot;changed&quot; content=&quot;2018-06-29T22:19:54.818236607&quot;&gt;</text:p></office:annotation></text:span></text:span><text:span text:style-name="Strong_20_Emphasis"><text:span text:style-name="T5"><office:annotation><dc:date>2018-07-29T09:36:53.156675514</dc:date><text:p>HTML: &lt;meta name=&quot;created&quot; content=&quot;00:00:00&quot;&gt;</text:p></office:annotation></text:span></text:span><text:span text:style-name="Strong_20_Emphasis"><text:span text:style-name="T5"><office:annotation><dc:date>2018-07-29T09:36:53.156685320</dc:date><text:p>HTML: &lt;meta name=&quot;changed&quot; content=&quot;2018-06-29T16:48:09.289221502&quot;&gt;</text:p></office:annotation></text:span></text:span><text:span text:style-name="Strong_20_Emphasis"><text:span text:style-name="T5"><office:annotation><dc:date>2018-07-29T09:36:53.156694034</dc:date><text:p>HTML: &lt;meta name=&quot;created&quot; content=&quot;00:00:00&quot;&gt;</text:p></office:annotation></text:span></text:span><text:span text:style-name="Strong_20_Emphasis"><text:span text:style-name="T5"><office:annotation><dc:date>2018-07-29T09:36:53.156703549</dc:date><text:p>HTML: &lt;meta name=&quot;changed&quot; content=&quot;2018-06-28T13:04:28.492733451&quot;&gt;</text:p></office:annotation></text:span></text:span><text:span text:style-name="Strong_20_Emphasis"><text:span text:style-name="T5"><office:annotation><dc:date>2018-07-29T09:36:53.156712275</dc:date><text:p>HTML: &lt;meta name=&quot;created&quot; content=&quot;00:00:00&quot;&gt;</text:p></office:annotation></text:span></text:span><text:span text:style-name="Strong_20_Emphasis"><text:span text:style-name="T5"><office:annotation><dc:date>2018-07-29T09:36:53.156721835</dc:date><text:p>HTML: &lt;meta name=&quot;changed&quot; content=&quot;2018-06-26T16:14:44.639882738&quot;&gt;</text:p></office:annotation></text:span></text:span><text:span text:style-name="Strong_20_Emphasis"><text:span text:style-name="T5"><office:annotation><dc:date>2018-07-29T09:36:53.156730684</dc:date><text:p>HTML: &lt;meta name=&quot;created&quot; content=&quot;00:00:00&quot;&gt;</text:p></office:annotation></text:span></text:span><text:span text:style-name="Strong_20_Emphasis"><text:span text:style-name="T5"><office:annotation><dc:date>2018-07-29T09:36:53.156740115</dc:date><text:p>HTML: &lt;meta name=&quot;changed&quot; content=&quot;2018-06-26T00:07:28.897913089&quot;&gt;</text:p></office:annotation></text:span></text:span><text:span text:style-name="Strong_20_Emphasis"><text:span text:style-name="T5"><office:annotation><dc:date>2018-07-29T09:36:53.156748564</dc:date><text:p>HTML: &lt;meta name=&quot;created&quot; content=&quot;00:00:00&quot;&gt;</text:p></office:annotation></text:span></text:span><text:span text:style-name="Strong_20_Emphasis"><text:span text:style-name="T5"><office:annotation><dc:date>2018-07-29T09:36:53.156758289</dc:date><text:p>HTML: &lt;meta name=&quot;changed&quot; content=&quot;2018-06-25T20:14:42.039332923&quot;&gt;</text:p></office:annotation></text:span></text:span><text:span text:style-name="Strong_20_Emphasis"><text:span text:style-name="T5"><office:annotation><dc:date>2018-07-29T09:36:53.156766843</dc:date><text:p>HTML: &lt;meta name=&quot;created&quot; content=&quot;00:00:00&quot;&gt;</text:p></office:annotation></text:span></text:span><text:span text:style-name="Strong_20_Emphasis"><text:span text:style-name="T5"><office:annotation><dc:date>2018-07-29T09:36:53.156776383</dc:date><text:p>HTML: &lt;meta name=&quot;changed&quot; content=&quot;2018-06-24T22:32:07.411315002&quot;&gt;</text:p></office:annotation></text:span></text:span><text:span text:style-name="Strong_20_Emphasis"><text:span text:style-name="T5"><office:annotation><dc:date>2018-07-29T09:36:53.156785063</dc:date><text:p>HTML: &lt;meta name=&quot;created&quot; content=&quot;00:00:00&quot;&gt;</text:p></office:annotation></text:span></text:span><text:span text:style-name="Strong_20_Emphasis"><text:span text:style-name="T5"><office:annotation><dc:date>2018-07-29T09:36:53.156794346</dc:date><text:p>HTML: &lt;meta name=&quot;changed&quot; content=&quot;2018-06-24T15:42:01.493043692&quot;&gt;</text:p></office:annotation></text:span></text:span><text:span text:style-name="Strong_20_Emphasis"><text:span text:style-name="T5"><office:annotation><dc:date>2018-07-29T09:36:53.156803047</dc:date><text:p>HTML: &lt;meta name=&quot;created&quot; content=&quot;00:00:00&quot;&gt;</text:p></office:annotation></text:span></text:span><text:span text:style-name="Strong_20_Emphasis"><text:span text:style-name="T5"><office:annotation><dc:date>2018-07-29T09:36:53.156812683</dc:date><text:p>HTML: &lt;meta name=&quot;changed&quot; content=&quot;2018-06-24T09:30:05.416727667&quot;&gt;</text:p></office:annotation></text:span></text:span><text:span text:style-name="Strong_20_Emphasis"><text:span text:style-name="T5"><office:annotation><dc:date>2018-07-29T09:36:53.156821514</dc:date><text:p>HTML: &lt;meta name=&quot;created&quot; content=&quot;00:00:00&quot;&gt;</text:p></office:annotation></text:span></text:span><text:span text:style-name="Strong_20_Emphasis"><text:span text:style-name="T5"><office:annotation><dc:date>2018-07-29T09:36:53.156830854</dc:date><text:p>HTML: &lt;meta name=&quot;changed&quot; content=&quot;2018-06-23T16:36:03.100363804&quot;&gt;</text:p></office:annotation></text:span></text:span><text:span text:style-name="Strong_20_Emphasis"><text:span text:style-name="T5"><office:annotation><dc:date>2018-07-29T09:36:53.156839785</dc:date><text:p>HTML: &lt;meta name=&quot;created&quot; content=&quot;00:00:00&quot;&gt;</text:p></office:annotation></text:span></text:span><text:span text:style-name="Strong_20_Emphasis"><text:span text:style-name="T5"><office:annotation><dc:date>2018-07-29T09:36:53.156849383</dc:date><text:p>HTML: &lt;meta name=&quot;changed&quot; content=&quot;2018-06-23T11:36:03.222001170&quot;&gt;</text:p></office:annotation></text:span></text:span><text:span text:style-name="Strong_20_Emphasis"><text:span text:style-name="T5"><office:annotation><dc:date>2018-07-29T09:36:53.156858177</dc:date><text:p>HTML: &lt;meta name=&quot;created&quot; content=&quot;00:00:00&quot;&gt;</text:p></office:annotation></text:span></text:span><text:span text:style-name="Strong_20_Emphasis"><text:span text:style-name="T5"><office:annotation><dc:date>2018-07-29T09:36:53.156867475</dc:date><text:p>HTML: &lt;meta name=&quot;changed&quot; content=&quot;2018-06-21T23:23:09.057807835&quot;&gt;</text:p></office:annotation></text:span></text:span><text:span text:style-name="Strong_20_Emphasis"><text:span text:style-name="T5"><office:annotation><dc:date>2018-07-29T09:36:53.156876120</dc:date><text:p>HTML: &lt;meta name=&quot;created&quot; content=&quot;00:00:00&quot;&gt;</text:p></office:annotation></text:span></text:span><text:span text:style-name="Strong_20_Emphasis"><text:span text:style-name="T5"><office:annotation><dc:date>2018-07-29T09:36:53.156885573</dc:date><text:p>HTML: &lt;meta name=&quot;changed&quot; content=&quot;2018-06-21T17:55:17.865393136&quot;&gt;</text:p></office:annotation></text:span></text:span><text:span text:style-name="Strong_20_Emphasis"><text:span text:style-name="T5"><office:annotation><dc:date>2018-07-29T09:36:53.156894365</dc:date><text:p>HTML: &lt;meta name=&quot;created&quot; content=&quot;00:00:00&quot;&gt;</text:p></office:annotation></text:span></text:span><text:span text:style-name="Strong_20_Emphasis"><text:span text:style-name="T5"><office:annotation><dc:date>2018-07-29T09:36:53.156903678</dc:date><text:p>HTML: &lt;meta name=&quot;changed&quot; content=&quot;2018-06-21T12:21:22.763521742&quot;&gt;</text:p></office:annotation></text:span></text:span><text:span text:style-name="Strong_20_Emphasis"><text:span text:style-name="T5"><office:annotation><dc:date>2018-07-29T09:36:53.156912481</dc:date><text:p>HTML: &lt;meta name=&quot;created&quot; content=&quot;00:00:00&quot;&gt;</text:p></office:annotation></text:span></text:span><text:span text:style-name="Strong_20_Emphasis"><text:span text:style-name="T5"><office:annotation><dc:date>2018-07-29T09:36:53.156921901</dc:date><text:p>HTML: &lt;meta name=&quot;changed&quot; content=&quot;2018-06-20T18:34:19.830157535&quot;&gt;</text:p></office:annotation></text:span></text:span><text:span text:style-name="Strong_20_Emphasis"><text:span text:style-name="T5"><office:annotation><dc:date>2018-07-29T09:36:53.156930534</dc:date><text:p>HTML: &lt;meta name=&quot;created&quot; content=&quot;00:00:00&quot;&gt;</text:p></office:annotation></text:span></text:span><text:span text:style-name="Strong_20_Emphasis"><text:span text:style-name="T5"><office:annotation><dc:date>2018-07-29T09:36:53.156939984</dc:date><text:p>HTML: &lt;meta name=&quot;changed&quot; content=&quot;2018-06-19T12:54:18.844691454&quot;&gt;</text:p></office:annotation></text:span></text:span><text:span text:style-name="Strong_20_Emphasis"><text:span text:style-name="T5"><office:annotation><dc:date>2018-07-29T09:36:53.156948639</dc:date><text:p>HTML: &lt;meta name=&quot;created&quot; content=&quot;00:00:00&quot;&gt;</text:p></office:annotation></text:span></text:span><text:span text:style-name="Strong_20_Emphasis"><text:span text:style-name="T5"><office:annotation><dc:date>2018-07-29T09:36:53.156958192</dc:date><text:p>HTML: &lt;meta name=&quot;changed&quot; content=&quot;2018-06-18T23:20:12.738581285&quot;&gt;</text:p></office:annotation></text:span></text:span><text:span text:style-name="Strong_20_Emphasis"><text:span text:style-name="T5"><office:annotation><dc:date>2018-07-29T09:36:53.156966811</dc:date><text:p>HTML: &lt;meta name=&quot;created&quot; content=&quot;00:00:00&quot;&gt;</text:p></office:annotation></text:span></text:span><text:span text:style-name="Strong_20_Emphasis"><text:span text:style-name="T5"><office:annotation><dc:date>2018-07-29T09:36:53.156976298</dc:date><text:p>HTML: &lt;meta name=&quot;changed&quot; content=&quot;2018-06-18T20:39:37.890329984&quot;&gt;</text:p></office:annotation></text:span></text:span><text:span text:style-name="Strong_20_Emphasis"><text:span text:style-name="T5"><office:annotation><dc:date>2018-07-29T09:36:53.156985622</dc:date><text:p>HTML: &lt;meta name=&quot;created&quot; content=&quot;00:00:00&quot;&gt;</text:p></office:annotation></text:span></text:span><text:span text:style-name="Strong_20_Emphasis"><text:span text:style-name="T5"><office:annotation><dc:date>2018-07-29T09:36:53.156995482</dc:date><text:p>HTML: &lt;meta name=&quot;changed&quot; content=&quot;2018-06-18T12:45:23.879199387&quot;&gt;</text:p></office:annotation></text:span></text:span><text:span text:style-name="Strong_20_Emphasis"><text:span text:style-name="T5"><office:annotation><dc:date>2018-07-29T09:36:53.157003858</dc:date><text:p>HTML: &lt;meta name=&quot;created&quot; content=&quot;00:00:00&quot;&gt;</text:p></office:annotation></text:span></text:span><text:span text:style-name="Strong_20_Emphasis"><text:span text:style-name="T5"><office:annotation><dc:date>2018-07-29T09:36:53.157013455</dc:date><text:p>HTML: &lt;meta name=&quot;changed&quot; content=&quot;2018-06-17T20:02:02.143589569&quot;&gt;</text:p></office:annotation></text:span></text:span><text:span text:style-name="Strong_20_Emphasis"><text:span text:style-name="T5"><office:annotation><dc:date>2018-07-29T09:36:53.157022086</dc:date><text:p>HTML: &lt;meta name=&quot;created&quot; content=&quot;00:00:00&quot;&gt;</text:p></office:annotation></text:span></text:span><text:span text:style-name="Strong_20_Emphasis"><text:span text:style-name="T5"><office:annotation><dc:date>2018-07-29T09:36:53.157031933</dc:date><text:p>HTML: &lt;meta name=&quot;changed&quot; content=&quot;2018-06-17T19:45:54.789583280&quot;&gt;</text:p></office:annotation></text:span></text:span><text:span text:style-name="Strong_20_Emphasis"><text:span text:style-name="T5"><office:annotation><dc:date>2018-07-29T09:36:53.157040522</dc:date><text:p>HTML: &lt;meta name=&quot;created&quot; content=&quot;00:00:00&quot;&gt;</text:p></office:annotation></text:span></text:span><text:span text:style-name="Strong_20_Emphasis"><text:span text:style-name="T5"><office:annotation><dc:date>2018-07-29T09:36:53.157050330</dc:date><text:p>HTML: &lt;meta name=&quot;changed&quot; content=&quot;2018-06-16T15:19:53.989201345&quot;&gt;</text:p></office:annotation></text:span></text:span><text:span text:style-name="Strong_20_Emphasis"><text:span text:style-name="T5"><office:annotation><dc:date>2018-07-29T09:36:53.157058858</dc:date><text:p>HTML: &lt;meta name=&quot;created&quot; content=&quot;00:00:00&quot;&gt;</text:p></office:annotation></text:span></text:span><text:span text:style-name="Strong_20_Emphasis"><text:span text:style-name="T5"><office:annotation><dc:date>2018-07-29T09:36:53.157068764</dc:date><text:p>HTML: &lt;meta name=&quot;changed&quot; content=&quot;2018-06-16T13:50:44.432862129&quot;&gt;</text:p></office:annotation></text:span></text:span><text:span text:style-name="Strong_20_Emphasis"><text:span text:style-name="T5"><office:annotation><dc:date>2018-07-29T09:36:53.157077446</dc:date><text:p>HTML: &lt;meta name=&quot;created&quot; content=&quot;00:00:00&quot;&gt;</text:p></office:annotation></text:span></text:span><text:span text:style-name="Strong_20_Emphasis"><text:span text:style-name="T5"><office:annotation><dc:date>2018-07-29T09:36:53.157087044</dc:date><text:p>HTML: &lt;meta name=&quot;changed&quot; content=&quot;2018-06-16T10:49:58.030689160&quot;&gt;</text:p></office:annotation></text:span></text:span><text:span text:style-name="Strong_20_Emphasis"><text:span text:style-name="T5"><office:annotation><dc:date>2018-07-29T09:36:53.157095972</dc:date><text:p>HTML: &lt;meta name=&quot;created&quot; content=&quot;00:00:00&quot;&gt;</text:p></office:annotation></text:span></text:span><text:span text:style-name="Strong_20_Emphasis"><text:span text:style-name="T5"><office:annotation><dc:date>2018-07-29T09:36:53.157105973</dc:date><text:p>HTML: &lt;meta name=&quot;changed&quot; content=&quot;2018-06-15T13:05:31.693854059&quot;&gt;</text:p></office:annotation></text:span></text:span><text:span text:style-name="Strong_20_Emphasis"><text:span text:style-name="T5"><office:annotation><dc:date>2018-07-29T09:36:53.157115483</dc:date><text:p>HTML: &lt;meta name=&quot;changed&quot; content=&quot;2018-06-15T16:46:54.538249678&quot;&gt;</text:p></office:annotation></text:span></text:span><text:span text:style-name="Strong_20_Emphasis"><text:span text:style-name="T5"><office:annotation><dc:date>2018-07-29T09:36:53.157124051</dc:date><text:p>HTML: &lt;meta name=&quot;created&quot; content=&quot;00:00:00&quot;&gt;</text:p></office:annotation></text:span></text:span><text:span text:style-name="Strong_20_Emphasis"><text:span text:style-name="T5"><office:annotation><dc:date>2018-07-29T09:36:53.157133840</dc:date><text:p>HTML: &lt;meta name=&quot;changed&quot; content=&quot;2018-06-14T22:55:38.007259856&quot;&gt;</text:p></office:annotation></text:span></text:span><text:span text:style-name="Strong_20_Emphasis"><text:span text:style-name="T5"><office:annotation><dc:date>2018-07-29T09:36:53.157142369</dc:date><text:p>HTML: &lt;meta name=&quot;created&quot; content=&quot;00:00:00&quot;&gt;</text:p></office:annotation></text:span></text:span><text:span text:style-name="Strong_20_Emphasis"><text:span text:style-name="T5"><office:annotation><dc:date>2018-07-29T09:36:53.157151779</dc:date><text:p>HTML: &lt;meta name=&quot;changed&quot; content=&quot;2018-06-14T20:52:51.033526204&quot;&gt;</text:p></office:annotation></text:span></text:span><text:span text:style-name="Strong_20_Emphasis"><text:span text:style-name="T5"><office:annotation><dc:date>2018-07-29T09:36:53.157160249</dc:date><text:p>HTML: &lt;meta name=&quot;created&quot; content=&quot;00:00:00&quot;&gt;</text:p></office:annotation></text:span></text:span><text:span text:style-name="Strong_20_Emphasis"><text:span text:style-name="T5"><office:annotation><dc:date>2018-07-29T09:36:53.157170052</dc:date><text:p>HTML: &lt;meta name=&quot;changed&quot; content=&quot;2018-06-14T17:27:12.577284577&quot;&gt;</text:p></office:annotation></text:span></text:span><text:span text:style-name="Strong_20_Emphasis"><text:span text:style-name="T5"><office:annotation><dc:date>2018-07-29T09:36:53.157178553</dc:date><text:p>HTML: &lt;meta name=&quot;created&quot; content=&quot;00:00:00&quot;&gt;</text:p></office:annotation></text:span></text:span><text:span text:style-name="Strong_20_Emphasis"><text:span text:style-name="T5"><office:annotation><dc:date>2018-07-29T09:36:53.157188169</dc:date><text:p>HTML: &lt;meta name=&quot;changed&quot; content=&quot;2018-06-14T12:58:12.332824081&quot;&gt;</text:p></office:annotation></text:span></text:span><text:span text:style-name="Strong_20_Emphasis"><text:span text:style-name="T5"><office:annotation><dc:date>2018-07-29T09:36:53.157196674</dc:date><text:p>HTML: &lt;meta name=&quot;created&quot; content=&quot;00:00:00&quot;&gt;</text:p></office:annotation></text:span></text:span><text:span text:style-name="Strong_20_Emphasis"><text:span text:style-name="T5"><office:annotation><dc:date>2018-07-29T09:36:53.157206718</dc:date><text:p>HTML: &lt;meta name=&quot;changed&quot; content=&quot;2018-06-14T07:07:38.845049501&quot;&gt;</text:p></office:annotation></text:span></text:span><text:span text:style-name="Strong_20_Emphasis"><text:span text:style-name="T5"><office:annotation><dc:date>2018-07-29T09:36:53.157215511</dc:date><text:p>HTML: &lt;meta name=&quot;created&quot; content=&quot;00:00:00&quot;&gt;</text:p></office:annotation></text:span></text:span><text:span text:style-name="Strong_20_Emphasis"><text:span text:style-name="T5"><office:annotation><dc:date>2018-07-29T09:36:53.157225037</dc:date><text:p>HTML: &lt;meta name=&quot;changed&quot; content=&quot;2018-06-13T22:59:08.975991996&quot;&gt;</text:p></office:annotation></text:span></text:span><text:span text:style-name="Strong_20_Emphasis"><text:span text:style-name="T5"><office:annotation><dc:date>2018-07-29T09:36:53.157233743</dc:date><text:p>HTML: &lt;meta name=&quot;created&quot; content=&quot;00:00:00&quot;&gt;</text:p></office:annotation></text:span></text:span><text:span text:style-name="Strong_20_Emphasis"><text:span text:style-name="T5"><office:annotation><dc:date>2018-07-29T09:36:53.157243122</dc:date><text:p>HTML: &lt;meta name=&quot;changed&quot; content=&quot;2018-06-13T20:26:03.305702553&quot;&gt;</text:p></office:annotation></text:span></text:span><text:span text:style-name="Strong_20_Emphasis"><text:span text:style-name="T5"><office:annotation><dc:date>2018-07-29T09:36:53.157251636</dc:date><text:p>HTML: &lt;meta name=&quot;created&quot; content=&quot;00:00:00&quot;&gt;</text:p></office:annotation></text:span></text:span><text:span text:style-name="Strong_20_Emphasis"><text:span text:style-name="T5"><office:annotation><dc:date>2018-07-29T09:36:53.157261166</dc:date><text:p>HTML: &lt;meta name=&quot;changed&quot; content=&quot;2018-06-12T12:28:00.714637591&quot;&gt;</text:p></office:annotation></text:span></text:span><text:span text:style-name="Strong_20_Emphasis"><text:span text:style-name="T5"><office:annotation><dc:date>2018-07-29T09:36:53.157269754</dc:date><text:p>HTML: &lt;meta name=&quot;created&quot; content=&quot;00:00:00&quot;&gt;</text:p></office:annotation></text:span></text:span><text:span text:style-name="Strong_20_Emphasis"><text:span text:style-name="T5"><office:annotation><dc:date>2018-07-29T09:36:53.157279132</dc:date><text:p>HTML: &lt;meta name=&quot;changed&quot; content=&quot;2018-06-11T22:59:09.625284365&quot;&gt;</text:p></office:annotation></text:span></text:span><text:span text:style-name="Strong_20_Emphasis"><text:span text:style-name="T5"><office:annotation><dc:date>2018-07-29T09:36:53.157288671</dc:date><text:p>HTML: &lt;meta name=&quot;created&quot; content=&quot;2018-06-11T22:51:04.642681485&quot;&gt;</text:p></office:annotation></text:span></text:span><text:span text:style-name="Strong_20_Emphasis"><text:span text:style-name="T5"><office:annotation><dc:date>2018-07-29T09:36:53.157298167</dc:date><text:p>HTML: &lt;meta name=&quot;changed&quot; content=&quot;2018-06-11T22:52:11.240135258&quot;&gt;</text:p></office:annotation></text:span></text:span><text:span text:style-name="Strong_20_Emphasis"><text:span text:style-name="T5">Título: </text:span></text:span><text:span text:style-name="Strong_20_Emphasis"><text:span text:style-name="T5"><office:annotation><dc:date>2018-07-29T09:36:53.157364814</dc:date><text:p>HTML: &lt;meta name=&quot;created&quot; content=&quot;00:00:00&quot;&gt;</text:p></office:annotation></text:span></text:span><text:span text:style-name="Strong_20_Emphasis"><text:span text:style-name="T5"><office:annotation><dc:date>2018-07-29T09:36:53.157375523</dc:date><text:p>HTML: &lt;meta name=&quot;changed&quot; content=&quot;2018-06-14T22:55:38.007259856&quot;&gt;</text:p></office:annotation></text:span></text:span><text:span text:style-name="Strong_20_Emphasis"><text:span text:style-name="T5"><office:annotation><dc:date>2018-07-29T09:36:53.157384208</dc:date><text:p>HTML: &lt;meta name=&quot;created&quot; content=&quot;00:00:00&quot;&gt;</text:p></office:annotation></text:span></text:span><text:span text:style-name="Strong_20_Emphasis"><text:span text:style-name="T5"><office:annotation><dc:date>2018-07-29T09:36:53.157394114</dc:date><text:p>HTML: &lt;meta name=&quot;changed&quot; content=&quot;2018-06-14T20:52:51.033526204&quot;&gt;</text:p></office:annotation></text:span></text:span><text:span text:style-name="Strong_20_Emphasis"><text:span text:style-name="T5"><office:annotation><dc:date>2018-07-29T09:36:53.157402571</dc:date><text:p>HTML: &lt;meta name=&quot;created&quot; content=&quot;00:00:00&quot;&gt;</text:p></office:annotation></text:span></text:span><text:span text:style-name="Strong_20_Emphasis"><text:span text:style-name="T5"><office:annotation><dc:date>2018-07-29T09:36:53.157418587</dc:date><text:p>HTML: &lt;meta name=&quot;changed&quot; content=&quot;2018-06-14T17:27:12.577284577&quot;&gt;</text:p></office:annotation></text:span></text:span><text:span text:style-name="Strong_20_Emphasis"><text:span text:style-name="T5"><office:annotation><dc:date>2018-07-29T09:36:53.157427728</dc:date><text:p>HTML: &lt;meta name=&quot;created&quot; content=&quot;00:00:00&quot;&gt;</text:p></office:annotation></text:span></text:span><text:span text:style-name="Strong_20_Emphasis"><text:span text:style-name="T5"><office:annotation><dc:date>2018-07-29T09:36:53.157437360</dc:date><text:p>HTML: &lt;meta name=&quot;changed&quot; content=&quot;2018-06-14T12:58:12.332824081&quot;&gt;</text:p></office:annotation></text:span></text:span><text:span text:style-name="Strong_20_Emphasis"><text:span text:style-name="T5"><office:annotation><dc:date>2018-07-29T09:36:53.157445907</dc:date><text:p>HTML: &lt;meta name=&quot;created&quot; content=&quot;00:00:00&quot;&gt;</text:p></office:annotation></text:span></text:span><text:span text:style-name="Strong_20_Emphasis"><text:span text:style-name="T5"><office:annotation><dc:date>2018-07-29T09:36:53.157455508</dc:date><text:p>HTML: &lt;meta name=&quot;changed&quot; content=&quot;2018-06-14T07:07:38.845049501&quot;&gt;</text:p></office:annotation></text:span></text:span><text:span text:style-name="Strong_20_Emphasis"><text:span text:style-name="T5"><office:annotation><dc:date>2018-07-29T09:36:53.157463920</dc:date><text:p>HTML: &lt;meta name=&quot;created&quot; content=&quot;00:00:00&quot;&gt;</text:p></office:annotation></text:span></text:span><text:span text:style-name="Strong_20_Emphasis"><text:span text:style-name="T5"><office:annotation><dc:date>2018-07-29T09:36:53.157473353</dc:date><text:p>HTML: &lt;meta name=&quot;changed&quot; content=&quot;2018-06-13T22:59:08.975991996&quot;&gt;</text:p></office:annotation></text:span></text:span><text:span text:style-name="Strong_20_Emphasis"><text:span text:style-name="T5"><office:annotation><dc:date>2018-07-29T09:36:53.157481725</dc:date><text:p>HTML: &lt;meta name=&quot;created&quot; content=&quot;00:00:00&quot;&gt;</text:p></office:annotation></text:span></text:span><text:span text:style-name="Strong_20_Emphasis"><text:span text:style-name="T5"><office:annotation><dc:date>2018-07-29T09:36:53.157491058</dc:date><text:p>HTML: &lt;meta name=&quot;changed&quot; content=&quot;2018-06-13T20:26:03.305702553&quot;&gt;</text:p></office:annotation></text:span></text:span><text:span text:style-name="Strong_20_Emphasis"><text:span text:style-name="T5"><office:annotation><dc:date>2018-07-29T09:36:53.157499380</dc:date><text:p>HTML: &lt;meta name=&quot;created&quot; content=&quot;00:00:00&quot;&gt;</text:p></office:annotation></text:span></text:span><text:span text:style-name="Strong_20_Emphasis"><text:span text:style-name="T5"><office:annotation><dc:date>2018-07-29T09:36:53.157508760</dc:date><text:p>HTML: &lt;meta name=&quot;changed&quot; content=&quot;2018-06-12T12:28:00.714637591&quot;&gt;</text:p></office:annotation></text:span></text:span><text:span text:style-name="Strong_20_Emphasis"><text:span text:style-name="T5"><office:annotation><dc:date>2018-07-29T09:36:53.157517298</dc:date><text:p>HTML: &lt;meta name=&quot;created&quot; content=&quot;00:00:00&quot;&gt;</text:p></office:annotation></text:span></text:span><text:span text:style-name="Strong_20_Emphasis"><text:span text:style-name="T5"><office:annotation><dc:date>2018-07-29T09:36:53.157527394</dc:date><text:p>HTML: &lt;meta name=&quot;changed&quot; content=&quot;2018-06-11T22:59:09.625284365&quot;&gt;</text:p></office:annotation></text:span></text:span><text:span text:style-name="Strong_20_Emphasis"><text:span text:style-name="T5"><office:annotation><dc:date>2018-07-29T09:36:53.157536794</dc:date><text:p>HTML: &lt;meta name=&quot;created&quot; content=&quot;2018-06-11T22:51:04.642681485&quot;&gt;</text:p></office:annotation></text:span></text:span><text:span text:style-name="Strong_20_Emphasis"><text:span text:style-name="T5"><office:annotation><dc:date>2018-07-29T09:36:53.157546293</dc:date><text:p>HTML: &lt;meta name=&quot;changed&quot; content=&quot;2018-06-11T22:52:11.240135258&quot;&gt;</text:p></office:annotation></text:span></text:span><text:span text:style-name="Strong_20_Emphasis"><text:span text:style-name="T5">CHAPTER A DAY (1 TIMÓTEO)<text:line-break/>Autor: NORMAN</text:span></text:span><text:span text:style-name="Strong_20_Emphasis"><text:span text:style-name="T4"> </text:span></text:span><text:span text:style-name="Strong_20_Emphasis"><text:span text:style-name="T5">BERRY </text:span></text:span><text:span text:style-name="Strong_20_Emphasis"><text:span text:style-name="T2"><text:line-break/><text:line-break/></text:span></text:span><text:span text:style-name="Strong_20_Emphasis"><text:span text:style-name="T7">Literaturas em formato</text:span></text:span><text:span text:style-name="Strong_20_Emphasis"><text:span text:style-name="T6"> </text:span></text:span><text:span text:style-name="Strong_20_Emphasis"><text:span text:style-name="T7">digital:<text:line-break/></text:span></text:span><text:a xlink:type="simple" xlink:href="http://www.acervodigitalcristao.com.br/" text:style-name="Internet_20_link" text:visited-style-name="Visited_20_Internet_20_Link"><text:span text:style-name="Strong_20_Emphasis"><text:span text:style-name="T2">www.acervodigitalcristao.com.br</text:span></text:span></text:a><text:span text:style-name="Strong_20_Emphasis"><text:span text:style-name="T8"><text:line-break/><text:line-break/></text:span></text:span><text:span text:style-name="Strong_20_Emphasis"><text:span text:style-name="T3">Literaturas em formato</text:span></text:span><text:span text:style-name="Strong_20_Emphasis"> </text:span><text:span text:style-name="Strong_20_Emphasis"><text:span text:style-name="T3">Impresso:<text:line-break/></text:span></text:span><text:a xlink:type="simple" xlink:href="http://www.verdadesvivas.com.br/" text:style-name="Internet_20_link" text:visited-style-name="Visited_20_Internet_20_Link"><text:span text:style-name="Strong_20_Emphasis"><text:span text:style-name="T2">www.verdadesvivas.com.br</text:span></text:span></text:a><text:span text:style-name="Strong_20_Emphasis"><text:span text:style-name="T8"><text:line-break/><text:line-break/></text:span></text:span><text:span text:style-name="Strong_20_Emphasis"><text:span text:style-name="T3">Evangelho em 03 Minutos:</text:span></text:span><text:span text:style-name="Strong_20_Emphasis"> </text:span><text:span text:style-name="Strong_20_Emphasis"><text:span text:style-name="T2"><text:line-break/></text:span></text:span><text:a xlink:type="simple" xlink:href="http://www.3minutos.net/" text:style-name="Internet_20_link" text:visited-style-name="Visited_20_Internet_20_Link"><text:span text:style-name="Strong_20_Emphasis"><text:span text:style-name="T2">www.3minutos.net</text:span></text:span></text:a><text:span text:style-name="Strong_20_Emphasis"><text:span text:style-name="T8"><text:line-break/><text:line-break/></text:span></text:span><text:span text:style-name="Strong_20_Emphasis"><text:span text:style-name="T3">O que respondi:<text:line-break/></text:span></text:span><text:a xlink:type="simple" xlink:href="http://www.respondi.com.br/" text:style-name="Internet_20_link" text:visited-style-name="Visited_20_Internet_20_Link"><text:span text:style-name="Strong_20_Emphasis"><text:span text:style-name="T2">www.respondi.com.br</text:span></text:span></text:a></text:p><text:section text:style-name="Sect1" text:name="Sumário1"><text:p text:style-name="Text_20_body"><text:soft-page-break/></text:p></text:section><text:h text:style-name="P1" text:outline-level="2"/><text:h text:style-name="P3" text:outline-level="2"><text:bookmark text:name="__RefHeading___Toc1345_1052241590"/><text:soft-page-break/>#389</text:h><text:p text:style-name="P6"/><text:p text:style-name="P7">Os conflitos não são para nos fazer alcançar nossos privilégios, para nos manter sempre no gozo deles.</text:p><text:p text:style-name="P6"/><text:h text:style-name="P1" text:outline-level="2"><text:bookmark text:name="__RefHeading___Toc1347_1052241590"/><text:a xlink:type="simple" xlink:href="http://mysword.info/b?r=1Ti_1:1-11" text:style-name="Internet_20_link" text:visited-style-name="Visited_20_Internet_20_Link"><text:span text:style-name="T1">1 TIMÓTEO 1, Vers. 1-11</text:span></text:a></text:h><text:p text:style-name="P6"/><text:p text:style-name="P6"><text:span text:style-name="T1">Vamos ler apenas a primeira Epístola a Timóteo para nos mantermos na sequência de nossos passos na vida do crente. Efésios nos ensinou nossa vocação celestial, e a luta que irá resultar de seguirmos o Senhor nesta posição celestial, enquanto ainda estamos na terra. Primeira Timóteo foi escrita quando tudo estava em ordem nas assembléias, e por isso nos diz (</text:span><text:a xlink:type="simple" xlink:href="http://mysword.info/b?r=1Ti_1:3" text:style-name="Internet_20_link" text:visited-style-name="Visited_20_Internet_20_Link"><text:span text:style-name="T1">vers. 3</text:span></text:a><text:span text:style-name="T1">) que não há lugar para opiniões pessoais; para nenhuma outra doutrina. É triste admitir, mas hoje vemos centenas de denominações, todas reivindicando ter o respaldo da Palavra de Deus para a doutrina que professam. </text:span><text:a xlink:type="simple" xlink:href="http://mysword.info/b?r=Joh_7:17" text:style-name="Internet_20_link" text:visited-style-name="Visited_20_Internet_20_Link"><text:span text:style-name="T1">João 7:17</text:span></text:a><text:span text:style-name="T1"> diz que se alguém quiser mesmo conhecer a vontade de Deus, Deus a revelará a essa pessoa. O problema é que deixamos nossa vontade própria agir. Até Jesus disse, &quot;não se faça a minha vontade, mas a tua&quot;, quando estava orando a Seu Pai. </text:span><text:a xlink:type="simple" xlink:href="http://mysword.info/b?r=Luk_22:42" text:style-name="Internet_20_link" text:visited-style-name="Visited_20_Internet_20_Link"><text:span text:style-name="T1">Lc 22:42</text:span></text:a><text:span text:style-name="T1">.</text:span></text:p><text:p text:style-name="P6"/><text:p text:style-name="P7">Efésios e 1 Timóteo nos mostram a única igreja de Deus (a igreja de Deus é formada por todos os crentes no Senhor Jesus Cristo sobre a Terra), em sua condição perfeita como o próprio Deus a vê.</text:p><text:p text:style-name="P6"/><text:p text:style-name="P6"><text:a xlink:type="simple" xlink:href="http://mysword.info/b?r=1Ti_1:3-4" text:style-name="Internet_20_link" text:visited-style-name="Visited_20_Internet_20_Link"><text:span text:style-name="T1">1Tm 1:3-4</text:span></text:a><text:span text:style-name="T1"> Paulo encoraja Timóteo a permanecer em Éfeso, pois aqueles que estavam em Éfeso haviam recebido uma maravilhosa revelação da verdade (Epístola aos Efésios). Timóteo é aconselhado a ser fiel em permanecer pela verdade e em admoestar aqueles que viessem a se opor a ela. Não havia lugar para nenhuma opinião pessoal!</text:span></text:p><text:p text:style-name="P6"/><text:p text:style-name="P6"><text:a xlink:type="simple" xlink:href="http://mysword.info/b?r=1Ti_1:4" text:style-name="Internet_20_link" text:visited-style-name="Visited_20_Internet_20_Link"><text:span text:style-name="T1">1Tm 1:4</text:span></text:a><text:span text:style-name="T1"> Nosso coração pode ser tomado por &quot;fábulas&quot; ao invés da verdade, se não formos cuidadosos.</text:span></text:p><text:p text:style-name="P6"/><text:p text:style-name="P6"><text:a xlink:type="simple" xlink:href="http://mysword.info/b?r=1Ti_1:7" text:style-name="Internet_20_link" text:visited-style-name="Visited_20_Internet_20_Link"><text:span text:style-name="T1">1Tm 1:7</text:span></text:a><text:span text:style-name="T1"> Uma forma dos crentes se desviarem da verdade de Deus é voltarem à lei. É fácil fazer isso, pois é algo que nos dá algum crédito, mas o Senhor Jesus é quem deve ter todo o crédito.</text:span></text:p><text:p text:style-name="P6"/><text:p text:style-name="P6"><text:a xlink:type="simple" xlink:href="http://mysword.info/b?r=1Ti_1:7-11" text:style-name="Internet_20_link" text:visited-style-name="Visited_20_Internet_20_Link"><text:span text:style-name="T1">1Tm 1:7-11</text:span></text:a><text:span text:style-name="T1"> A lei nunca teve o propósito de trazer salvação, mas de mostrar o quão culpado o homem era perante um Deus santo.</text:span></text:p><text:p text:style-name="P6"/><text:h text:style-name="P2" text:outline-level="2"><text:bookmark text:name="__RefHeading___Toc1349_1052241590"/>#390</text:h><text:p text:style-name="P6"/><text:p text:style-name="P7">Nosso conflito tem dois objetivos... 1) Nos fazer desfrutar de nossos privilégios... 2) Ajudar-nos a libertar o povo de Deus que foi colocado sob o poder de Satanás por meio de sua própria infidelidade.</text:p><text:p text:style-name="P6"/><text:h text:style-name="P1" text:outline-level="2"><text:bookmark text:name="__RefHeading___Toc1351_1052241590"/><text:a xlink:type="simple" xlink:href="http://mysword.info/b?r=1Ti_1:12-20" text:style-name="Internet_20_link" text:visited-style-name="Visited_20_Internet_20_Link"><text:span text:style-name="T1">1 TIMÓTEO 1, Vers. 12-20</text:span></text:a></text:h><text:p text:style-name="P6"/><text:p text:style-name="P7">Paulo certamente assume um lugar de humilhação. Ele entende que é só pela graça do Senhor que havia recebido poder para entrar naquela obra. Três coisas que ele havia sido antes de ser salvo. Ele fez o que fez em ignorância e incredulidade.</text:p><text:p text:style-name="P6"/><text:p text:style-name="P6"><text:a xlink:type="simple" xlink:href="http://mysword.info/b?r=1Ti_1:14-15" text:style-name="Internet_20_link" text:visited-style-name="Visited_20_Internet_20_Link"><text:span text:style-name="T1">1Tm 1:14-15</text:span></text:a><text:span text:style-name="T1"> No </text:span><text:a xlink:type="simple" xlink:href="http://mysword.info/b?r=1Ti_1:13" text:style-name="Internet_20_link" text:visited-style-name="Visited_20_Internet_20_Link"><text:span text:style-name="T1">versículo 13</text:span></text:a><text:span text:style-name="T1"> ele havia recebido &quot;misericórdia&quot; (isso aconteceu quando ainda não estava salvo) mas aqui lemos de &quot;graça&quot;, &quot;fé&quot; e &quot;amor&quot; quando ele fora salvo. &quot;Misericórdia&quot; é para nós quando ainda estávamos mortos, &quot;graça&quot; para quando estamos vivos em Cristo. Ele era o principal dos pecadores. (Paulo, antes de sua conversão, fora um homem de excelente moral - veja </text:span><text:a xlink:type="simple" xlink:href="http://mysword.info/b?r=Php_3:6" text:style-name="Internet_20_link" text:visited-style-name="Visited_20_Internet_20_Link"><text:span text:style-name="T1">Fp 3:6</text:span></text:a><text:span text:style-name="T1">), mas ele havia odiado a Cristo, o que o tornara o pior dos pecadores.</text:span></text:p><text:p text:style-name="P6"/><text:p text:style-name="P6"><text:a xlink:type="simple" xlink:href="http://mysword.info/b?r=1Ti_1:16" text:style-name="Internet_20_link" text:visited-style-name="Visited_20_Internet_20_Link"><text:span text:style-name="T1">1Tm 1:16</text:span></text:a><text:span text:style-name="T1"> Paulo, um exemplo da graça de Deus para todos os demais.</text:span></text:p><text:p text:style-name="P6"/><text:p text:style-name="P6"><text:a xlink:type="simple" xlink:href="http://mysword.info/b?r=1Ti_1:18-20" text:style-name="Internet_20_link" text:visited-style-name="Visited_20_Internet_20_Link"><text:span text:style-name="T1">1Tm 1:18-20</text:span></text:a><text:span text:style-name="T1"> &quot;Este mandamento&quot; refere-se ao </text:span><text:a xlink:type="simple" xlink:href="http://mysword.info/b?r=1Ti_1:3" text:style-name="Internet_20_link" text:visited-style-name="Visited_20_Internet_20_Link"><text:span text:style-name="T1">versículo 3</text:span></text:a><text:span text:style-name="T1">. E Timóteo é encorajado a guardar a fé e uma boa consciência - o que todos necessitamos.</text:span></text:p><text:p text:style-name="P6"/><text:h text:style-name="P2" text:outline-level="2"><text:bookmark text:name="__RefHeading___Toc1353_1052241590"/>#391</text:h><text:p text:style-name="P6"/><text:p text:style-name="P7">A purificação vem pelo peneirar.</text:p><text:p text:style-name="P6"/><text:h text:style-name="P1" text:outline-level="2"><text:bookmark text:name="__RefHeading___Toc1355_1052241590"/><text:a xlink:type="simple" xlink:href="http://mysword.info/b?r=1Ti_2" text:style-name="Internet_20_link" text:visited-style-name="Visited_20_Internet_20_Link"><text:span text:style-name="T1">1 TIMÓTEO 2</text:span></text:a></text:h><text:p text:style-name="P6"/><text:p text:style-name="P6"><text:a xlink:type="simple" xlink:href="http://mysword.info/b?r=1Ti_2:1-2" text:style-name="Internet_20_link" text:visited-style-name="Visited_20_Internet_20_Link"><text:span text:style-name="T1">1Tm 2:1-2</text:span></text:a><text:span text:style-name="T1"> Lembre-se destes versículos numa época como hoje. Devemos orar pelos &quot;reis&quot; (aqueles que estão em posição de autoridade em todos os países), para o povo que se encontra em todo lugar. O propósito de nossa oração é que o povo de Deus possa viver em toda piedade e honestidade.</text:span></text:p><text:p text:style-name="P6"/><text:p text:style-name="P6"><text:a xlink:type="simple" xlink:href="http://mysword.info/b?r=1Ti_2:4" text:style-name="Internet_20_link" text:visited-style-name="Visited_20_Internet_20_Link"><text:span text:style-name="T1">1Tm 2:4</text:span></text:a><text:span text:style-name="T1"> Deus deseja, não apenas que os homens possam ser salvos, mas chegarem ao conhecimento da verdade. Possamos nós, que somos crentes, obedecer Sua Palavra para podermos alcançar tal conhecimento. Seu desejo é que todos os crentes possam crescer no conhecimento da verdade; é quase como ser salvo de uma nova maneira. Não negligencie a segunda parte destas duas.</text:span></text:p><text:p text:style-name="P6"/><text:p text:style-name="P6"><text:a xlink:type="simple" xlink:href="http://mysword.info/b?r=1Ti_2:5" text:style-name="Internet_20_link" text:visited-style-name="Visited_20_Internet_20_Link"><text:span text:style-name="T1">1Tm 2:5</text:span></text:a><text:span text:style-name="T1"> Apesar do que os outros possam ensinar, é algo falso e sem valor orar a Maria ou aos santos - pois só existe um Mediador entre Deus e os homens.</text:span></text:p><text:p text:style-name="P6"/><text:p text:style-name="P6"><text:a xlink:type="simple" xlink:href="http://mysword.info/b?r=1Ti_2:8" text:style-name="Internet_20_link" text:visited-style-name="Visited_20_Internet_20_Link"><text:span text:style-name="T1">1Tm 2:8</text:span></text:a><text:span text:style-name="T1"> Podemos orar em qualquer lugar, &quot;mãos santas&quot; devem nos lembrar de que nossa vida deve ser limpa e pura se desejamos que Deus responda nossas orações. Não deve haver ira ou dúvida em nosso coração.</text:span></text:p><text:p text:style-name="P6"/><text:p text:style-name="P6"><text:a xlink:type="simple" xlink:href="http://mysword.info/b?r=1Ti_2:9" text:style-name="Internet_20_link" text:visited-style-name="Visited_20_Internet_20_Link"><text:span text:style-name="T1">1Tm 2:9</text:span></text:a><text:span text:style-name="T1"> A vestimenta adequada às mulheres não é descrita, mas é dito que seja modesto. Lembremo-nos disto, pois há uma falta de modéstia nas vestes femininas entre os incrédulos. O enfeite também deve ser um de boas obras, não de aparência exterior.</text:span></text:p><text:p text:style-name="P6"/><text:p text:style-name="P6"><text:a xlink:type="simple" xlink:href="http://mysword.info/b?r=1Ti_2:12" text:style-name="Internet_20_link" text:visited-style-name="Visited_20_Internet_20_Link"><text:span text:style-name="T1">1Tm 2:12</text:span></text:a><text:span text:style-name="T1"> Estas são as instruções de Deus, e não as ideias de Paulo. Uma mulher não deve ensinar um homem, nem estar em um emprego onde seja patrão do homem. Isto se aplica às coisas comuns da vida tanto quanto às coisas espirituais.</text:span></text:p><text:p text:style-name="P6"/><text:p text:style-name="P6"><text:a xlink:type="simple" xlink:href="http://mysword.info/b?r=1Ti_2:15" text:style-name="Internet_20_link" text:visited-style-name="Visited_20_Internet_20_Link"><text:span text:style-name="T1">1Tm 2:15</text:span></text:a><text:span text:style-name="T1"> </text:span><text:a xlink:type="simple" xlink:href="http://mysword.info/b?r=Gen_3:16" text:style-name="Internet_20_link" text:visited-style-name="Visited_20_Internet_20_Link"><text:span text:style-name="T1">Gênesis 3:16</text:span></text:a><text:span text:style-name="T1"> mostra a tristeza que caiu sobre Eva e seus descendentes por causa do seu pecado. A mulher crente deve se lembrar do pecado de Eva, e portar-se em piedade e agradecer a Deus por esta promessa.</text:span></text:p><text:p text:style-name="P6"/><text:h text:style-name="P2" text:outline-level="2"><text:bookmark text:name="__RefHeading___Toc1357_1052241590"/>#392</text:h><text:p text:style-name="P6"/><text:p text:style-name="P7">Deus parece achar mais difícil esvaziar um vaso do que enchê-lo.</text:p><text:p text:style-name="P6"/><text:h text:style-name="P1" text:outline-level="2"><text:bookmark text:name="__RefHeading___Toc1359_1052241590"/><text:a xlink:type="simple" xlink:href="http://mysword.info/b?r=1Ti_3" text:style-name="Internet_20_link" text:visited-style-name="Visited_20_Internet_20_Link"><text:span text:style-name="T1">1 TIMÓTEO 3</text:span></text:a></text:h><text:p text:style-name="P6"/><text:p text:style-name="P6"><text:a xlink:type="simple" xlink:href="http://mysword.info/b?r=1Ti_3:1" text:style-name="Internet_20_link" text:visited-style-name="Visited_20_Internet_20_Link"><text:span text:style-name="T1">1Tm 3:1</text:span></text:a><text:span text:style-name="T1"> &quot;O episcopado&quot; significava ser um pastor ou superintendente entre o povo de Deus. Hoje não se trata de uma posição oficial porque não existem apóstolos ou seus delegados para os escolher. Em segundo lugar, devemos lembrar que esses homens eram anciãos apenas na assembléia local. E, em terceiro lugar, havia sempre mais de um em cada local (ou assembléia). Por que alguém almejaria tal ofício? Certamente não por alguma honra para si, mas por amar o povo de Deus, e desejar ser de auxílio para ele.</text:span></text:p><text:p text:style-name="P6"/><text:p text:style-name="P6"><text:a xlink:type="simple" xlink:href="http://mysword.info/b?r=1Ti_3:2-7" text:style-name="Internet_20_link" text:visited-style-name="Visited_20_Internet_20_Link"><text:span text:style-name="T1">1Tm 3:2-7</text:span></text:a><text:span text:style-name="T1"> Timóteo é lembrado de que se uma pessoa fosse um presbítero entre o povo de Deus, sua vida devia ser sem ofença.</text:span></text:p><text:p text:style-name="P6"/><text:p text:style-name="P6"><text:a xlink:type="simple" xlink:href="http://mysword.info/b?r=1Ti_3:8-13" text:style-name="Internet_20_link" text:visited-style-name="Visited_20_Internet_20_Link"><text:span text:style-name="T1">1Tm 3:8-13</text:span></text:a><text:span text:style-name="T1"> Embora essa posição oficial já não exista mais, possamos cada um de nós ter o desejo de encorajar outros crentes. Havia também homens que cuidavam das necessidades materiais daqueles que estavam na assembléia. Eles tinham que ser honestos e fiéis na distribuição do que era oferecido ao Senhor, para os necessitados. (Um exemplo do </text:span><text:a xlink:type="simple" xlink:href="http://mysword.info/b?r=1Ti_3:13" text:style-name="Internet_20_link" text:visited-style-name="Visited_20_Internet_20_Link"><text:span text:style-name="T1">vers. 13</text:span></text:a><text:span text:style-name="T1"> é Estêvão - </text:span><text:a xlink:type="simple" xlink:href="http://mysword.info/b?r=Act_6:5" text:style-name="Internet_20_link" text:visited-style-name="Visited_20_Internet_20_Link"><text:span text:style-name="T1">Atos 6:5</text:span></text:a><text:span text:style-name="T1">).</text:span></text:p><text:p text:style-name="P6"/><text:p text:style-name="P6"><text:a xlink:type="simple" xlink:href="http://mysword.info/b?r=1Ti_3:15" text:style-name="Internet_20_link" text:visited-style-name="Visited_20_Internet_20_Link"><text:span text:style-name="T1">1Tm 3:15</text:span></text:a><text:span text:style-name="T1"> A assembléia é: - primeiro, a casa de Deus. Deus habita nela - </text:span><text:a xlink:type="simple" xlink:href="http://mysword.info/b?r=Eph_2:22" text:style-name="Internet_20_link" text:visited-style-name="Visited_20_Internet_20_Link"><text:span text:style-name="T1">Ef 2:22</text:span></text:a><text:span text:style-name="T1">. Segundo - a igreja do Deus vivo. É dEle! E Ele vive! Não acrescentemos a isso coisa alguma, como nomes de homens que estão mortos, nem o nome de alguma doutrina. Terceiro - é a coluna e firmeza da verdade.</text:span></text:p><text:p text:style-name="P6"/><text:p text:style-name="P6"><text:a xlink:type="simple" xlink:href="http://mysword.info/b?r=1Ti_3:16" text:style-name="Internet_20_link" text:visited-style-name="Visited_20_Internet_20_Link"><text:span text:style-name="T1">1Tm 3:16</text:span></text:a><text:span text:style-name="T1"> O segredo da piedade é Cristo. Sigamos Seu perfeito exemplo... disso resultará verdadeira piedade.</text:span></text:p><text:p text:style-name="P6"/><text:h text:style-name="P2" text:outline-level="2"><text:bookmark text:name="__RefHeading___Toc1361_1052241590"/>#393</text:h><text:p text:style-name="P6"/><text:p text:style-name="P7">O coração é, pelas provas, separado para Deus por graça.</text:p><text:p text:style-name="P6"/><text:h text:style-name="P1" text:outline-level="2"><text:bookmark text:name="__RefHeading___Toc1363_1052241590"/><text:a xlink:type="simple" xlink:href="http://mysword.info/b?r=1Ti_4" text:style-name="Internet_20_link" text:visited-style-name="Visited_20_Internet_20_Link"><text:span text:style-name="T1">1 TIMÓTEO 4</text:span></text:a></text:h><text:p text:style-name="P6"/><text:p text:style-name="P6"><text:a xlink:type="simple" xlink:href="http://mysword.info/b?r=1Ti_4:1" text:style-name="Internet_20_link" text:visited-style-name="Visited_20_Internet_20_Link"><text:span text:style-name="T1">1Tm 4:1</text:span></text:a><text:span text:style-name="T1"> Sabemos que estamos nos &quot;últimos tempos&quot; porque aqueles que uma vez professaram a fé, e foram considerados Cristãos, estão abandonando a fé. Ouvimos de homens nos púlpitos hoje que afirmam ser homens Cristãos, mas que negam a fé. Provavelmente o maior perigo entre os crentes hoje é abandonar a autoridade absoluta da Palavra de Deus.</text:span></text:p><text:p text:style-name="P6"/><text:p text:style-name="P6"><text:a xlink:type="simple" xlink:href="http://mysword.info/b?r=1Ti_4:3" text:style-name="Internet_20_link" text:visited-style-name="Visited_20_Internet_20_Link"><text:span text:style-name="T1">1Tm 4:3</text:span></text:a><text:span text:style-name="T1"> Estejamos alertas contra qualquer ensino que não esteja de acordo com a Palavra de Deus, mesmo que pareça ser muito piedoso e religioso.</text:span></text:p><text:p text:style-name="P6"/><text:p text:style-name="P6"><text:a xlink:type="simple" xlink:href="http://mysword.info/b?r=1Ti_4:6" text:style-name="Internet_20_link" text:visited-style-name="Visited_20_Internet_20_Link"><text:span text:style-name="T1">1Tm 4:6</text:span></text:a><text:span text:style-name="T1"> Três vezes, daqui até o final do capítulo, é mencionada a &quot;doutrina&quot;. Para sermos capazes de detectar falsa doutrina (a palavra quer dizer &quot;o que é ensinado&quot;) precisamos estar bem familiarizados com a &quot;sã doutrina&quot;. Quanto mais você viver a verdade que você conhece, mais você será capaz de detectar o erro.</text:span></text:p><text:p text:style-name="P6"/><text:p text:style-name="P6"><text:a xlink:type="simple" xlink:href="http://mysword.info/b?r=1Ti_4:8" text:style-name="Internet_20_link" text:visited-style-name="Visited_20_Internet_20_Link"><text:span text:style-name="T1">1Tm 4:8</text:span></text:a><text:span text:style-name="T1"> O exercício físico é proveitoso somente para um breve tempo. Mas a piedade é proveitosa em para todas as coisas, aqui e para a eternidade. Sem dúvida Paulo fazia muito exercício físico em seu interminável trabalho para o Senhor e para o Seu povo!</text:span></text:p><text:p text:style-name="P6"/><text:p text:style-name="P6"/><text:p text:style-name="P6"><text:a xlink:type="simple" xlink:href="http://mysword.info/b?r=1Ti_4:10" text:style-name="Internet_20_link" text:visited-style-name="Visited_20_Internet_20_Link"><text:span text:style-name="T1">1Tm 4:10</text:span></text:a><text:span text:style-name="T1"> No versículo a palavra &quot;Salvador&quot; não significa Salvador dos pecados, mas sim &quot;Preservador&quot; ou Aquele que dá e mantém a vida.</text:span></text:p><text:p text:style-name="P6"/><text:p text:style-name="P6"><text:a xlink:type="simple" xlink:href="http://mysword.info/b?r=1Ti_4:12" text:style-name="Internet_20_link" text:visited-style-name="Visited_20_Internet_20_Link"><text:span text:style-name="T1">1Tm 4:12</text:span></text:a><text:span text:style-name="T1"> Timóteo é instruído a se comportar de modo não ser desprezado... isto ocorreria se a sua conduta estivesse em conformidade com aquilo que ele estava ensinando.</text:span></text:p><text:p text:style-name="P6"/><text:p text:style-name="P6"><text:a xlink:type="simple" xlink:href="http://mysword.info/b?r=1Ti_4:13-16" text:style-name="Internet_20_link" text:visited-style-name="Visited_20_Internet_20_Link"><text:span text:style-name="T1">1Tm 4:13-16</text:span></text:a><text:span text:style-name="T1"> Sejamos diligentes em lermos e meditarmos; primeiro para nossa própria necessidade e depois para ajudarmos os outros.</text:span></text:p><text:p text:style-name="P6"/><text:h text:style-name="P2" text:outline-level="2"><text:bookmark text:name="__RefHeading___Toc1365_1052241590"/>#394</text:h><text:p text:style-name="P6"/><text:p text:style-name="P6"><text:span text:style-name="T1">Todo o conhecimento de Deus deve fluir de revelação, pois o homem por sua própria sabedoria não conhece a Deus. </text:span><text:a xlink:type="simple" xlink:href="http://mysword.info/b?r=1Co_1:21" text:style-name="Internet_20_link" text:visited-style-name="Visited_20_Internet_20_Link"><text:span text:style-name="T1">1 Co 1:21</text:span></text:a><text:span text:style-name="T1">.</text:span></text:p><text:p text:style-name="P6"/><text:h text:style-name="P1" text:outline-level="2"><text:bookmark text:name="__RefHeading___Toc1367_1052241590"/><text:a xlink:type="simple" xlink:href="http://mysword.info/b?r=1Ti_5" text:style-name="Internet_20_link" text:visited-style-name="Visited_20_Internet_20_Link"><text:span text:style-name="T1">1 TIMÓTEO 5</text:span></text:a></text:h><text:p text:style-name="P6"/><text:p text:style-name="P7">A Bíblia não é apenas um livro de doutrinas, mas está cheia da mais prática instrução. Seria uma maldade pensar em fingir sermos sãos em doutrina e descuidados em nosso comportamento.</text:p><text:p text:style-name="P6"/><text:p text:style-name="P6"><text:a xlink:type="simple" xlink:href="http://mysword.info/b?r=1Ti_5:1" text:style-name="Internet_20_link" text:visited-style-name="Visited_20_Internet_20_Link"><text:span text:style-name="T1">1Tm 5:1</text:span></text:a><text:span text:style-name="T1"> Timóteo era um jovem, e devia se lembrar disso em suas atitudes para com os outros. Aqueles que são jovens devem agradecer ao Senhor pelos crentes mais velhos. E aqueles que são mais velhos devem se lembrar de que os jovens serão encorajados se puderem ver um exemplo piedoso na vida das pessoas mais velhas.</text:span></text:p><text:p text:style-name="P6"/><text:p text:style-name="P6"><text:a xlink:type="simple" xlink:href="http://mysword.info/b?r=1Ti_5:3-16" text:style-name="Internet_20_link" text:visited-style-name="Visited_20_Internet_20_Link"><text:span text:style-name="T1">1Tm 5:3-16</text:span></text:a><text:span text:style-name="T1"> A responsabilidade da assembléia para com as viúvas. Alguns deles estavam em necessidade, e deviam ser auxiliados financeiramente pela assembléia. Algumas, depois de perderem o marido, não reconheciam que Deus tinha algo para ensinar-lhes. Se agissem como no </text:span><text:a xlink:type="simple" xlink:href="http://mysword.info/b?r=1Ti_5:13" text:style-name="Internet_20_link" text:visited-style-name="Visited_20_Internet_20_Link"><text:span text:style-name="T1">versículo 13</text:span></text:a><text:span text:style-name="T1">, seria uma triste evidência de que lhes faltava dependência no Senhor.</text:span></text:p><text:p text:style-name="P6"/><text:p text:style-name="P6"><text:a xlink:type="simple" xlink:href="http://mysword.info/b?r=1Ti_5:14" text:style-name="Internet_20_link" text:visited-style-name="Visited_20_Internet_20_Link"><text:span text:style-name="T1">1Tm 5:14</text:span></text:a><text:span text:style-name="T1"> Lembremo-nos de que em nossos dias de tanta imoralidade e rebelião contra Deus, este ainda é o propósito do matrimônio.</text:span></text:p><text:p text:style-name="P6"/><text:p text:style-name="P6"><text:a xlink:type="simple" xlink:href="http://mysword.info/b?r=1Ti_5:22" text:style-name="Internet_20_link" text:visited-style-name="Visited_20_Internet_20_Link"><text:span text:style-name="T1">1Tm 5:22</text:span></text:a><text:span text:style-name="T1"> Não devemos fazer muito alvoroço por um novo convertido. Devemos agir com cautela.</text:span></text:p><text:p text:style-name="P6"/><text:p text:style-name="P6"><text:a xlink:type="simple" xlink:href="http://mysword.info/b?r=1Ti_5:24" text:style-name="Internet_20_link" text:visited-style-name="Visited_20_Internet_20_Link"><text:span text:style-name="T1">1Tm 5:24</text:span></text:a><text:span text:style-name="T1"> Todas as vidas serão revisadas. Alguns crentes viveram vidas abertamente ímpias, e outros vidas aparentemente corretas, mas Deus irá revelar tudo. Assim como acontece com crentes... as coisas boas que fazem podem não ser conhecidas de outros agora. Mas elas serão reveladas mais tarde pelo Senhor.</text:span></text:p><text:p text:style-name="P6"/><text:h text:style-name="P2" text:outline-level="2"><text:bookmark text:name="__RefHeading___Toc1369_1052241590"/>#395</text:h><text:p text:style-name="P6"/><text:p text:style-name="P7">Podemos chorar com Ele agora... mas nos regozijaremos com Ele para sempre.</text:p><text:p text:style-name="P6"/><text:h text:style-name="P1" text:outline-level="2"><text:bookmark text:name="__RefHeading___Toc1371_1052241590"/><text:a xlink:type="simple" xlink:href="http://mysword.info/b?r=1Ti_6" text:style-name="Internet_20_link" text:visited-style-name="Visited_20_Internet_20_Link"><text:span text:style-name="T1">1 TIMÓTEO 6</text:span></text:a></text:h><text:p text:style-name="P6"/><text:p text:style-name="P6"><text:a xlink:type="simple" xlink:href="http://mysword.info/b?r=1Ti_6:1" text:style-name="Internet_20_link" text:visited-style-name="Visited_20_Internet_20_Link"><text:span text:style-name="T1">1Tm 6:1</text:span></text:a><text:span text:style-name="T1"> Nosso comportamento para com nosso empregador deve ser tal que ele venha a querer escutar o evangelho. Se professamos conhecer o Senhor e não obedecemos a nosso patrão, ele zombará do nome de Deus por nossa causa.</text:span></text:p><text:p text:style-name="P6"/><text:p text:style-name="P6"><text:a xlink:type="simple" xlink:href="http://mysword.info/b?r=1Ti_6:2" text:style-name="Internet_20_link" text:visited-style-name="Visited_20_Internet_20_Link"><text:span text:style-name="T1">1Tm 6:2</text:span></text:a><text:span text:style-name="T1"> E se trabalhamos para um empregador crente, sejamos igualmente fiéis em nosso trabalho. O Senhor toma nota dessas coisas!</text:span></text:p><text:p text:style-name="P6"/><text:p text:style-name="P6"><text:a xlink:type="simple" xlink:href="http://mysword.info/b?r=1Ti_6:6" text:style-name="Internet_20_link" text:visited-style-name="Visited_20_Internet_20_Link"><text:span text:style-name="T1">1Tm 6:6</text:span></text:a><text:span text:style-name="T1"> O que significa &quot;grande ganho&quot; para você? Deus nos diz o que deve significar.</text:span></text:p><text:p text:style-name="P6"/><text:p text:style-name="P6"><text:a xlink:type="simple" xlink:href="http://mysword.info/b?r=1Ti_6:8" text:style-name="Internet_20_link" text:visited-style-name="Visited_20_Internet_20_Link"><text:span text:style-name="T1">1Tm 6:8</text:span></text:a><text:span text:style-name="T1"> Outra vez &quot;contente&quot;. Algo tão raro nos dias de hoje; as pessoas fazem greves porque não estão contentes.</text:span></text:p><text:p text:style-name="P6"/><text:p text:style-name="P6"><text:soft-page-break/><text:a xlink:type="simple" xlink:href="http://mysword.info/b?r=1Ti_6:9-10" text:style-name="Internet_20_link" text:visited-style-name="Visited_20_Internet_20_Link"><text:span text:style-name="T1">1Tm 6:9-10</text:span></text:a><text:span text:style-name="T1"> Palavras necessárias para nós hoje. Os crentes possuem riquezas que lhes não podem ser tiradas.</text:span></text:p><text:p text:style-name="P6"/><text:p text:style-name="P6"><text:a xlink:type="simple" xlink:href="http://mysword.info/b?r=1Ti_6:11-12" text:style-name="Internet_20_link" text:visited-style-name="Visited_20_Internet_20_Link"><text:span text:style-name="T1">1Tm 6:11-12</text:span></text:a><text:span text:style-name="T1"> Timóteo é instruído a &quot;fugir&quot;, a &quot;seguir&quot; e a &quot;lutar&quot;. Ele deve fugir do espírito de cobiça que é natural a todos nós. Ele deve seguir as maravilhosas qualidades apresentadas aqui. Ele deve combater o bom combate da fé. Timóteo havia aprendido o quão rico era nas coisas espirituais; ele deveria se apegar a essas coisas.</text:span></text:p><text:p text:style-name="P6"/><text:p text:style-name="P6"><text:a xlink:type="simple" xlink:href="http://mysword.info/b?r=1Ti_6:13-16" text:style-name="Internet_20_link" text:visited-style-name="Visited_20_Internet_20_Link"><text:span text:style-name="T1">1Tm 6:13-16</text:span></text:a><text:span text:style-name="T1"> Nós que conhecemos o Senhor Jesus devemos nos lembrar da majestade que Lhe pertence. Que grande tolice deixarmos de representar Alguém assim, para sermos levados pelas honras passageiras da riqueza deste mundo.</text:span></text:p><text:p text:style-name="P6"/></text:section></office:text></office:body></office:document-content>